ISO-10303-21;
HEADER;
FILE_DESCRIPTION (( 'STEP AP214' ),
    '1' );
FILE_NAME ('ПР-1000 (в сборе с заливкой).STEP',
    '2026-09-16T12:03:50',
    ( '' ),
    ( '' ),
    'SwSTEP 2.0',
    'SolidWorks 2021',
    '' );
FILE_SCHEMA (( 'AUTOMOTIVE_DESIGN' ));
ENDSEC;

DATA;
#1 = DIRECTION ( 'NONE',  ( -0.000000000000000000, 1.000000000000000000, -0.000000000000000000 ) ) ;
#2 = VERTEX_POINT ( 'NONE', #779 ) ;
#3 = EDGE_CURVE ( 'NONE', #1503, #97, #91, .T. ) ;
#4 = CARTESIAN_POINT ( 'NONE',  ( -22.49934510300025181, 4.009733267510126709, -0.1967616308416620663 ) ) ;
#5 = DIRECTION ( 'NONE',  ( -0.000000000000000000, 1.000000000000000000, -0.000000000000000000 ) ) ;
#6 = FACE_OUTER_BOUND ( 'NONE', #1724, .T. ) ;
#7 = ORIENTED_EDGE ( 'NONE', *, *, #1780, .F. ) ;
#8 = DIRECTION ( 'NONE',  ( 0.000000000000000000, 0.000000000000000000, 1.000000000000000000 ) ) ;
#9 = ORIENTED_EDGE ( 'NONE', *, *, #2417, .T. ) ;
#10 = CIRCLE ( 'NONE', #822, 20.49999999999998224 ) ;
#11 = FACE_OUTER_BOUND ( 'NONE', #1452, .T. ) ;
#12 = AXIS2_PLACEMENT_3D ( 'NONE', #2389, #714, #490 ) ;
#13 = DIRECTION ( 'NONE',  ( -0.000000000000000000, -1.000000000000000000, -0.000000000000000000 ) ) ;
#14 = DIRECTION ( 'NONE',  ( -0.000000000000000000, 1.000000000000000000, -0.000000000000000000 ) ) ;
#15 = ORIENTED_EDGE ( 'NONE', *, *, #2621, .F. ) ;
#16 = CARTESIAN_POINT ( 'NONE',  ( -22.45960241532143442, 4.835182244207316238, -1.348213496027207858 ) ) ;
#17 = ORIENTED_EDGE ( 'NONE', *, *, #2238, .F. ) ;
#18 = CARTESIAN_POINT ( 'NONE',  ( 0.000000000000000000, 17.00000000000000000, 0.000000000000000000 ) ) ;
#19 = EDGE_CURVE ( 'NONE', #2498, #2511, #1215, .T. ) ;
#20 = DIRECTION ( 'NONE',  ( -0.000000000000000000, -1.000000000000000000, -0.000000000000000000 ) ) ;
#21 = ADVANCED_FACE ( 'NONE', ( #526 ), #246, .T. ) ;
#22 = CARTESIAN_POINT ( 'NONE',  ( 0.000000000000000000, 0.000000000000000000, 0.000000000000000000 ) ) ;
#23 = ORIENTED_EDGE ( 'NONE', *, *, #823, .T. ) ;
#24 = AXIS2_PLACEMENT_3D ( 'NONE', #2555, #2042, #2057 ) ;
#25 = DIRECTION ( 'NONE',  ( 0.000000000000000000, 0.000000000000000000, -1.000000000000000000 ) ) ;
#26 = VECTOR ( 'NONE', #1337, 1000.000000000000000 ) ;
#27 = VERTEX_POINT ( 'NONE', #1018 ) ;
#28 = CIRCLE ( 'NONE', #1281, 6.500000000000007105 ) ;
#29 = DIRECTION ( 'NONE',  ( 0.000000000000000000, 0.000000000000000000, -1.000000000000000000 ) ) ;
#30 = ORIENTED_EDGE ( 'NONE', *, *, #2136, .T. ) ;
#31 = CIRCLE ( 'NONE', #2010, 5.500000000000000000 ) ;
#32 = CIRCLE ( 'NONE', #1716, 14.49999999999999822 ) ;
#33 = CARTESIAN_POINT ( 'NONE',  ( 0.000000000000000000, -2.000000000000002220, 0.000000000000000000 ) ) ;
#34 = DIRECTION ( 'NONE',  ( -0.000000000000000000, 1.000000000000000000, -0.000000000000000000 ) ) ;
#35 = FACE_BOUND ( 'NONE', #71, .T. ) ;
#36 = AXIS2_PLACEMENT_3D ( 'NONE', #1536, #1311, #1097 ) ;
#37 = CARTESIAN_POINT ( 'NONE',  ( 6.999999999999992006, 9.999999999999994671, -12.12435565298214790 ) ) ;
#38 = EDGE_LOOP ( 'NONE', ( #2340, #2813, #1493, #505 ) ) ;
#39 = AXIS2_PLACEMENT_3D ( 'NONE', #1899, #1149, #1191 ) ;
#40 = ADVANCED_FACE ( 'NONE', ( #1713 ), #959, .T. ) ;
#41 = ORIENTED_EDGE ( 'NONE', *, *, #2937, .F. ) ;
#42 = ORIENTED_EDGE ( 'NONE', *, *, #2318, .F. ) ;
#43 = DIRECTION ( 'NONE',  ( 0.000000000000000000, 0.000000000000000000, -1.000000000000000000 ) ) ;
#44 = PRODUCT_DEFINITION_CONTEXT ( 'detailed design', #804, 'design' ) ;
#45 = CARTESIAN_POINT ( 'NONE',  ( 0.000000000000000000, 11.00000000000000000, 0.000000000000000000 ) ) ;
#46 = CARTESIAN_POINT ( 'NONE',  ( 0.000000000000000000, -37.00000000000000000, 0.000000000000000000 ) ) ;
#47 = SURFACE_STYLE_FILL_AREA ( #2073 ) ;
#48 = VERTEX_POINT ( 'NONE', #1670 ) ;
#49 = SURFACE_STYLE_USAGE ( .BOTH. , #2806 ) ;
#50 = CIRCLE ( 'NONE', #908, 5.500000000000000000 ) ;
#51 = EDGE_LOOP ( 'NONE', ( #2964, #405, #2081, #103 ) ) ;
#52 = DIRECTION ( 'NONE',  ( 0.000000000000000000, 0.000000000000000000, 1.000000000000000000 ) ) ;
#53 = CARTESIAN_POINT ( 'NONE',  ( 0.000000000000000000, -2.000000000000002220, 11.50000000000000000 ) ) ;
#54 = CARTESIAN_POINT ( 'NONE',  ( 14.00000000000000000, 10.00000000000001776, -5.500000000000001776 ) ) ;
#55 = ORIENTED_EDGE ( 'NONE', *, *, #2554, .T. ) ;
#56 = ORIENTED_EDGE ( 'NONE', *, *, #641, .F. ) ;
#57 = DIRECTION ( 'NONE',  ( 0.000000000000000000, 0.000000000000000000, -1.000000000000000000 ) ) ;
#58 = EDGE_CURVE ( 'NONE', #494, #485, #631, .T. ) ;
#59 = DIRECTION ( 'NONE',  ( 8.659560562354941486E-17, -0.7071067811865469066, 0.7071067811865482389 ) ) ;
#60 = DIRECTION ( 'NONE',  ( 0.000000000000000000, 0.000000000000000000, -1.000000000000000000 ) ) ;
#61 = CARTESIAN_POINT ( 'NONE',  ( 0.000000000000000000, -30.99999999999999289, 0.000000000000000000 ) ) ;
#62 = ORIENTED_EDGE ( 'NONE', *, *, #1255, .T. ) ;
#63 = VECTOR ( 'NONE', #2576, 1000.000000000000000 ) ;
#64 = DIRECTION ( 'NONE',  ( -0.000000000000000000, -1.000000000000000000, -0.000000000000000000 ) ) ;
#65 = ORIENTED_EDGE ( 'NONE', *, *, #938, .F. ) ;
#66 = VECTOR ( 'NONE', #951, 999.9999999999998863 ) ;
#67 = FACE_OUTER_BOUND ( 'NONE', #2858, .T. ) ;
#68 = DIRECTION ( 'NONE',  ( -0.000000000000000000, -1.000000000000000000, -0.000000000000000000 ) ) ;
#69 =( NAMED_UNIT ( * ) SI_UNIT ( $, .STERADIAN. ) SOLID_ANGLE_UNIT ( ) );
#70 = DIRECTION ( 'NONE',  ( 0.000000000000000000, 0.000000000000000000, 1.000000000000000000 ) ) ;
#71 = EDGE_LOOP ( 'NONE', ( #2280, #2871 ) ) ;
#72 = ORIENTED_EDGE ( 'NONE', *, *, #1529, .F. ) ;
#73 = CARTESIAN_POINT ( 'NONE',  ( -22.45266335725486684, 5.893289739335021871, -1.460657413883144073 ) ) ;
#74 = CARTESIAN_POINT ( 'NONE',  ( 14.00000000000000000, 0.000000000000000000, 0.000000000000000000 ) ) ;
#75 = CIRCLE ( 'NONE', #1029, 25.99999999999999645 ) ;
#76 = ADVANCED_FACE ( 'NONE', ( #2181 ), #2865, .F. ) ;
#77 = ORIENTED_EDGE ( 'NONE', *, *, #1163, .F. ) ;
#78 = CARTESIAN_POINT ( 'NONE',  ( -6.999999999999997335, 7.000000000000000888, 12.12435565298214435 ) ) ;
#79 = ADVANCED_FACE ( 'NONE', ( #285 ), #1898, .F. ) ;
#80 = CIRCLE ( 'NONE', #747, 3.000000000000002220 ) ;
#81 = ORIENTED_EDGE ( 'NONE', *, *, #1201, .T. ) ;
#82 = DIRECTION ( 'NONE',  ( 0.000000000000000000, 0.000000000000000000, 1.000000000000000000 ) ) ;
#83 = DIRECTION ( 'NONE',  ( 0.000000000000000000, -0.000000000000000000, -1.000000000000000000 ) ) ;
#84 = AXIS2_PLACEMENT_3D ( 'NONE', #2285, #647, #1549 ) ;
#85 = DIRECTION ( 'NONE',  ( 0.000000000000000000, 1.000000000000000000, 0.000000000000000000 ) ) ;
#86 = VERTEX_POINT ( 'NONE', #2835 ) ;
#87 = CIRCLE ( 'NONE', #1040, 26.00000000000000000 ) ;
#88 = TOROIDAL_SURFACE ( 'NONE', #1762, 28.99999999999998934, 3.000000000000001332 ) ;
#89 = VERTEX_POINT ( 'NONE', #1916 ) ;
#90 = CARTESIAN_POINT ( 'NONE',  ( 0.000000000000000000, 10.00000000000001599, 0.000000000000000000 ) ) ;
#91 = LINE ( 'NONE', #764, #1988 ) ;
#92 = DIRECTION ( 'NONE',  ( 0.000000000000000000, 0.000000000000000000, -1.000000000000000000 ) ) ;
#93 = ORIENTED_EDGE ( 'NONE', *, *, #642, .T. ) ;
#94 = DIRECTION ( 'NONE',  ( -0.000000000000000000, 1.000000000000000000, -0.000000000000000000 ) ) ;
#95 = EDGE_CURVE ( 'NONE', #2098, #1209, #1307, .T. ) ;
#96 = CARTESIAN_POINT ( 'NONE',  ( 0.000000000000000000, 0.000000000000000000, -20.50000000000000000 ) ) ;
#97 = VERTEX_POINT ( 'NONE', #2425 ) ;
#98 = CARTESIAN_POINT ( 'NONE',  ( -25.96743728098359227, 6.251297220066092564, 1.301988624455474364 ) ) ;
#99 = ORIENTED_EDGE ( 'NONE', *, *, #2056, .T. ) ;
#100 = DIRECTION ( 'NONE',  ( 0.000000000000000000, 1.000000000000000000, 0.000000000000000000 ) ) ;
#101 = DIRECTION ( 'NONE',  ( -0.000000000000000000, 1.000000000000000000, -0.000000000000000000 ) ) ;
#102 = FILL_AREA_STYLE ('',( #1253 ) ) ;
#103 = ORIENTED_EDGE ( 'NONE', *, *, #2899, .F. ) ;
#104 = CLOSED_SHELL ( 'NONE', ( #971, #1240, #2952, #2861, #2374, #2257, #2645, #177, #369, #2393, #1883, #1272, #400, #202, #2444, #79, #877, #2821, #259, #404, #2745, #2607, #1481, #2654, #1329, #76, #2707, #40, #2203, #1925, #604, #573, #281, #1804, #1308, #1047, #2857, #2513, #2376, #2187, #1841, #282, #2360, #1564, #426, #1178, #2276, #315, #195, #881, #2979, #2704, #1583, #813, #2655, #2478, #1924, #619, #759, #1427, #2016, #156, #190, #1901 ) ) ;
#105 = LINE ( 'NONE', #1021, #171 ) ;
#106 = ORIENTED_EDGE ( 'NONE', *, *, #1654, .F. ) ;
#107 = CARTESIAN_POINT ( 'NONE',  ( 2.520770051028797809E-15, 11.00000000000000000, 20.50000000000000000 ) ) ;
#108 = AXIS2_PLACEMENT_3D ( 'NONE', #2490, #2294, #2265 ) ;
#109 = VECTOR ( 'NONE', #1455, 1000.000000000000114 ) ;
#110 = ADVANCED_FACE ( 'NONE', ( #1205 ), #538, .T. ) ;
#111 = EDGE_CURVE ( 'NONE', #1588, #2440, #2756, .T. ) ;
#112 = CARTESIAN_POINT ( 'NONE',  ( -25.95942073264332706, 5.888228113238710648, 1.452184388058208819 ) ) ;
#113 = ORIENTED_EDGE ( 'NONE', *, *, #642, .F. ) ;
#114 = EDGE_CURVE ( 'NONE', #2164, #2218, #2431, .T. ) ;
#115 = DIRECTION ( 'NONE',  ( 0.000000000000000000, 0.000000000000000000, 1.000000000000000000 ) ) ;
#116 = CARTESIAN_POINT ( 'NONE',  ( 14.00000000000000000, 11.00000000000000000, -6.499999999999984901 ) ) ;
#117 = DIRECTION ( 'NONE',  ( 0.000000000000000000, 1.000000000000000000, 0.000000000000000000 ) ) ;
#118 = SURFACE_STYLE_USAGE ( .BOTH. , #960 ) ;
#119 = VERTEX_POINT ( 'NONE', #1932 ) ;
#120 = DIRECTION ( 'NONE',  ( 0.000000000000000000, 0.000000000000000000, 1.000000000000000000 ) ) ;
#121 = EDGE_LOOP ( 'NONE', ( #1530, #1828, #1981, #181 ) ) ;
#122 = DIRECTION ( 'NONE',  ( 0.000000000000000000, 0.000000000000000000, -1.000000000000000000 ) ) ;
#123 = AXIS2_PLACEMENT_3D ( 'NONE', #1826, #1316, #178 ) ;
#124 = CARTESIAN_POINT ( 'NONE',  ( -25.95669470483482399, 5.500000000000001776, -1.500000000000000222 ) ) ;
#125 = CARTESIAN_POINT ( 'NONE',  ( 6.999999999999992006, 11.00000000000000000, -12.12435565298214790 ) ) ;
#126 = AXIS2_PLACEMENT_3D ( 'NONE', #1369, #1573, #875 ) ;
#127 = PRODUCT_RELATED_PRODUCT_CATEGORY ( 'part', '', ( #1928 ) ) ;
#128 = DIRECTION ( 'NONE',  ( -0.000000000000000000, 1.000000000000000000, -0.000000000000000000 ) ) ;
#129 = ORIENTED_EDGE ( 'NONE', *, *, #1323, .F. ) ;
#130 = AXIS2_PLACEMENT_3D ( 'NONE', #2757, #1608, #43 ) ;
#131 = AXIS2_PLACEMENT_3D ( 'NONE', #78, #1687, #2870 ) ;
#132 = EDGE_CURVE ( 'NONE', #1019, #502, #446, .T. ) ;
#133 = CARTESIAN_POINT ( 'NONE',  ( 17.75352077758099867, 0.000000000000000000, 10.24999999999999645 ) ) ;
#134 = EDGE_LOOP ( 'NONE', ( #880, #1633, #460, #2643 ) ) ;
#135 = DIRECTION ( 'NONE',  ( 0.000000000000000000, 1.000000000000000000, 0.000000000000000000 ) ) ;
#136 = EDGE_LOOP ( 'NONE', ( #2843, #2184 ) ) ;
#137 = LINE ( 'NONE', #600, #1139 ) ;
#138 = DIRECTION ( 'NONE',  ( 0.000000000000000000, 0.000000000000000000, -1.000000000000000000 ) ) ;
#139 = CARTESIAN_POINT ( 'NONE',  ( 6.999999999999992006, 7.000000000000000888, -18.62435565298215678 ) ) ;
#140 = CARTESIAN_POINT ( 'NONE',  ( 17.75352077758099867, 0.000000000000000000, 10.24999999999999645 ) ) ;
#141 = VERTEX_POINT ( 'NONE', #2924 ) ;
#142 = CARTESIAN_POINT ( 'NONE',  ( 0.000000000000000000, 17.00000000000000000, 28.99999999999999289 ) ) ;
#143 = APPLICATION_PROTOCOL_DEFINITION ( 'draft international standard', 'automotive_design', 1998, #1363 ) ;
#144 = VERTEX_POINT ( 'NONE', #820 ) ;
#145 = EDGE_CURVE ( 'NONE', #2408, #196, #2331, .T. ) ;
#146 = FACE_OUTER_BOUND ( 'NONE', #645, .T. ) ;
#147 = CYLINDRICAL_SURFACE ( 'NONE', #2415, 29.99999999999999289 ) ;
#148 = EDGE_LOOP ( 'NONE', ( #1986, #821, #709, #2851 ) ) ;
#149 = CARTESIAN_POINT ( 'NONE',  ( 0.000000000000000000, 25.00000000000000355, 0.000000000000000000 ) ) ;
#150 = AXIS2_PLACEMENT_3D ( 'NONE', #2434, #564, #1015 ) ;
#151 = CARTESIAN_POINT ( 'NONE',  ( 14.00000000000000000, 7.000000000000000888, -6.499999999999984901 ) ) ;
#152 = STYLED_ITEM ( 'NONE', ( #1791 ), #593 ) ;
#153 = DIRECTION ( 'NONE',  ( 0.000000000000000000, 0.000000000000000000, 1.000000000000000000 ) ) ;
#154 = CARTESIAN_POINT ( 'NONE',  ( 6.999999999999992006, 0.000000000000000000, -12.12435565298214790 ) ) ;
#155 = ORIENTED_EDGE ( 'NONE', *, *, #535, .F. ) ;
#156 = ADVANCED_FACE ( 'NONE', ( #385 ), #917, .F. ) ;
#157 = CARTESIAN_POINT ( 'NONE',  ( 0.000000000000000000, 11.00000000000000000, -20.50000000000000000 ) ) ;
#158 = ORIENTED_EDGE ( 'NONE', *, *, #1999, .F. ) ;
#159 = AXIS2_PLACEMENT_3D ( 'NONE', #96, #545, #2465 ) ;
#160 = EDGE_CURVE ( 'NONE', #1870, #1004, #392, .T. ) ;
#161 = DIRECTION ( 'NONE',  ( -0.000000000000000000, 1.000000000000000000, -0.000000000000000000 ) ) ;
#162 = CIRCLE ( 'NONE', #461, 3.000000000000000888 ) ;
#163 = LINE ( 'NONE', #651, #2105 ) ;
#164 = VECTOR ( 'NONE', #1211, 1000.000000000000114 ) ;
#165 = DIRECTION ( 'NONE',  ( -0.000000000000000000, 1.000000000000000000, -0.000000000000000000 ) ) ;
#166 = VERTEX_POINT ( 'NONE', #1738 ) ;
#167 = CIRCLE ( 'NONE', #2451, 5.999999999999998224 ) ;
#168 = CARTESIAN_POINT ( 'NONE',  ( -6.999999999999997335, 10.00000000000001599, 12.12435565298214435 ) ) ;
#169 = DIRECTION ( 'NONE',  ( 0.000000000000000000, 0.000000000000000000, 1.000000000000000000 ) ) ;
#170 = ORIENTED_EDGE ( 'NONE', *, *, #1405, .F. ) ;
#171 = VECTOR ( 'NONE', #2427, 1000.000000000000000 ) ;
#172 = CARTESIAN_POINT ( 'NONE',  ( -14.00000000000000000, 7.999999999999994671, -5.499999999999998224 ) ) ;
#173 = CIRCLE ( 'NONE', #1093, 6.499999999999984901 ) ;
#174 = DIRECTION ( 'NONE',  ( 0.000000000000000000, 0.000000000000000000, 1.000000000000000000 ) ) ;
#175 = ORIENTED_EDGE ( 'NONE', *, *, #2659, .T. ) ;
#176 = CARTESIAN_POINT ( 'NONE',  ( 7.000000000000000888, 10.00000000000001599, 12.12435565298214080 ) ) ;
#177 = ADVANCED_FACE ( 'NONE', ( #2907 ), #1643, .F. ) ;
#178 = DIRECTION ( 'NONE',  ( 0.000000000000000000, 0.000000000000000000, 1.000000000000000000 ) ) ;
#179 = EDGE_CURVE ( 'NONE', #89, #744, #1303, .T. ) ;
#180 = SURFACE_SIDE_STYLE ('',( #620 ) ) ;
#181 = ORIENTED_EDGE ( 'NONE', *, *, #1065, .F. ) ;
#182 = DIRECTION ( 'NONE',  ( 0.000000000000000000, -0.7071067811865506814, -0.7071067811865443531 ) ) ;
#183 = DIRECTION ( 'NONE',  ( 0.000000000000000000, 1.000000000000000000, 0.000000000000000000 ) ) ;
#184 = DIRECTION ( 'NONE',  ( -0.000000000000000000, -1.000000000000000000, -0.000000000000000000 ) ) ;
#185 = DIRECTION ( 'NONE',  ( 0.000000000000000000, 0.000000000000000000, 1.000000000000000000 ) ) ;
#186 = ORIENTED_EDGE ( 'NONE', *, *, #2462, .F. ) ;
#187 = DIRECTION ( 'NONE',  ( 0.000000000000000000, -1.000000000000000000, -0.000000000000000000 ) ) ;
#188 = DIRECTION ( 'NONE',  ( 0.000000000000000000, 1.000000000000000000, 0.000000000000000000 ) ) ;
#189 = EDGE_LOOP ( 'NONE', ( #41, #2623, #654, #1230 ) ) ;
#190 = ADVANCED_FACE ( 'NONE', ( #927 ), #1044, .T. ) ;
#191 = DIRECTION ( 'NONE',  ( 0.000000000000000000, 0.000000000000000000, -1.000000000000000000 ) ) ;
#192 = LINE ( 'NONE', #1086, #2977 ) ;
#193 = DIRECTION ( 'NONE',  ( 0.000000000000000000, 0.000000000000000000, 1.000000000000000000 ) ) ;
#194 = DIRECTION ( 'NONE',  ( 0.000000000000000000, 1.000000000000000000, 0.000000000000000000 ) ) ;
#195 = ADVANCED_FACE ( 'NONE', ( #1517 ), #2231, .F. ) ;
#196 = VERTEX_POINT ( 'NONE', #2474 ) ;
#197 = AXIS2_PLACEMENT_3D ( 'NONE', #2020, #1319, #1031 ) ;
#198 = EDGE_CURVE ( 'NONE', #512, #1875, #2948, .T. ) ;
#199 = LINE ( 'NONE', #672, #1283 ) ;
#200 = CARTESIAN_POINT ( 'NONE',  ( -25.95669470483482399, 5.500000000000001776, -1.500000000000000222 ) ) ;
#201 = CONICAL_SURFACE ( 'NONE', #2473, 5.036831094338717563, 0.8244733813000826306 ) ;
#202 = ADVANCED_FACE ( 'NONE', ( #1074 ), #2040, .F. ) ;
#203 = CYLINDRICAL_SURFACE ( 'NONE', #1412, 0.7999999999999986011 ) ;
#204 = DIRECTION ( 'NONE',  ( -0.5992144856567952482, 0.000000000000000000, -0.8005885336295186505 ) ) ;
#205 = CIRCLE ( 'NONE', #1894, 0.7999999999999986011 ) ;
#206 = VERTEX_POINT ( 'NONE', #1767 ) ;
#207 = DIRECTION ( 'NONE',  ( 0.000000000000000000, 0.000000000000000000, 1.000000000000000000 ) ) ;
#208 = DIRECTION ( 'NONE',  ( 0.000000000000000000, 0.000000000000000000, -1.000000000000000000 ) ) ;
#209 = ORIENTED_EDGE ( 'NONE', *, *, #2749, .F. ) ;
#210 = CARTESIAN_POINT ( 'NONE',  ( -6.999999999999996447, 7.999999999999994671, 6.624355652982144349 ) ) ;
#211 = FACE_BOUND ( 'NONE', #781, .T. ) ;
#212 = ORIENTED_EDGE ( 'NONE', *, *, #2136, .F. ) ;
#213 = DIRECTION ( 'NONE',  ( -0.000000000000000000, 1.000000000000000000, -0.000000000000000000 ) ) ;
#214 = CARTESIAN_POINT ( 'NONE',  ( 3.673940397442057896E-16, 22.00000000000000711, -2.999999999999998224 ) ) ;
#215 = VECTOR ( 'NONE', #2072, 999.9999999999998863 ) ;
#216 = ORIENTED_EDGE ( 'NONE', *, *, #993, .F. ) ;
#217 = AXIS2_PLACEMENT_3D ( 'NONE', #1352, #2489, #2277 ) ;
#218 = CARTESIAN_POINT ( 'NONE',  ( -7.000000000000006217, 9.999999999999994671, -6.624355652982139020 ) ) ;
#219 = PRODUCT_DEFINITION ( 'UNKNOWN', '', #1499, #1218 ) ;
#220 = DIRECTION ( 'NONE',  ( 0.000000000000000000, 0.000000000000000000, 1.000000000000000000 ) ) ;
#221 = CIRCLE ( 'NONE', #2106, 5.500000000000000000 ) ;
#222 = ORIENTED_EDGE ( 'NONE', *, *, #681, .T. ) ;
#223 = DIRECTION ( 'NONE',  ( 0.000000000000000000, 0.000000000000000000, 1.000000000000000000 ) ) ;
#224 = EDGE_CURVE ( 'NONE', #2070, #242, #1114, .T. ) ;
#225 = LINE ( 'NONE', #469, #1232 ) ;
#226 =( NAMED_UNIT ( * ) SI_UNIT ( $, .STERADIAN. ) SOLID_ANGLE_UNIT ( ) );
#227 = AXIS2_PLACEMENT_3D ( 'NONE', #2863, #1708, #2151 ) ;
#228 = ORIENTED_EDGE ( 'NONE', *, *, #1511, .T. ) ;
#229 = CARTESIAN_POINT ( 'NONE',  ( -22.44994432064364887, 5.402129994656291068, -1.500000000000000222 ) ) ;
#230 = CARTESIAN_POINT ( 'NONE',  ( -14.00000000000000000, 10.00000000000001599, 1.734723475976807094E-15 ) ) ;
#231 = DIRECTION ( 'NONE',  ( -0.000000000000000000, 1.000000000000000000, -0.000000000000000000 ) ) ;
#232 = EDGE_LOOP ( 'NONE', ( #334, #42 ) ) ;
#233 = DIRECTION ( 'NONE',  ( 0.000000000000000000, 0.000000000000000000, -1.000000000000000000 ) ) ;
#234 = ORIENTED_EDGE ( 'NONE', *, *, #1839, .F. ) ;
#235 = CARTESIAN_POINT ( 'NONE',  ( 6.999999999999992006, 9.999999999999994671, -12.12435565298214790 ) ) ;
#236 = CARTESIAN_POINT ( 'NONE',  ( 0.000000000000000000, 24.20257101886294748, -5.036831094338717563 ) ) ;
#237 = CARTESIAN_POINT ( 'NONE',  ( -25.95904356297360138, 5.106925473453632236, -1.460702890073812377 ) ) ;
#238 = EDGE_CURVE ( 'NONE', #1335, #2671, #1278, .T. ) ;
#239 = EDGE_CURVE ( 'NONE', #2140, #1420, #1504, .T. ) ;
#240 = ORIENTED_EDGE ( 'NONE', *, *, #1958, .F. ) ;
#241 = DIRECTION ( 'NONE',  ( 8.659560562354895880E-17, -0.7071067811865506814, 0.7071067811865443531 ) ) ;
#242 = VERTEX_POINT ( 'NONE', #142 ) ;
#243 = CARTESIAN_POINT ( 'NONE',  ( -6.999999999999997335, 11.00000000000000000, 18.62435565298212836 ) ) ;
#244 = DIRECTION ( 'NONE',  ( -1.000000000000000000, 0.000000000000000000, 0.000000000000000000 ) ) ;
#245 = EDGE_LOOP ( 'NONE', ( #234, #2703 ) ) ;
#246 = TOROIDAL_SURFACE ( 'NONE', #2661, 20.49999999999998934, 5.999999999999996447 ) ;
#247 = DIRECTION ( 'NONE',  ( -0.000000000000000000, 1.000000000000000000, -0.000000000000000000 ) ) ;
#248 = ORIENTED_EDGE ( 'NONE', *, *, #1244, .T. ) ;
#249 = AXIS2_PLACEMENT_3D ( 'NONE', #1043, #577, #1502 ) ;
#250 = CARTESIAN_POINT ( 'NONE',  ( 0.000000000000000000, -30.99999999999999289, 14.49999999999998934 ) ) ;
#251 = AXIS2_PLACEMENT_3D ( 'NONE', #22, #2373, #1891 ) ;
#252 = CARTESIAN_POINT ( 'NONE',  ( -6.999999999999996447, 11.00000000000000000, 5.624355652982158560 ) ) ;
#253 = DIRECTION ( 'NONE',  ( 0.000000000000000000, 0.000000000000000000, 1.000000000000000000 ) ) ;
#254 = VERTEX_POINT ( 'NONE', #2694 ) ;
#255 = CARTESIAN_POINT ( 'NONE',  ( -22.45059904814923257, 5.303547604104066338, 1.490290953164367549 ) ) ;
#256 = ORIENTED_EDGE ( 'NONE', *, *, #1105, .F. ) ;
#257 = DIRECTION ( 'NONE',  ( 0.000000000000000000, -1.000000000000000000, -0.000000000000000000 ) ) ;
#258 = CARTESIAN_POINT ( 'NONE',  ( 0.000000000000000000, 17.00000000000000000, -3.000000000000002220 ) ) ;
#259 = ADVANCED_FACE ( 'NONE', ( #1057 ), #1965, .F. ) ;
#260 = LINE ( 'NONE', #1212, #63 ) ;
#261 = ORIENTED_EDGE ( 'NONE', *, *, #145, .T. ) ;
#262 = AXIS2_PLACEMENT_3D ( 'NONE', #45, #2180, #1698 ) ;
#263 = ORIENTED_EDGE ( 'NONE', *, *, #1545, .T. ) ;
#264 = CIRCLE ( 'NONE', #316, 31.99999999999998579 ) ;
#265 = EDGE_LOOP ( 'NONE', ( #1006, #2794, #2563, #578 ) ) ;
#266 = DIRECTION ( 'NONE',  ( -0.000000000000000000, 1.000000000000000000, -0.000000000000000000 ) ) ;
#267 = CIRCLE ( 'NONE', #2491, 6.499999999999984901 ) ;
#268 = CARTESIAN_POINT ( 'NONE',  ( -6.999999999999997335, 7.000000000000000888, 12.12435565298214435 ) ) ;
#269 = DIRECTION ( 'NONE',  ( 0.000000000000000000, 1.000000000000000000, 0.000000000000000000 ) ) ;
#270 = ORIENTED_EDGE ( 'NONE', *, *, #1823, .F. ) ;
#271 = VECTOR ( 'NONE', #2240, 1000.000000000000000 ) ;
#272 = CONICAL_SURFACE ( 'NONE', #994, 6.499999999999984901, 0.7853981633974439491 ) ;
#273 = CARTESIAN_POINT ( 'NONE',  ( -22.48805594140246811, 4.189162369509535466, -0.7552524055724904040 ) ) ;
#274 = ORIENTED_EDGE ( 'NONE', *, *, #2090, .T. ) ;
#275 = CYLINDRICAL_SURFACE ( 'NONE', #366, 31.99999999999998579 ) ;
#276 = FACE_OUTER_BOUND ( 'NONE', #1936, .T. ) ;
#277 = VECTOR ( 'NONE', #2630, 1000.000000000000000 ) ;
#278 = DIRECTION ( 'NONE',  ( 0.000000000000000000, 0.000000000000000000, 1.000000000000000000 ) ) ;
#279 = ORIENTED_EDGE ( 'NONE', *, *, #2112, .T. ) ;
#280 = AXIS2_PLACEMENT_3D ( 'NONE', #2760, #269, #253 ) ;
#281 = ADVANCED_FACE ( 'NONE', ( #1542, #1094 ), #861, .T. ) ;
#282 = ADVANCED_FACE ( 'NONE', ( #2651 ), #1505, .F. ) ;
#283 = EDGE_LOOP ( 'NONE', ( #2391, #2710 ) ) ;
#284 = DIRECTION ( 'NONE',  ( 0.000000000000000000, 0.000000000000000000, 1.000000000000000000 ) ) ;
#285 = FACE_OUTER_BOUND ( 'NONE', #1415, .T. ) ;
#286 = FACE_OUTER_BOUND ( 'NONE', #874, .T. ) ;
#287 = ORIENTED_EDGE ( 'NONE', *, *, #1605, .F. ) ;
#288 = ORIENTED_EDGE ( 'NONE', *, *, #1620, .T. ) ;
#289 = CARTESIAN_POINT ( 'NONE',  ( -17.75352077758100222, 7.000000000000000888, -9.449999999999988631 ) ) ;
#290 = DIRECTION ( 'NONE',  ( 0.000000000000000000, -1.000000000000000000, 0.000000000000000000 ) ) ;
#291 = CARTESIAN_POINT ( 'NONE',  ( 14.00000000000000000, 7.999999999999992895, -5.500000000000001776 ) ) ;
#292 = ORIENTED_EDGE ( 'NONE', *, *, #2096, .F. ) ;
#293 = SHAPE_REPRESENTATION ( 'ПР-1000 (в сборе с заливкой)', ( #2029, #2468, #2135, #579 ), #1159 ) ;
#294 = ADVANCED_FACE ( 'NONE', ( #2895 ), #201, .T. ) ;
#295 = ORIENTED_EDGE ( 'NONE', *, *, #1711, .T. ) ;
#296 = DIRECTION ( 'NONE',  ( 0.000000000000000000, 0.000000000000000000, 1.000000000000000000 ) ) ;
#297 = EDGE_CURVE ( 'NONE', #2824, #2313, #2786, .T. ) ;
#298 = DIRECTION ( 'NONE',  ( -0.000000000000000000, -1.000000000000000000, -0.000000000000000000 ) ) ;
#299 = DIRECTION ( 'NONE',  ( 0.000000000000000000, 0.000000000000000000, 1.000000000000000000 ) ) ;
#300 = CIRCLE ( 'NONE', #1116, 0.7999999999999986011 ) ;
#301 = EDGE_LOOP ( 'NONE', ( #920, #2842 ) ) ;
#302 = CARTESIAN_POINT ( 'NONE',  ( 0.000000000000000000, 2.343145750507618530, 0.000000000000000000 ) ) ;
#303 = VERTEX_POINT ( 'NONE', #1339 ) ;
#304 = DIRECTION ( 'NONE',  ( 0.000000000000000000, 0.000000000000000000, 1.000000000000000000 ) ) ;
#305 = DIRECTION ( 'NONE',  ( 0.000000000000000000, 0.000000000000000000, -1.000000000000000000 ) ) ;
#306 = CARTESIAN_POINT ( 'NONE',  ( 0.000000000000000000, 17.79742898113705607, 0.000000000000000000 ) ) ;
#307 = EDGE_LOOP ( 'NONE', ( #1312, #451, #1950, #55 ) ) ;
#308 = PRODUCT_DEFINITION_SHAPE ( 'NONE', 'NONE',  #2993 ) ;
#309 = DIRECTION ( 'NONE',  ( 0.000000000000000000, 0.000000000000000000, 1.000000000000000000 ) ) ;
#310 = CIRCLE ( 'NONE', #2244, 5.500000000000001776 ) ;
#311 = DIRECTION ( 'NONE',  ( 0.000000000000000000, 1.000000000000000000, 0.000000000000000000 ) ) ;
#312 = DIRECTION ( 'NONE',  ( 0.000000000000000000, 0.000000000000000000, 1.000000000000000000 ) ) ;
#313 = AXIS2_PLACEMENT_3D ( 'NONE', #2028, #2503, #2273 ) ;
#314 = VERTEX_POINT ( 'NONE', #2278 ) ;
#315 = ADVANCED_FACE ( 'NONE', ( #1354 ), #203, .F. ) ;
#316 = AXIS2_PLACEMENT_3D ( 'NONE', #818, #2000, #2918 ) ;
#317 = CARTESIAN_POINT ( 'NONE',  ( 0.000000000000000000, 0.000000000000000000, 0.000000000000000000 ) ) ;
#318 = VECTOR ( 'NONE', #2353, 1000.000000000000000 ) ;
#319 = ORIENTED_EDGE ( 'NONE', *, *, #1903, .T. ) ;
#320 = DIRECTION ( 'NONE',  ( 0.000000000000000000, 0.000000000000000000, 1.000000000000000000 ) ) ;
#321 = VECTOR ( 'NONE', #182, 1000.000000000000114 ) ;
#322 = FACE_BOUND ( 'NONE', #493, .T. ) ;
#323 = EDGE_LOOP ( 'NONE', ( #640, #2889, #2526, #1623 ) ) ;
#324 = CIRCLE ( 'NONE', #805, 6.500000000000008882 ) ;
#325 = CARTESIAN_POINT ( 'NONE',  ( -25.98966733311933197, 6.810873978094895698, 0.7548498559461053192 ) ) ;
#326 = AXIS2_PLACEMENT_3D ( 'NONE', #2024, #2930, #208 ) ;
#327 = ORIENTED_EDGE ( 'NONE', *, *, #1447, .T. ) ;
#328 = CARTESIAN_POINT ( 'NONE',  ( -22.49934497928969179, 6.990263956263042644, -0.1966583881830725744 ) ) ;
#329 = DIRECTION ( 'NONE',  ( -0.000000000000000000, -1.000000000000000000, -0.000000000000000000 ) ) ;
#330 = ORIENTED_EDGE ( 'NONE', *, *, #1799, .T. ) ;
#331 = EDGE_CURVE ( 'NONE', #1335, #1056, #1266, .T. ) ;
#332 = EDGE_CURVE ( 'NONE', #1104, #144, #2387, .T. ) ;
#333 = CARTESIAN_POINT ( 'NONE',  ( -17.75352077758099156, 11.00000000000000000, 10.25000000000000888 ) ) ;
#334 = ORIENTED_EDGE ( 'NONE', *, *, #2205, .F. ) ;
#335 = CARTESIAN_POINT ( 'NONE',  ( -22.45263989344279310, 5.892466341838443533, 1.461044396285431146 ) ) ;
#336 = PRODUCT_DEFINITION_SHAPE ( 'NONE', 'NONE',  #219 ) ;
#337 = DIRECTION ( 'NONE',  ( -0.000000000000000000, 1.000000000000000000, -0.000000000000000000 ) ) ;
#338 = CARTESIAN_POINT ( 'NONE',  ( -25.95726073852701177, 5.696421336398530322, 1.490295012216137582 ) ) ;
#339 = CARTESIAN_POINT ( 'NONE',  ( 0.000000000000000000, 5.171572875253809265, 29.99999999999999289 ) ) ;
#340 = ORIENTED_EDGE ( 'NONE', *, *, #622, .F. ) ;
#341 = DIRECTION ( 'NONE',  ( 0.000000000000000000, 0.000000000000000000, -1.000000000000000000 ) ) ;
#342 = B_SPLINE_CURVE_WITH_KNOTS ( 'NONE', 3,
 ( #544, #1258, #335, #1937, #839, #2852, #1732, #2616, #1285, #1467, #1498, #1053 ),
 .UNSPECIFIED., .F., .F.,
 ( 4, 2, 2, 2, 2, 4 ),
 ( 0.007037137761549846354, 0.007623076249353892032, 0.007916045493255915305, 0.008209014737157937711, 0.008794953224961984256, 0.009380891712766030802 ),
 .UNSPECIFIED. ) ;
#343 = DIRECTION ( 'NONE',  ( -0.000000000000000000, 1.000000000000000000, -0.000000000000000000 ) ) ;
#344 = CARTESIAN_POINT ( 'NONE',  ( 0.000000000000000000, 0.000000000000000000, 0.000000000000000000 ) ) ;
#345 = EDGE_LOOP ( 'NONE', ( #2448, #855, #2849, #2464 ) ) ;
#346 = AXIS2_PLACEMENT_3D ( 'NONE', #810, #1750, #2666 ) ;
#347 = CARTESIAN_POINT ( 'NONE',  ( 14.00000000000000000, 0.000000000000000000, -5.500000000000001776 ) ) ;
#348 = EDGE_LOOP ( 'NONE', ( #1929, #1038, #1157, #2774 ) ) ;
#349 = CARTESIAN_POINT ( 'NONE',  ( -14.00000000000000000, 7.999999999999994671, 1.734723475976807094E-15 ) ) ;
#350 = VECTOR ( 'NONE', #1372, 1000.000000000000000 ) ;
#351 = ADVANCED_FACE ( 'NONE', ( #894 ), #435, .T. ) ;
#352 = CARTESIAN_POINT ( 'NONE',  ( 0.000000000000000000, 0.000000000000000000, 0.000000000000000000 ) ) ;
#353 = AXIS2_PLACEMENT_3D ( 'NONE', #2935, #231, #1554 ) ;
#354 = EDGE_CURVE ( 'NONE', #2983, #2290, #2041, .T. ) ;
#355 = CARTESIAN_POINT ( 'NONE',  ( -6.999999999999996447, 10.00000000000001599, 6.624355652982144349 ) ) ;
#356 = CARTESIAN_POINT ( 'NONE',  ( 0.000000000000000000, 5.171572875253809265, 0.000000000000000000 ) ) ;
#357 = ORIENTED_EDGE ( 'NONE', *, *, #2785, .F. ) ;
#358 = CARTESIAN_POINT ( 'NONE',  ( 0.000000000000000000, 13.99999999999999822, 28.99999999999999289 ) ) ;
#359 = SHAPE_REPRESENTATION_RELATIONSHIP ( 'NONE' , 'NONE' ,  #2740, #2783 ) ;
#360 = VERTEX_POINT ( 'NONE', #1864 ) ;
#361 = FACE_OUTER_BOUND ( 'NONE', #585, .T. ) ;
#362 = ORIENTED_EDGE ( 'NONE', *, *, #2500, .T. ) ;
#363 = LINE ( 'NONE', #2744, #2923 ) ;
#364 = CIRCLE ( 'NONE', #2820, 5.500000000000000000 ) ;
#365 = DIRECTION ( 'NONE',  ( 0.000000000000000000, 0.000000000000000000, -1.000000000000000000 ) ) ;
#366 = AXIS2_PLACEMENT_3D ( 'NONE', #756, #2094, #304 ) ;
#367 = DIRECTION ( 'NONE',  ( 0.000000000000000000, 0.000000000000000000, 1.000000000000000000 ) ) ;
#368 = CARTESIAN_POINT ( 'NONE',  ( 14.00000000000000000, 11.00000000000000000, 0.000000000000000000 ) ) ;
#369 = ADVANCED_FACE ( 'NONE', ( #1606 ), #1598, .F. ) ;
#370 = VERTEX_POINT ( 'NONE', #2038 ) ;
#371 = VECTOR ( 'NONE', #2483, 1000.000000000000000 ) ;
#372 = AXIS2_PLACEMENT_3D ( 'NONE', #2958, #1595, #174 ) ;
#373 = CARTESIAN_POINT ( 'NONE',  ( 0.000000000000000000, 24.20257101886294748, 0.000000000000000000 ) ) ;
#374 = EDGE_LOOP ( 'NONE', ( #2715, #2605 ) ) ;
#375 = CARTESIAN_POINT ( 'NONE',  ( 7.000000000000000888, 10.00000000000001599, 12.12435565298214080 ) ) ;
#376 = CARTESIAN_POINT ( 'NONE',  ( 0.000000000000000000, 10.00000000000001599, -26.00000000000000355 ) ) ;
#377 = ORIENTED_EDGE ( 'NONE', *, *, #2788, .F. ) ;
#378 = CARTESIAN_POINT ( 'NONE',  ( 2.510525938252072904E-15, -31.00000000000000000, -20.49999999999998934 ) ) ;
#379 = B_SPLINE_CURVE_WITH_KNOTS ( 'NONE', 3,
 ( #200, #1121, #2967, #1141, #2737, #892, #637, #1943, #2177, #547, #2217, #830, #1261, #1723, #2635, #2228, #605, #325, #2892, #1956, #590, #98, #1488, #1763, #112, #338, #2420, #1746 ),
 .UNSPECIFIED., .F., .F.,
 ( 4, 2, 2, 2, 2, 2, 2, 2, 2, 2, 2, 2, 2, 4 ),
 ( 0.002345863953230089595, 0.002639038883432347476, 0.002932213813634605357, 0.003225388743836863237, 0.003518563674039121118, 0.004104913534443639482, 0.004398088464645897797, 0.004691263394848156978, 0.005277613255252673607, 0.005863963115657190237, 0.006157138045859449418, 0.006450312976061707733, 0.006743487906263966047, 0.007036662836466224362 ),
 .UNSPECIFIED. ) ;
#380 = CARTESIAN_POINT ( 'NONE',  ( 0.000000000000000000, 200.0000000000000000, 0.000000000000000000 ) ) ;
#381 = CARTESIAN_POINT ( 'NONE',  ( -17.75352077758100222, 11.00000000000000000, -11.04999999999998472 ) ) ;
#382 = ORIENTED_EDGE ( 'NONE', *, *, #1900, .F. ) ;
#383 = EDGE_CURVE ( 'NONE', #303, #1970, #2519, .T. ) ;
#384 = PRODUCT_DEFINITION_FORMATION_WITH_SPECIFIED_SOURCE ( 'ANY', '', #2198, .NOT_KNOWN. ) ;
#385 = FACE_OUTER_BOUND ( 'NONE', #967, .T. ) ;
#386 = EDGE_LOOP ( 'NONE', ( #1250, #2269 ) ) ;
#387 = EDGE_CURVE ( 'NONE', #2909, #773, #2853, .T. ) ;
#388 = CARTESIAN_POINT ( 'NONE',  ( -17.75352077758100222, 0.000000000000000000, -10.24999999999998579 ) ) ;
#389 = LINE ( 'NONE', #1111, #2981 ) ;
#390 = ORIENTED_EDGE ( 'NONE', *, *, #2883, .T. ) ;
#391 = CARTESIAN_POINT ( 'NONE',  ( -7.000000000000006217, 0.000000000000000000, -6.624355652982139020 ) ) ;
#392 = CIRCLE ( 'NONE', #1263, 6.499999999999984901 ) ;
#393 = DIRECTION ( 'NONE',  ( 0.000000000000000000, 0.000000000000000000, 1.000000000000000000 ) ) ;
#394 = AXIS2_PLACEMENT_3D ( 'NONE', #1985, #2202, #2879 ) ;
#395 = DIRECTION ( 'NONE',  ( 0.000000000000000000, 0.000000000000000000, 1.000000000000000000 ) ) ;
#396 = CONICAL_SURFACE ( 'NONE', #1314, 5.500000000000000000, 0.7853981633974500554 ) ;
#397 = LINE ( 'NONE', #846, #2808 ) ;
#398 = VERTEX_POINT ( 'NONE', #686 ) ;
#399 = DIRECTION ( 'NONE',  ( -0.000000000000000000, 1.000000000000000000, -0.000000000000000000 ) ) ;
#400 = ADVANCED_FACE ( 'NONE', ( #1124 ), #1737, .F. ) ;
#401 = ORIENTED_EDGE ( 'NONE', *, *, #2765, .F. ) ;
#402 = CARTESIAN_POINT ( 'NONE',  ( 6.999999999999992895, 11.00000000000000000, -18.62435565298215678 ) ) ;
#403 = DIRECTION ( 'NONE',  ( -0.000000000000000000, 1.000000000000000000, -0.000000000000000000 ) ) ;
#404 = ADVANCED_FACE ( 'NONE', ( #940 ), #1108, .F. ) ;
#405 = ORIENTED_EDGE ( 'NONE', *, *, #1779, .F. ) ;
#406 = DIRECTION ( 'NONE',  ( 0.000000000000000000, 0.000000000000000000, -1.000000000000000000 ) ) ;
#407 = VECTOR ( 'NONE', #101, 1000.000000000000000 ) ;
#408 = CARTESIAN_POINT ( 'NONE',  ( 0.000000000000000000, 0.000000000000000000, -3.000000000000000444 ) ) ;
#409 = VECTOR ( 'NONE', #2260, 999.9999999999998863 ) ;
#410 = CARTESIAN_POINT ( 'NONE',  ( 0.000000000000000000, 0.000000000000000000, -22.50000000000000000 ) ) ;
#411 = CIRCLE ( 'NONE', #1184, 5.500000000000000000 ) ;
#412 = CYLINDRICAL_SURFACE ( 'NONE', #1414, 22.50000000000000000 ) ;
#413 = ORIENTED_EDGE ( 'NONE', *, *, #1028, .T. ) ;
#414 = CIRCLE ( 'NONE', #2590, 29.99999999999999289 ) ;
#415 = DIRECTION ( 'NONE',  ( 0.000000000000000000, 0.000000000000000000, 1.000000000000000000 ) ) ;
#416 = AXIS2_PLACEMENT_3D ( 'NONE', #1946, #2797, #2624 ) ;
#417 = DIRECTION ( 'NONE',  ( 0.000000000000000000, 0.000000000000000000, -1.000000000000000000 ) ) ;
#418 =( NAMED_UNIT ( * ) PLANE_ANGLE_UNIT ( ) SI_UNIT ( $, .RADIAN. ) );
#419 = ORIENTED_EDGE ( 'NONE', *, *, #160, .T. ) ;
#420 = VECTOR ( 'NONE', #241, 1000.000000000000114 ) ;
#421 = CARTESIAN_POINT ( 'NONE',  ( -26.00000000000000355, 5.500000000000001776, 0.000000000000000000 ) ) ;
#422 = COLOUR_RGB ( '',0.6470588235294117974, 0.5176470588235293491, 0.000000000000000000 ) ;
#423 = CARTESIAN_POINT ( 'NONE',  ( -25.95669470483482044, 5.500000000000001776, 1.500000000000000222 ) ) ;
#424 = VERTEX_POINT ( 'NONE', #2719 ) ;
#425 = DIRECTION ( 'NONE',  ( 0.000000000000000000, -0.7071067811865506814, -0.7071067811865443531 ) ) ;
#426 = ADVANCED_FACE ( 'NONE', ( #2989 ), #2507, .F. ) ;
#427 = EDGE_CURVE ( 'NONE', #2747, #1758, #1987, .T. ) ;
#428 = CARTESIAN_POINT ( 'NONE',  ( -22.44994432064364531, 5.500000000000001776, 1.500000000000000222 ) ) ;
#429 = DIRECTION ( 'NONE',  ( -0.000000000000000000, -1.000000000000000000, -0.000000000000000000 ) ) ;
#430 = EDGE_CURVE ( 'NONE', #1233, #370, #2433, .T. ) ;
#431 = SURFACE_SIDE_STYLE ('',( #2920 ) ) ;
#432 = ORIENTED_EDGE ( 'NONE', *, *, #823, .F. ) ;
#433 = DIRECTION ( 'NONE',  ( 0.000000000000000000, 0.000000000000000000, 1.000000000000000000 ) ) ;
#434 = CARTESIAN_POINT ( 'NONE',  ( -17.75352077758099156, 7.000000000000000888, 10.25000000000000888 ) ) ;
#435 = PLANE ( 'NONE',  #587 ) ;
#436 = ORIENTED_EDGE ( 'NONE', *, *, #1164, .F. ) ;
#437 = CARTESIAN_POINT ( 'NONE',  ( 7.000000000000000888, 10.00000000000001599, 17.62435565298214257 ) ) ;
#438 = DIRECTION ( 'NONE',  ( 0.000000000000000000, 0.000000000000000000, 1.000000000000000000 ) ) ;
#439 = ORIENTED_EDGE ( 'NONE', *, *, #622, .T. ) ;
#440 = FACE_OUTER_BOUND ( 'NONE', #765, .T. ) ;
#441 = EDGE_CURVE ( 'NONE', #141, #2, #300, .T. ) ;
#442 = DIRECTION ( 'NONE',  ( 0.000000000000000000, 1.000000000000000000, 0.000000000000000000 ) ) ;
#443 = DIRECTION ( 'NONE',  ( 0.000000000000000000, -0.000000000000000000, 1.000000000000000000 ) ) ;
#444 = AXIS2_PLACEMENT_3D ( 'NONE', #368, #2421, #2447 ) ;
#445 = EDGE_LOOP ( 'NONE', ( #2936, #390 ) ) ;
#446 = CIRCLE ( 'NONE', #2230, 0.7999999999999986011 ) ;
#447 = ADVANCED_FACE ( 'NONE', ( #1844 ), #2805, .T. ) ;
#448 = CARTESIAN_POINT ( 'NONE',  ( 2.520770051028797809E-15, 7.000000000000000888, 20.50000000000000000 ) ) ;
#449 = MECHANICAL_DESIGN_GEOMETRIC_PRESENTATION_REPRESENTATION (  '', ( #152 ), #2904 ) ;
#450 = DIRECTION ( 'NONE',  ( 0.000000000000000000, 0.000000000000000000, 1.000000000000000000 ) ) ;
#451 = ORIENTED_EDGE ( 'NONE', *, *, #2606, .F. ) ;
#452 = DIRECTION ( 'NONE',  ( 0.000000000000000000, 0.000000000000000000, 1.000000000000000000 ) ) ;
#453 = CARTESIAN_POINT ( 'NONE',  ( -25.95669470483482399, 5.500000000000001776, -1.500000000000000222 ) ) ;
#454 = ORIENTED_EDGE ( 'NONE', *, *, #1545, .F. ) ;
#455 = DIRECTION ( 'NONE',  ( -0.000000000000000000, -1.000000000000000000, -0.000000000000000000 ) ) ;
#456 = DIRECTION ( 'NONE',  ( 0.000000000000000000, 0.000000000000000000, 1.000000000000000000 ) ) ;
#457 = CARTESIAN_POINT ( 'NONE',  ( -7.000000000000006217, 11.00000000000000000, -12.12435565298213902 ) ) ;
#458 = PLANE ( 'NONE',  #2335 ) ;
#459 = AXIS2_PLACEMENT_3D ( 'NONE', #1062, #786, #2669 ) ;
#460 = ORIENTED_EDGE ( 'NONE', *, *, #2690, .T. ) ;
#461 = AXIS2_PLACEMENT_3D ( 'NONE', #2017, #857, #1539 ) ;
#462 = EDGE_CURVE ( 'NONE', #1098, #2983, #1506, .T. ) ;
#463 = EDGE_CURVE ( 'NONE', #1702, #2541, #1892, .T. ) ;
#464 = DIRECTION ( 'NONE',  ( 0.000000000000000000, 0.000000000000000000, 1.000000000000000000 ) ) ;
#465 = EDGE_LOOP ( 'NONE', ( #507, #2787, #2620, #2011 ) ) ;
#466 = DIRECTION ( 'NONE',  ( -0.000000000000000000, -1.000000000000000000, -0.000000000000000000 ) ) ;
#467 = UNCERTAINTY_MEASURE_WITH_UNIT (LENGTH_MEASURE( 1.000000000000000082E-05 ), #811, 'distance_accuracy_value', 'NONE');
#468 = AXIS2_PLACEMENT_3D ( 'NONE', #1210, #2143, #2825 ) ;
#469 = CARTESIAN_POINT ( 'NONE',  ( -14.00000000000000000, 0.000000000000000000, 5.500000000000001776 ) ) ;
#470 = CARTESIAN_POINT ( 'NONE',  ( 0.000000000000000000, 16.99999999999999645, 0.000000000000000000 ) ) ;
#471 = AXIS2_PLACEMENT_3D ( 'NONE', #661, #1107, #910 ) ;
#472 = ORIENTED_EDGE ( 'NONE', *, *, #331, .F. ) ;
#473 = CARTESIAN_POINT ( 'NONE',  ( -22.47172715909126595, 4.508388701761179895, 1.129722585928134126 ) ) ;
#474 = VERTEX_POINT ( 'NONE', #2622 ) ;
#475 = DIRECTION ( 'NONE',  ( -0.000000000000000000, 1.000000000000000000, -0.000000000000000000 ) ) ;
#476 = DIRECTION ( 'NONE',  ( -0.000000000000000000, -1.000000000000000000, -0.000000000000000000 ) ) ;
#477 = DIRECTION ( 'NONE',  ( 0.000000000000000000, 1.000000000000000000, 0.000000000000000000 ) ) ;
#478 = ORIENTED_EDGE ( 'NONE', *, *, #2971, .T. ) ;
#479 = CARTESIAN_POINT ( 'NONE',  ( -6.999999999999997335, 7.000000000000000888, 12.12435565298214435 ) ) ;
#480 = ORIENTED_EDGE ( 'NONE', *, *, #825, .F. ) ;
#481 = EDGE_CURVE ( 'NONE', #485, #494, #541, .T. ) ;
#482 = CARTESIAN_POINT ( 'NONE',  ( 14.00000000000000000, 11.00000000000000000, 6.499999999999984901 ) ) ;
#483 = LINE ( 'NONE', #926, #1704 ) ;
#484 = CARTESIAN_POINT ( 'NONE',  ( 2.520770051028797809E-15, 7.000000000000000888, 21.30000000000000071 ) ) ;
#485 = VERTEX_POINT ( 'NONE', #607 ) ;
#486 = EDGE_CURVE ( 'NONE', #1262, #2339, #2660, .T. ) ;
#487 = CARTESIAN_POINT ( 'NONE',  ( -22.46841342255266483, 4.585535134582730876, 1.193052047767850343 ) ) ;
#488 = DIRECTION ( 'NONE',  ( -0.000000000000000000, -1.000000000000000000, -0.000000000000000000 ) ) ;
#489 = DIRECTION ( 'NONE',  ( 0.000000000000000000, 0.000000000000000000, 1.000000000000000000 ) ) ;
#490 = DIRECTION ( 'NONE',  ( 0.000000000000000000, 0.000000000000000000, 1.000000000000000000 ) ) ;
#491 = ORIENTED_EDGE ( 'NONE', *, *, #2256, .F. ) ;
#492 = AXIS2_PLACEMENT_3D ( 'NONE', #2627, #1002, #2138 ) ;
#493 = EDGE_LOOP ( 'NONE', ( #660, #1344 ) ) ;
#494 = VERTEX_POINT ( 'NONE', #339 ) ;
#495 = PRODUCT_DEFINITION_CONTEXT ( 'detailed design', #2082, 'design' ) ;
#496 = CARTESIAN_POINT ( 'NONE',  ( 0.000000000000000000, 17.79742898113705607, 0.000000000000000000 ) ) ;
#497 = CONICAL_SURFACE ( 'NONE', #1739, 6.499999999999984901, 0.7853981633974439491 ) ;
#498 = DIRECTION ( 'NONE',  ( -0.000000000000000000, 1.000000000000000000, -0.000000000000000000 ) ) ;
#499 = CARTESIAN_POINT ( 'NONE',  ( -25.95669470483482399, 5.304330980923775307, -1.500000000000000888 ) ) ;
#500 = EDGE_CURVE ( 'NONE', #2440, #1588, #1360, .T. ) ;
#501 = DIRECTION ( 'NONE',  ( -0.000000000000000000, 1.000000000000000000, -0.000000000000000000 ) ) ;
#502 = VERTEX_POINT ( 'NONE', #381 ) ;
#503 = CARTESIAN_POINT ( 'NONE',  ( 0.000000000000000000, 2.343145750507618530, 0.000000000000000000 ) ) ;
#504 = DIRECTION ( 'NONE',  ( 0.000000000000000000, 0.000000000000000000, 1.000000000000000000 ) ) ;
#505 = ORIENTED_EDGE ( 'NONE', *, *, #1620, .F. ) ;
#506 = AXIS2_PLACEMENT_3D ( 'NONE', #1801, #2741, #2772 ) ;
#507 = ORIENTED_EDGE ( 'NONE', *, *, #551, .F. ) ;
#508 = FACE_OUTER_BOUND ( 'NONE', #1975, .T. ) ;
#509 = CIRCLE ( 'NONE', #2919, 5.036831094338717563 ) ;
#510 = AXIS2_PLACEMENT_3D ( 'NONE', #1426, #934, #504 ) ;
#511 = CARTESIAN_POINT ( 'NONE',  ( 7.000000000000001776, 11.00000000000000000, 5.624355652982155895 ) ) ;
#512 = VERTEX_POINT ( 'NONE', #1747 ) ;
#513 = DIRECTION ( 'NONE',  ( 0.000000000000000000, 0.000000000000000000, 1.000000000000000000 ) ) ;
#514 = AXIS2_PLACEMENT_3D ( 'NONE', #2517, #2505, #891 ) ;
#515 = CIRCLE ( 'NONE', #1668, 0.7999999999999986011 ) ;
#516 = ORIENTED_EDGE ( 'NONE', *, *, #332, .F. ) ;
#517 = DIRECTION ( 'NONE',  ( 0.000000000000000000, 0.000000000000000000, 1.000000000000000000 ) ) ;
#518 = EDGE_CURVE ( 'NONE', #2218, #2164, #10, .T. ) ;
#519 = FACE_BOUND ( 'NONE', #2729, .T. ) ;
#520 = AXIS2_PLACEMENT_3D ( 'NONE', #2398, #1243, #92 ) ;
#521 = FACE_OUTER_BOUND ( 'NONE', #1073, .T. ) ;
#522 = EDGE_LOOP ( 'NONE', ( #2320, #2751, #274, #77 ) ) ;
#523 = EDGE_CURVE ( 'NONE', #2313, #1632, #2521, .T. ) ;
#524 = ORIENTED_EDGE ( 'NONE', *, *, #2272, .F. ) ;
#525 = CARTESIAN_POINT ( 'NONE',  ( 0.000000000000000000, 13.99999999999999822, 0.000000000000000000 ) ) ;
#526 = FACE_OUTER_BOUND ( 'NONE', #2586, .T. ) ;
#527 =( NAMED_UNIT ( * ) PLANE_ANGLE_UNIT ( ) SI_UNIT ( $, .RADIAN. ) );
#528 = FACE_OUTER_BOUND ( 'NONE', #1464, .T. ) ;
#529 = ORIENTED_EDGE ( 'NONE', *, *, #238, .T. ) ;
#530 = CARTESIAN_POINT ( 'NONE',  ( -26.00000000000000355, 5.500000000000001776, 0.000000000000000000 ) ) ;
#531 = FACE_OUTER_BOUND ( 'NONE', #189, .T. ) ;
#532 = CARTESIAN_POINT ( 'NONE',  ( -6.999999999999996447, 7.000000000000000888, 18.62435565298212836 ) ) ;
#533 = ORIENTED_EDGE ( 'NONE', *, *, #1941, .T. ) ;
#534 = APPLICATION_CONTEXT ( 'automotive_design' ) ;
#535 = EDGE_CURVE ( 'NONE', #1515, #485, #2523, .T. ) ;
#536 = ORIENTED_EDGE ( 'NONE', *, *, #2785, .T. ) ;
#537 = EDGE_CURVE ( 'NONE', #2511, #1515, #789, .T. ) ;
#538 = TOROIDAL_SURFACE ( 'NONE', #2568, 25.99999999999999645, 5.999999999999994671 ) ;
#539 = DIRECTION ( 'NONE',  ( 0.000000000000000000, 0.000000000000000000, -1.000000000000000000 ) ) ;
#540 = CARTESIAN_POINT ( 'NONE',  ( 0.000000000000000000, 0.000000000000000000, 0.000000000000000000 ) ) ;
#541 = CIRCLE ( 'NONE', #1361, 29.99999999999999289 ) ;
#542 = CARTESIAN_POINT ( 'NONE',  ( -22.50000000000000000, 6.999999999999999112, 0.000000000000000000 ) ) ;
#543 = ORIENTED_EDGE ( 'NONE', *, *, #2533, .T. ) ;
#544 = CARTESIAN_POINT ( 'NONE',  ( -22.44994432064364531, 5.500000000000001776, 1.500000000000000222 ) ) ;
#545 = DIRECTION ( 'NONE',  ( -0.000000000000000000, 1.000000000000000000, -0.000000000000000000 ) ) ;
#546 = EDGE_LOOP ( 'NONE', ( #1895, #1886 ) ) ;
#547 = CARTESIAN_POINT ( 'NONE',  ( -25.98408194049417830, 6.700870557349595025, -0.9204022102710314179 ) ) ;
#548 = EDGE_LOOP ( 'NONE', ( #2324, #2301, #1216, #1893 ) ) ;
#549 = AXIS2_PLACEMENT_3D ( 'NONE', #525, #2119, #778 ) ;
#550 = EDGE_CURVE ( 'NONE', #2498, #761, #591, .T. ) ;
#551 = EDGE_CURVE ( 'NONE', #2848, #2210, #972, .T. ) ;
#552 = LINE ( 'NONE', #1479, #2914 ) ;
#553 = DIRECTION ( 'NONE',  ( -0.000000000000000000, 1.000000000000000000, -0.000000000000000000 ) ) ;
#554 = CIRCLE ( 'NONE', #2488, 5.500000000000000000 ) ;
#555 = VERTEX_POINT ( 'NONE', #1777 ) ;
#556 = AXIS2_PLACEMENT_3D ( 'NONE', #2763, #724, #1840 ) ;
#557 = CYLINDRICAL_SURFACE ( 'NONE', #758, 5.500000000000001776 ) ;
#558 = AXIS2_PLACEMENT_3D ( 'NONE', #235, #2327, #223 ) ;
#559 = ORIENTED_EDGE ( 'NONE', *, *, #1766, .F. ) ;
#560 = DIRECTION ( 'NONE',  ( 8.991238493817422725E-17, -0.6789436981129060023, 0.7341903396209807919 ) ) ;
#561 = FACE_OUTER_BOUND ( 'NONE', #2233, .T. ) ;
#562 = CIRCLE ( 'NONE', #710, 6.499999999999984901 ) ;
#563 = CARTESIAN_POINT ( 'NONE',  ( -14.00000000000000000, 0.000000000000000000, -5.499999999999998224 ) ) ;
#564 = DIRECTION ( 'NONE',  ( -1.000000000000000000, 0.000000000000000000, 0.000000000000000000 ) ) ;
#565 = CIRCLE ( 'NONE', #1973, 22.50000000000000000 ) ;
#566 = ORIENTED_EDGE ( 'NONE', *, *, #860, .T. ) ;
#567 = CARTESIAN_POINT ( 'NONE',  ( 7.000000000000000888, 7.000000000000000888, 12.12435565298214080 ) ) ;
#568 = CARTESIAN_POINT ( 'NONE',  ( 7.000000000000000888, 11.00000000000000000, 12.12435565298214080 ) ) ;
#569 = CARTESIAN_POINT ( 'NONE',  ( -14.00000000000000000, 7.000000000000000888, 1.734723475976807094E-15 ) ) ;
#570 =( LENGTH_UNIT ( ) NAMED_UNIT ( * ) SI_UNIT ( .MILLI., .METRE. ) );
#571 = ORIENTED_EDGE ( 'NONE', *, *, #2798, .F. ) ;
#572 = CARTESIAN_POINT ( 'NONE',  ( 7.000000000000000888, 11.00000000000000000, 12.12435565298214080 ) ) ;
#573 = ADVANCED_FACE ( 'NONE', ( #1383, #2962 ), #458, .F. ) ;
#574 = ORIENTED_EDGE ( 'NONE', *, *, #1495, .F. ) ;
#575 = CARTESIAN_POINT ( 'NONE',  ( 6.168339077527770597E-16, 24.20257101886294748, 5.036831094338717563 ) ) ;
#576 = DIRECTION ( 'NONE',  ( 0.000000000000000000, 1.000000000000000000, 0.000000000000000000 ) ) ;
#577 = DIRECTION ( 'NONE',  ( -0.000000000000000000, 1.000000000000000000, -0.000000000000000000 ) ) ;
#578 = ORIENTED_EDGE ( 'NONE', *, *, #2430, .F. ) ;
#579 = AXIS2_PLACEMENT_3D ( 'NONE', #1768, #169, #2695 ) ;
#580 = CARTESIAN_POINT ( 'NONE',  ( -17.75352077758099156, 0.000000000000000000, 9.450000000000009948 ) ) ;
#581 = PRESENTATION_STYLE_ASSIGNMENT (( #2867 ) ) ;
#582 = VERTEX_POINT ( 'NONE', #1089 ) ;
#583 = AXIS2_PLACEMENT_3D ( 'NONE', #2598, #2381, #299 ) ;
#584 = FACE_OUTER_BOUND ( 'NONE', #900, .T. ) ;
#585 = EDGE_LOOP ( 'NONE', ( #1927, #1170, #1672, #783 ) ) ;
#586 = DIRECTION ( 'NONE',  ( 8.659560562354955045E-17, 0.7071067811865456854, -0.7071067811865493491 ) ) ;
#587 = AXIS2_PLACEMENT_3D ( 'NONE', #700, #2311, #878 ) ;
#588 = EDGE_CURVE ( 'NONE', #1098, #2131, #1217, .T. ) ;
#589 =( GEOMETRIC_REPRESENTATION_CONTEXT ( 3 ) GLOBAL_UNCERTAINTY_ASSIGNED_CONTEXT ( ( #2134 ) ) GLOBAL_UNIT_ASSIGNED_CONTEXT ( ( #1908, #1411, #69 ) ) REPRESENTATION_CONTEXT ( 'NONE', 'WORKASPACE' ) );
#590 = CARTESIAN_POINT ( 'NONE',  ( -25.97266998453544673, 6.414458690510866035, 1.193057917470751406 ) ) ;
#591 = LINE ( 'NONE', #2893, #1991 ) ;
#592 = ORIENTED_EDGE ( 'NONE', *, *, #58, .T. ) ;
#593 = MANIFOLD_SOLID_BREP ( 'Вырез-Вытянуть2', #104 ) ;
#594 = CARTESIAN_POINT ( 'NONE',  ( 7.000000000000000888, 0.000000000000000000, 17.62435565298214257 ) ) ;
#595 = ORIENTED_EDGE ( 'NONE', *, *, #1942, .F. ) ;
#596 = AXIS2_PLACEMENT_3D ( 'NONE', #2480, #2252, #2940 ) ;
#597 = DIRECTION ( 'NONE',  ( -0.000000000000000000, -1.000000000000000000, -0.000000000000000000 ) ) ;
#598 = CARTESIAN_POINT ( 'NONE',  ( 1.592040838891559095E-15, 0.9999999999999983347, -11.50000000000000000 ) ) ;
#599 = EDGE_LOOP ( 'NONE', ( #2699, #2652, #1507, #1284 ) ) ;
#600 = CARTESIAN_POINT ( 'NONE',  ( 0.000000000000000000, 0.000000000000000000, -22.50000000000000000 ) ) ;
#601 = AXIS2_PLACEMENT_3D ( 'NONE', #2365, #794, #1712 ) ;
#602 = CARTESIAN_POINT ( 'NONE',  ( 17.75352077758099867, 0.000000000000000000, 9.449999999999997513 ) ) ;
#603 = AXIS2_PLACEMENT_3D ( 'NONE', #1117, #1332, #2961 ) ;
#604 = ADVANCED_FACE ( 'NONE', ( #1349 ), #412, .F. ) ;
#605 = CARTESIAN_POINT ( 'NONE',  ( -25.99764476496065768, 6.960519026004936549, 0.3937931768654552855 ) ) ;
#606 = AXIS2_PLACEMENT_3D ( 'NONE', #1345, #455, #1822 ) ;
#607 = CARTESIAN_POINT ( 'NONE',  ( 3.796405077356794326E-15, 5.171572875253809265, -29.99999999999999289 ) ) ;
#608 = ORIENTED_EDGE ( 'NONE', *, *, #1799, .F. ) ;
#609 = VECTOR ( 'NONE', #161, 1000.000000000000000 ) ;
#610 = EDGE_CURVE ( 'NONE', #852, #398, #1788, .T. ) ;
#611 = AXIS2_PLACEMENT_3D ( 'NONE', #2416, #995, #1465 ) ;
#612 = DIRECTION ( 'NONE',  ( -0.000000000000000000, 1.000000000000000000, -0.000000000000000000 ) ) ;
#613 = EDGE_LOOP ( 'NONE', ( #2025, #478, #2722 ) ) ;
#614 = CARTESIAN_POINT ( 'NONE',  ( 9.797174393178826150E-17, 7.000000000000000888, -21.30000000000000071 ) ) ;
#615 = CARTESIAN_POINT ( 'NONE',  ( 17.75352077758099156, 7.000000000000000888, -11.05000000000000426 ) ) ;
#616 = EDGE_LOOP ( 'NONE', ( #2947, #2880 ) ) ;
#617 = FACE_BOUND ( 'NONE', #283, .T. ) ;
#618 = LINE ( 'NONE', #904, #1800 ) ;
#619 = ADVANCED_FACE ( 'NONE', ( #1334 ), #396, .F. ) ;
#620 = SURFACE_STYLE_FILL_AREA ( #2030 ) ;
#621 = ORIENTED_EDGE ( 'NONE', *, *, #1421, .F. ) ;
#622 = EDGE_CURVE ( 'NONE', #1787, #955, #397, .T. ) ;
#623 = PRESENTATION_LAYER_ASSIGNMENT (  '', '', ( #1983 ) ) ;
#624 = CARTESIAN_POINT ( 'NONE',  ( -6.999999999999997335, 0.000000000000000000, 12.12435565298214435 ) ) ;
#625 =( LENGTH_UNIT ( ) NAMED_UNIT ( * ) SI_UNIT ( .MILLI., .METRE. ) );
#626 = ORIENTED_EDGE ( 'NONE', *, *, #2223, .T. ) ;
#627 = DIRECTION ( 'NONE',  ( 0.000000000000000000, 1.000000000000000000, 0.000000000000000000 ) ) ;
#628 = CARTESIAN_POINT ( 'NONE',  ( -25.97267643537329462, 4.578559507001007667, -1.199673740495412533 ) ) ;
#629 = ORIENTED_EDGE ( 'NONE', *, *, #1292, .F. ) ;
#630 = LINE ( 'NONE', #391, #2878 ) ;
#631 = CIRCLE ( 'NONE', #2522, 29.99999999999999289 ) ;
#632 = DIRECTION ( 'NONE',  ( 0.000000000000000000, 1.000000000000000000, 0.000000000000000000 ) ) ;
#633 = DIRECTION ( 'NONE',  ( 0.000000000000000000, 0.000000000000000000, -1.000000000000000000 ) ) ;
#634 = CIRCLE ( 'NONE', #1697, 6.500000000000008882 ) ;
#635 = CARTESIAN_POINT ( 'NONE',  ( -22.50000000000000000, 0.000000000000000000, 0.000000000000000000 ) ) ;
#636 = EDGE_LOOP ( 'NONE', ( #2817, #2317, #2357, #571 ) ) ;
#637 = CARTESIAN_POINT ( 'NONE',  ( -25.96747573039365520, 6.252589001439605276, -1.301216014465370829 ) ) ;
#638 = CARTESIAN_POINT ( 'NONE',  ( -14.00000000000000000, 10.00000000000001599, 1.734723475976807094E-15 ) ) ;
#639 = CARTESIAN_POINT ( 'NONE',  ( 0.000000000000000000, 0.000000000000000000, 0.000000000000000000 ) ) ;
#640 = ORIENTED_EDGE ( 'NONE', *, *, #588, .T. ) ;
#641 = EDGE_CURVE ( 'NONE', #2131, #2290, #2758, .T. ) ;
#642 = EDGE_CURVE ( 'NONE', #1875, #1019, #905, .T. ) ;
#643 = CARTESIAN_POINT ( 'NONE',  ( -6.999999999999997335, 0.000000000000000000, 17.62435565298214257 ) ) ;
#644 = CARTESIAN_POINT ( 'NONE',  ( 17.75352077758099156, 7.000000000000000888, -10.25000000000000533 ) ) ;
#645 = EDGE_LOOP ( 'NONE', ( #2003, #30, #1920, #113 ) ) ;
#646 = EDGE_CURVE ( 'NONE', #1817, #2339, #2289, .T. ) ;
#647 = DIRECTION ( 'NONE',  ( 0.000000000000000000, 1.000000000000000000, 0.000000000000000000 ) ) ;
#648 = TOROIDAL_SURFACE ( 'NONE', #2675, 25.99999999999999645, 5.999999999999994671 ) ;
#649 = PLANE ( 'NONE',  #657 ) ;
#650 = CIRCLE ( 'NONE', #1235, 6.499999999999984901 ) ;
#651 = CARTESIAN_POINT ( 'NONE',  ( 14.00000000000000000, 0.000000000000000000, 5.500000000000001776 ) ) ;
#652 = CIRCLE ( 'NONE', #603, 5.500000000000000000 ) ;
#653 =( LENGTH_UNIT ( ) NAMED_UNIT ( * ) SI_UNIT ( .MILLI., .METRE. ) );
#654 = ORIENTED_EDGE ( 'NONE', *, *, #239, .T. ) ;
#655 = CIRCLE ( 'NONE', #2061, 0.7999999999999986011 ) ;
#656 = LINE ( 'NONE', #1574, #1181 ) ;
#657 = AXIS2_PLACEMENT_3D ( 'NONE', #1538, #632, #2732 ) ;
#658 = DIRECTION ( 'NONE',  ( -0.000000000000000000, 1.000000000000000000, -0.000000000000000000 ) ) ;
#659 = APPLICATION_PROTOCOL_DEFINITION ( 'draft international standard', 'automotive_design', 1998, #2082 ) ;
#660 = ORIENTED_EDGE ( 'NONE', *, *, #2972, .F. ) ;
#661 = CARTESIAN_POINT ( 'NONE',  ( 0.000000000000000000, 10.00000000000001599, 0.000000000000000000 ) ) ;
#662 = MANIFOLD_SOLID_BREP ( 'Бобышка-Вытянуть1', #2186 ) ;
#663 = DIRECTION ( 'NONE',  ( 1.224646799147354193E-16, 0.000000000000000000, -1.000000000000000000 ) ) ;
#664 = CARTESIAN_POINT ( 'NONE',  ( -7.000000000000006217, 0.000000000000000000, -12.12435565298213902 ) ) ;
#665 = ORIENTED_EDGE ( 'NONE', *, *, #1259, .F. ) ;
#666 = CARTESIAN_POINT ( 'NONE',  ( 0.000000000000000000, 7.000000000000002665, 0.000000000000000000 ) ) ;
#667 = EDGE_CURVE ( 'NONE', #773, #1456, #2750, .T. ) ;
#668 = DIRECTION ( 'NONE',  ( 0.000000000000000000, 0.000000000000000000, -1.000000000000000000 ) ) ;
#669 = DIRECTION ( 'NONE',  ( 0.000000000000000000, 0.000000000000000000, 1.000000000000000000 ) ) ;
#670 = DIRECTION ( 'NONE',  ( -0.000000000000000000, 1.000000000000000000, -0.000000000000000000 ) ) ;
#671 = ORIENTED_EDGE ( 'NONE', *, *, #1421, .T. ) ;
#672 = CARTESIAN_POINT ( 'NONE',  ( 3.673940397442060361E-16, 200.0000000000000000, 3.000000000000000444 ) ) ;
#673 = CYLINDRICAL_SURFACE ( 'NONE', #746, 0.7999999999999986011 ) ;
#674 = CARTESIAN_POINT ( 'NONE',  ( 2.520770051028797809E-15, 0.000000000000000000, 20.50000000000000000 ) ) ;
#675 = ORIENTED_EDGE ( 'NONE', *, *, #2788, .T. ) ;
#676 = CARTESIAN_POINT ( 'NONE',  ( 3.184081677783117796E-15, -31.00000000000000000, -25.99999999999999645 ) ) ;
#677 = FACE_OUTER_BOUND ( 'NONE', #1384, .T. ) ;
#678 = EDGE_LOOP ( 'NONE', ( #767, #99, #1821, #863 ) ) ;
#679 = DIRECTION ( 'NONE',  ( -0.000000000000000000, 1.000000000000000000, -0.000000000000000000 ) ) ;
#680 = DIRECTION ( 'NONE',  ( 0.000000000000000000, 0.7071067811865469066, 0.7071067811865482389 ) ) ;
#681 = EDGE_CURVE ( 'NONE', #2686, #1262, #2591, .T. ) ;
#682 = DIRECTION ( 'NONE',  ( -0.000000000000000000, 1.000000000000000000, -0.000000000000000000 ) ) ;
#683 = DIRECTION ( 'NONE',  ( 0.000000000000000000, 0.000000000000000000, -1.000000000000000000 ) ) ;
#684 = ORIENTED_EDGE ( 'NONE', *, *, #224, .F. ) ;
#685 =( REPRESENTATION_RELATIONSHIP ('NONE','NONE', #293, #2035 ) REPRESENTATION_RELATIONSHIP_WITH_TRANSFORMATION ( #1878 )SHAPE_REPRESENTATION_RELATIONSHIP( ) );
#686 = CARTESIAN_POINT ( 'NONE',  ( 0.000000000000000000, 7.000000000000000888, -19.70000000000000284 ) ) ;
#687 = ORIENTED_EDGE ( 'NONE', *, *, #858, .F. ) ;
#688 = DIRECTION ( 'NONE',  ( -0.000000000000000000, -1.000000000000000000, -0.000000000000000000 ) ) ;
#689 =( NAMED_UNIT ( * ) PLANE_ANGLE_UNIT ( ) SI_UNIT ( $, .RADIAN. ) );
#690 = ORIENTED_EDGE ( 'NONE', *, *, #2479, .F. ) ;
#691 = CARTESIAN_POINT ( 'NONE',  ( -22.44994432064365597, 5.400979780678088815, 1.500000000000000666 ) ) ;
#692 = AXIS2_PLACEMENT_3D ( 'NONE', #1148, #688, #882 ) ;
#693 = LINE ( 'NONE', #2125, #318 ) ;
#694 = CARTESIAN_POINT ( 'NONE',  ( 14.00000000000000000, 7.000000000000000888, 0.000000000000000000 ) ) ;
#695 = VECTOR ( 'NONE', #2634, 1000.000000000000000 ) ;
#696 = EDGE_CURVE ( 'NONE', #314, #2467, #1180, .T. ) ;
#697 = ORIENTED_EDGE ( 'NONE', *, *, #1779, .T. ) ;
#698 = VECTOR ( 'NONE', #1890, 1000.000000000000114 ) ;
#699 = ADVANCED_FACE ( 'NONE', ( #2080 ), #966, .T. ) ;
#700 = CARTESIAN_POINT ( 'NONE',  ( 1.347111479062088602E-15, 25.00000000000000000, 0.000000000000000000 ) ) ;
#701 = CIRCLE ( 'NONE', #2823, 5.750000000000000000 ) ;
#702 = ORIENTED_EDGE ( 'NONE', *, *, #2549, .F. ) ;
#703 = DIRECTION ( 'NONE',  ( 0.000000000000000000, 0.000000000000000000, 1.000000000000000000 ) ) ;
#704 = UNCERTAINTY_MEASURE_WITH_UNIT (LENGTH_MEASURE( 1.000000000000000082E-05 ), #1239, 'distance_accuracy_value', 'NONE');
#705 = AXIS2_PLACEMENT_3D ( 'NONE', #827, #1744, #1152 ) ;
#706 = CARTESIAN_POINT ( 'NONE',  ( 1.040949779275250140E-15, 24.20257101886294748, 5.036831094338717563 ) ) ;
#707 = DIRECTION ( 'NONE',  ( 8.659560562354941486E-17, 0.7071067811865469066, -0.7071067811865482389 ) ) ;
#708 = AXIS2_PLACEMENT_3D ( 'NONE', #2271, #2062, #393 ) ;
#709 = ORIENTED_EDGE ( 'NONE', *, *, #957, .T. ) ;
#710 = AXIS2_PLACEMENT_3D ( 'NONE', #572, #2898, #826 ) ;
#711 = CARTESIAN_POINT ( 'NONE',  ( -22.45961324158153971, 4.834823659666930951, 1.348033413104160694 ) ) ;
#712 = FACE_BOUND ( 'NONE', #1090, .T. ) ;
#713 = DIRECTION ( 'NONE',  ( 0.000000000000000000, 1.000000000000000000, 0.000000000000000000 ) ) ;
#714 = DIRECTION ( 'NONE',  ( -0.000000000000000000, 1.000000000000000000, -0.000000000000000000 ) ) ;
#715 = VERTEX_POINT ( 'NONE', #291 ) ;
#716 = CARTESIAN_POINT ( 'NONE',  ( -17.75352077758100222, 0.000000000000000000, -10.24999999999998579 ) ) ;
#717 = ORIENTED_EDGE ( 'NONE', *, *, #2018, .F. ) ;
#718 = DIRECTION ( 'NONE',  ( 0.000000000000000000, 1.000000000000000000, 0.000000000000000000 ) ) ;
#719 = EDGE_CURVE ( 'NONE', #2, #141, #205, .T. ) ;
#720 = ADVANCED_FACE ( 'NONE', ( #2560 ), #2955, .T. ) ;
#721 = PLANE ( 'NONE',  #835 ) ;
#722 = CARTESIAN_POINT ( 'NONE',  ( 0.000000000000000000, 11.00000000000000000, -5.750000000000001776 ) ) ;
#723 = CARTESIAN_POINT ( 'NONE',  ( 14.00000000000000000, 7.000000000000000888, 0.000000000000000000 ) ) ;
#724 = DIRECTION ( 'NONE',  ( -0.000000000000000000, 1.000000000000000000, -0.000000000000000000 ) ) ;
#725 = DIRECTION ( 'NONE',  ( -0.000000000000000000, 1.000000000000000000, -0.000000000000000000 ) ) ;
#726 = ORIENTED_EDGE ( 'NONE', *, *, #1008, .T. ) ;
#727 = AXIS2_PLACEMENT_3D ( 'NONE', #168, #832, #1725 ) ;
#728 = ORIENTED_EDGE ( 'NONE', *, *, #19, .F. ) ;
#729 = AXIS2_PLACEMENT_3D ( 'NONE', #479, #184, #25 ) ;
#730 = UNCERTAINTY_MEASURE_WITH_UNIT (LENGTH_MEASURE( 1.000000000000000082E-05 ), #975, 'distance_accuracy_value', 'NONE');
#731 = CARTESIAN_POINT ( 'NONE',  ( -22.46843694167251826, 6.421835715274803569, -1.199383715454983568 ) ) ;
#732 = ORIENTED_EDGE ( 'NONE', *, *, #1151, .F. ) ;
#733 = DIRECTION ( 'NONE',  ( 0.000000000000000000, 0.000000000000000000, -1.000000000000000000 ) ) ;
#734 = EDGE_CURVE ( 'NONE', #1836, #2761, #1660, .T. ) ;
#735 = ORIENTED_EDGE ( 'NONE', *, *, #1818, .T. ) ;
#736 = DIRECTION ( 'NONE',  ( 0.000000000000000000, 0.000000000000000000, 1.000000000000000000 ) ) ;
#737 = ADVANCED_FACE ( 'NONE', ( #6 ), #1947, .F. ) ;
#738 = ORIENTED_EDGE ( 'NONE', *, *, #931, .F. ) ;
#739 = CARTESIAN_POINT ( 'NONE',  ( 1.714505518806294638E-15, 20.00000000000000000, -14.00000000000000000 ) ) ;
#740 = CARTESIAN_POINT ( 'NONE',  ( 0.000000000000000000, 200.0000000000000000, 0.000000000000000000 ) ) ;
#741 = DIRECTION ( 'NONE',  ( 0.000000000000000000, -0.7071067811865487940, -0.7071067811865463515 ) ) ;
#742 = ORIENTED_EDGE ( 'NONE', *, *, #1695, .F. ) ;
#743 = CONICAL_SURFACE ( 'NONE', #2247, 26.00000000000000355, 0.7853981633974466137 ) ;
#744 = VERTEX_POINT ( 'NONE', #2811 ) ;
#745 = DIRECTION ( 'NONE',  ( -0.000000000000000000, 1.000000000000000000, -0.000000000000000000 ) ) ;
#746 = AXIS2_PLACEMENT_3D ( 'NONE', #2518, #2051, #1814 ) ;
#747 = AXIS2_PLACEMENT_3D ( 'NONE', #18, #1921, #2792 ) ;
#748 = CARTESIAN_POINT ( 'NONE',  ( 6.999999999999992895, 7.000000000000000888, -5.624355652982138132 ) ) ;
#749 = DIRECTION ( 'NONE',  ( 0.000000000000000000, 0.000000000000000000, 1.000000000000000000 ) ) ;
#750 = DIRECTION ( 'NONE',  ( 0.000000000000000000, 0.000000000000000000, 1.000000000000000000 ) ) ;
#751 = CONICAL_SURFACE ( 'NONE', #558, 5.500000000000000000, 0.7853981633974509435 ) ;
#752 = PRODUCT_RELATED_PRODUCT_CATEGORY ( 'part', '', ( #2198 ) ) ;
#753 = TOROIDAL_SURFACE ( 'NONE', #2308, 2.999999999999998224, 2.999999999999998224 ) ;
#754 = CARTESIAN_POINT ( 'NONE',  ( -22.49684168608815682, 4.048018347575064624, -0.3890492955383288987 ) ) ;
#755 = ORIENTED_EDGE ( 'NONE', *, *, #1918, .T. ) ;
#756 = CARTESIAN_POINT ( 'NONE',  ( 0.000000000000000000, 0.000000000000000000, 0.000000000000000000 ) ) ;
#757 = DIRECTION ( 'NONE',  ( 0.000000000000000000, -0.000000000000000000, 1.000000000000000000 ) ) ;
#758 = AXIS2_PLACEMENT_3D ( 'NONE', #2850, #1719, #782 ) ;
#759 = ADVANCED_FACE ( 'NONE', ( #521 ), #872, .F. ) ;
#760 = DIRECTION ( 'NONE',  ( 0.000000000000000000, 0.000000000000000000, -1.000000000000000000 ) ) ;
#761 = VERTEX_POINT ( 'NONE', #1154 ) ;
#762 = VERTEX_POINT ( 'NONE', #2828 ) ;
#763 = CARTESIAN_POINT ( 'NONE',  ( -22.49685075306545201, 6.952121196026728178, -0.3884652018256534167 ) ) ;
#764 = CARTESIAN_POINT ( 'NONE',  ( 3.673940397442061840E-16, 0.000000000000000000, 3.000000000000001776 ) ) ;
#765 = EDGE_LOOP ( 'NONE', ( #56, #263, #1012, #2657 ) ) ;
#766 = FACE_OUTER_BOUND ( 'NONE', #636, .T. ) ;
#767 = ORIENTED_EDGE ( 'NONE', *, *, #793, .F. ) ;
#768 = DIRECTION ( 'NONE',  ( -0.000000000000000000, 1.000000000000000000, -0.000000000000000000 ) ) ;
#769 = CARTESIAN_POINT ( 'NONE',  ( 0.000000000000000000, 6.999999999999999112, 0.000000000000000000 ) ) ;
#770 = CYLINDRICAL_SURFACE ( 'NONE', #2401, 31.99999999999998579 ) ;
#771 =( GEOMETRIC_REPRESENTATION_CONTEXT ( 3 ) GLOBAL_UNCERTAINTY_ASSIGNED_CONTEXT ( ( #2579 ) ) GLOBAL_UNIT_ASSIGNED_CONTEXT ( ( #625, #418, #1340 ) ) REPRESENTATION_CONTEXT ( 'NONE', 'WORKASPACE' ) );
#772 = DIRECTION ( 'NONE',  ( 0.000000000000000000, 1.000000000000000000, 0.000000000000000000 ) ) ;
#773 = VERTEX_POINT ( 'NONE', #2356 ) ;
#774 = EDGE_CURVE ( 'NONE', #1707, #1497, #634, .T. ) ;
#775 = EDGE_CURVE ( 'NONE', #2127, #1470, #260, .T. ) ;
#776 = DIRECTION ( 'NONE',  ( -0.000000000000000000, 1.000000000000000000, -0.000000000000000000 ) ) ;
#777 = ORIENTED_EDGE ( 'NONE', *, *, #2152, .T. ) ;
#778 = DIRECTION ( 'NONE',  ( 0.000000000000000000, 0.000000000000000000, 1.000000000000000000 ) ) ;
#779 = CARTESIAN_POINT ( 'NONE',  ( 17.75352077758099867, 7.000000000000000888, 11.04999999999999538 ) ) ;
#780 =( NAMED_UNIT ( * ) SI_UNIT ( $, .STERADIAN. ) SOLID_ANGLE_UNIT ( ) );
#781 = EDGE_LOOP ( 'NONE', ( #1067, #1933 ) ) ;
#782 = DIRECTION ( 'NONE',  ( 0.000000000000000000, 0.000000000000000000, 1.000000000000000000 ) ) ;
#783 = ORIENTED_EDGE ( 'NONE', *, *, #179, .F. ) ;
#784 = FACE_OUTER_BOUND ( 'NONE', #2341, .T. ) ;
#785 = LINE ( 'NONE', #2873, #1483 ) ;
#786 = DIRECTION ( 'NONE',  ( -0.000000000000000000, 1.000000000000000000, 0.000000000000000000 ) ) ;
#787 = DIRECTION ( 'NONE',  ( 0.000000000000000000, 0.000000000000000000, -1.000000000000000000 ) ) ;
#788 = PRODUCT_DEFINITION_SHAPE ( 'NONE', 'NONE',  #2991 ) ;
#789 = LINE ( 'NONE', #1959, #2573 ) ;
#790 = VERTEX_POINT ( 'NONE', #1678 ) ;
#791 = DIRECTION ( 'NONE',  ( 1.224646799147353454E-16, 0.000000000000000000, -1.000000000000000000 ) ) ;
#792 = CIRCLE ( 'NONE', #2486, 11.96316890566128244 ) ;
#793 = EDGE_CURVE ( 'NONE', #424, #955, #1020, .T. ) ;
#794 = DIRECTION ( 'NONE',  ( -0.000000000000000000, -1.000000000000000000, -0.000000000000000000 ) ) ;
#795 = CARTESIAN_POINT ( 'NONE',  ( 0.000000000000000000, 25.00000000000000355, 0.000000000000000000 ) ) ;
#796 = CIRCLE ( 'NONE', #601, 5.500000000000000000 ) ;
#797 =( NAMED_UNIT ( * ) PLANE_ANGLE_UNIT ( ) SI_UNIT ( $, .RADIAN. ) );
#798 = ORIENTED_EDGE ( 'NONE', *, *, #1386, .F. ) ;
#799 = CIRCLE ( 'NONE', #2005, 5.500000000000000000 ) ;
#800 = CYLINDRICAL_SURFACE ( 'NONE', #1812, 3.000000000000001776 ) ;
#801 = VECTOR ( 'NONE', #586, 1000.000000000000000 ) ;
#802 = ORIENTED_EDGE ( 'NONE', *, *, #1962, .T. ) ;
#803 = DIRECTION ( 'NONE',  ( -0.000000000000000000, -1.000000000000000000, -0.000000000000000000 ) ) ;
#804 = APPLICATION_CONTEXT ( 'automotive_design' ) ;
#805 = AXIS2_PLACEMENT_3D ( 'NONE', #1203, #2132, #57 ) ;
#806 = AXIS2_PLACEMENT_3D ( 'NONE', #2582, #1438, #1173 ) ;
#807 = CARTESIAN_POINT ( 'NONE',  ( -6.999999999999997335, 7.999999999999994671, 17.62435565298214257 ) ) ;
#808 = DIRECTION ( 'NONE',  ( 0.000000000000000000, 0.000000000000000000, 1.000000000000000000 ) ) ;
#809 = PRESENTATION_LAYER_ASSIGNMENT (  '', '', ( #2117 ) ) ;
#810 = CARTESIAN_POINT ( 'NONE',  ( -14.00000000000000000, 7.000000000000000888, 1.734723475976807094E-15 ) ) ;
#811 =( LENGTH_UNIT ( ) NAMED_UNIT ( * ) SI_UNIT ( .MILLI., .METRE. ) );
#812 = ORIENTED_EDGE ( 'NONE', *, *, #2031, .F. ) ;
#813 = ADVANCED_FACE ( 'NONE', ( #2147 ), #497, .F. ) ;
#814 = EDGE_CURVE ( 'NONE', #1442, #2032, #2603, .T. ) ;
#815 = LINE ( 'NONE', #347, #277 ) ;
#816 = ORIENTED_EDGE ( 'NONE', *, *, #132, .T. ) ;
#817 = CARTESIAN_POINT ( 'NONE',  ( 0.000000000000000000, 0.000000000000000000, 29.99999999999999289 ) ) ;
#818 = CARTESIAN_POINT ( 'NONE',  ( 0.000000000000000000, -31.00000000000000000, 0.000000000000000000 ) ) ;
#819 = ORIENTED_EDGE ( 'NONE', *, *, #2314, .F. ) ;
#820 = CARTESIAN_POINT ( 'NONE',  ( 3.612708057484690815E-15, 17.00000000000000000, -28.99999999999999289 ) ) ;
#821 = ORIENTED_EDGE ( 'NONE', *, *, #992, .T. ) ;
#822 = AXIS2_PLACEMENT_3D ( 'NONE', #2460, #1694, #808 ) ;
#823 = EDGE_CURVE ( 'NONE', #1817, #2686, #828, .T. ) ;
#824 = AXIS2_PLACEMENT_3D ( 'NONE', #624, #612, #2208 ) ;
#825 = EDGE_CURVE ( 'NONE', #955, #424, #1070, .T. ) ;
#826 = DIRECTION ( 'NONE',  ( 0.000000000000000000, 0.000000000000000000, -1.000000000000000000 ) ) ;
#827 = CARTESIAN_POINT ( 'NONE',  ( 0.000000000000000000, -2.000000000000002220, 0.000000000000000000 ) ) ;
#828 = CIRCLE ( 'NONE', #1647, 5.500000000000001776 ) ;
#829 = EDGE_CURVE ( 'NONE', #852, #2912, #2910, .T. ) ;
#830 = CARTESIAN_POINT ( 'NONE',  ( -25.99568064086766483, 6.923665078170879283, -0.4825500791144215484 ) ) ;
#831 = EDGE_LOOP ( 'NONE', ( #2482, #802 ) ) ;
#832 = DIRECTION ( 'NONE',  ( 0.000000000000000000, 1.000000000000000000, 0.000000000000000000 ) ) ;
#833 = DIRECTION ( 'NONE',  ( 1.000000000000000000, 0.000000000000000000, 0.000000000000000000 ) ) ;
#834 = ORIENTED_EDGE ( 'NONE', *, *, #1500, .F. ) ;
#835 = AXIS2_PLACEMENT_3D ( 'NONE', #2299, #187, #1609 ) ;
#836 = DIRECTION ( 'NONE',  ( 0.000000000000000000, 1.000000000000000000, 0.000000000000000000 ) ) ;
#837 = CARTESIAN_POINT ( 'NONE',  ( -25.99726104510499880, 4.048123142772934280, -0.3893646416135060351 ) ) ;
#838 = ORIENTED_EDGE ( 'NONE', *, *, #114, .F. ) ;
#839 = CARTESIAN_POINT ( 'NONE',  ( -22.46235861825973146, 6.251117322176355628, 1.302077935769126116 ) ) ;
#840 = CONICAL_SURFACE ( 'NONE', #313, 6.500000000000008882, 0.7853981633974491672 ) ;
#841 = EDGE_CURVE ( 'NONE', #1748, #744, #50, .T. ) ;
#842 = AXIS2_PLACEMENT_3D ( 'NONE', #2575, #290, #83 ) ;
#843 = CARTESIAN_POINT ( 'NONE',  ( 1.775737858763661226E-15, 0.000000000000000000, -14.49999999999999467 ) ) ;
#844 = EDGE_CURVE ( 'NONE', #166, #254, #2608, .T. ) ;
#845 = DIRECTION ( 'NONE',  ( 0.000000000000000000, 1.000000000000000000, 0.000000000000000000 ) ) ;
#846 = CARTESIAN_POINT ( 'NONE',  ( 6.999999999999992006, 0.000000000000000000, -6.624355652982147902 ) ) ;
#847 = ORIENTED_EDGE ( 'NONE', *, *, #1823, .T. ) ;
#848 = CONICAL_SURFACE ( 'NONE', #1622, 6.499999999999986677, 0.7853981633974447263 ) ;
#849 = AXIS2_PLACEMENT_3D ( 'NONE', #2510, #2225, #2236 ) ;
#850 = DIRECTION ( 'NONE',  ( -0.000000000000000000, 1.000000000000000000, -0.000000000000000000 ) ) ;
#851 = CARTESIAN_POINT ( 'NONE',  ( -3.478314330823038523E-16, 7.000000000000007105, -5.799846139937829349E-16 ) ) ;
#852 = VERTEX_POINT ( 'NONE', #614 ) ;
#853 = DIRECTION ( 'NONE',  ( 0.000000000000000000, 1.000000000000000000, 0.000000000000000000 ) ) ;
#854 = CARTESIAN_POINT ( 'NONE',  ( -25.97266669244319104, 4.585645856874708493, 1.193125883698170187 ) ) ;
#855 = ORIENTED_EDGE ( 'NONE', *, *, #1993, .T. ) ;
#856 = FACE_BOUND ( 'NONE', #2399, .T. ) ;
#857 = DIRECTION ( 'NONE',  ( -0.000000000000000000, -1.000000000000000000, -0.000000000000000000 ) ) ;
#858 = EDGE_CURVE ( 'NONE', #1843, #1534, #1296, .T. ) ;
#859 = ORIENTED_EDGE ( 'NONE', *, *, #775, .T. ) ;
#860 = EDGE_CURVE ( 'NONE', #398, #852, #2130, .T. ) ;
#861 = CYLINDRICAL_SURFACE ( 'NONE', #970, 26.00000000000000355 ) ;
#862 = SURFACE_STYLE_FILL_AREA ( #2221 ) ;
#863 = ORIENTED_EDGE ( 'NONE', *, *, #1447, .F. ) ;
#864 = CARTESIAN_POINT ( 'NONE',  ( 6.999999999999992006, 9.999999999999994671, -6.624355652982147902 ) ) ;
#865 = DIRECTION ( 'NONE',  ( 0.000000000000000000, 0.000000000000000000, 1.000000000000000000 ) ) ;
#866 = ORIENTED_EDGE ( 'NONE', *, *, #914, .F. ) ;
#867 = B_SPLINE_CURVE_WITH_KNOTS ( 'NONE', 3,
 ( #902, #229, #1153, #2078, #1194, #16, #1224, #2091, #1639, #1838, #273, #978, #754, #4, #929, #1852, #2777, #2822, #1902, #473, #487, #1441, #711, #2762, #2122, #255, #691, #2319 ),
 .UNSPECIFIED., .F., .F.,
 ( 4, 2, 2, 2, 2, 2, 2, 2, 2, 2, 2, 2, 2, 4 ),
 ( 0.002346028649396689637, 0.002639222968906262609, 0.002932417288415835582, 0.003225611607925408554, 0.003518805927434981093, 0.004105194566454127038, 0.004398388885963699577, 0.004691583205473271248, 0.005277971844492415458, 0.005864360483511559669, 0.006157554803021131340, 0.006450749122530703011, 0.006743943442040274683, 0.007037137761549846354 ),
 .UNSPECIFIED. ) ;
#868 = AXIS2_PLACEMENT_3D ( 'NONE', #638, #1265, #2220 ) ;
#869 = FACE_OUTER_BOUND ( 'NONE', #2158, .T. ) ;
#870 = AXIS2_PLACEMENT_3D ( 'NONE', #1591, #907, #233 ) ;
#871 = DIRECTION ( 'NONE',  ( 0.000000000000000000, 1.000000000000000000, 0.000000000000000000 ) ) ;
#872 = CONICAL_SURFACE ( 'NONE', #1550, 5.500000000000000000, 0.7853981633974509435 ) ;
#873 = PRESENTATION_STYLE_ASSIGNMENT (( #1103 ) ) ;
#874 = EDGE_LOOP ( 'NONE', ( #287, #1437, #209, #702 ) ) ;
#875 = DIRECTION ( 'NONE',  ( 0.000000000000000000, 0.000000000000000000, -1.000000000000000000 ) ) ;
#876 = CARTESIAN_POINT ( 'NONE',  ( -14.00000000000000000, 10.00000000000001599, 1.734723475976807094E-15 ) ) ;
#877 = ADVANCED_FACE ( 'NONE', ( #146 ), #1741, .F. ) ;
#878 = DIRECTION ( 'NONE',  ( 0.000000000000000000, 0.000000000000000000, 1.000000000000000000 ) ) ;
#879 = DIRECTION ( 'NONE',  ( 0.000000000000000000, 0.000000000000000000, 1.000000000000000000 ) ) ;
#880 = ORIENTED_EDGE ( 'NONE', *, *, #3, .F. ) ;
#881 = ADVANCED_FACE ( 'NONE', ( #1926 ), #2224, .F. ) ;
#882 = DIRECTION ( 'NONE',  ( 0.000000000000000000, 0.000000000000000000, 1.000000000000000000 ) ) ;
#883 = CARTESIAN_POINT ( 'NONE',  ( -25.95902766709394527, 5.107382953142669990, 1.461019337675002916 ) ) ;
#884 = ORIENTED_EDGE ( 'NONE', *, *, #550, .F. ) ;
#885 = CARTESIAN_POINT ( 'NONE',  ( -26.00000000000000355, 5.500000000000001776, -1.500000000000000222 ) ) ;
#886 = AXIS2_PLACEMENT_3D ( 'NONE', #448, #2950, #415 ) ;
#887 = CARTESIAN_POINT ( 'NONE',  ( -6.999999999999997335, 7.000000000000000888, 5.624355652982158560 ) ) ;
#888 =( NAMED_UNIT ( * ) SI_UNIT ( $, .STERADIAN. ) SOLID_ANGLE_UNIT ( ) );
#889 = ORIENTED_EDGE ( 'NONE', *, *, #2328, .T. ) ;
#890 = AXIS2_PLACEMENT_3D ( 'NONE', #1246, #1068, #1721 ) ;
#891 = DIRECTION ( 'NONE',  ( 0.000000000000000000, 0.000000000000000000, -1.000000000000000000 ) ) ;
#892 = CARTESIAN_POINT ( 'NONE',  ( -25.96504763929118909, 6.164786848507818995, -1.348228370664472209 ) ) ;
#893 = APPLICATION_CONTEXT ( 'automotive_design' ) ;
#894 = FACE_OUTER_BOUND ( 'NONE', #1662, .T. ) ;
#895 = ORIENTED_EDGE ( 'NONE', *, *, #2237, .T. ) ;
#896 = CIRCLE ( 'NONE', #1041, 6.499999999999984901 ) ;
#897 = DIRECTION ( 'NONE',  ( -0.000000000000000000, 1.000000000000000000, -0.000000000000000000 ) ) ;
#898 = CARTESIAN_POINT ( 'NONE',  ( -25.99942515246257457, 4.009874897962879992, -0.1976826066431229545 ) ) ;
#899 = EDGE_CURVE ( 'NONE', #86, #790, #792, .T. ) ;
#900 = EDGE_LOOP ( 'NONE', ( #15, #738, #2182, #1399 ) ) ;
#901 = DIRECTION ( 'NONE',  ( -0.000000000000000000, -1.000000000000000000, -0.000000000000000000 ) ) ;
#902 = CARTESIAN_POINT ( 'NONE',  ( -22.44994432064364531, 5.500000000000001776, -1.500000000000000222 ) ) ;
#903 = ORIENTED_EDGE ( 'NONE', *, *, #1271, .T. ) ;
#904 = CARTESIAN_POINT ( 'NONE',  ( 17.75352077758099156, 0.000000000000000000, -9.450000000000006395 ) ) ;
#905 = LINE ( 'NONE', #1827, #1069 ) ;
#906 = VERTEX_POINT ( 'NONE', #402 ) ;
#907 = DIRECTION ( 'NONE',  ( -0.000000000000000000, -1.000000000000000000, -0.000000000000000000 ) ) ;
#908 = AXIS2_PLACEMENT_3D ( 'NONE', #375, #836, #1562 ) ;
#909 = VERTEX_POINT ( 'NONE', #2023 ) ;
#910 = DIRECTION ( 'NONE',  ( 0.000000000000000000, 0.000000000000000000, -1.000000000000000000 ) ) ;
#911 = PRODUCT_DEFINITION_FORMATION_WITH_SPECIFIED_SOURCE ( 'ANY', '', #1928, .NOT_KNOWN. ) ;
#912 = CARTESIAN_POINT ( 'NONE',  ( 6.999999999999992006, 8.000000000000008882, -12.12435565298214790 ) ) ;
#913 = EDGE_LOOP ( 'NONE', ( #1674, #81, #1604, #2383 ) ) ;
#914 = EDGE_CURVE ( 'NONE', #119, #1970, #1749, .T. ) ;
#915 = FILL_AREA_STYLE ('',( #1613 ) ) ;
#916 = CARTESIAN_POINT ( 'NONE',  ( -14.00000000000000000, 7.999999999999994671, 1.734723475976807094E-15 ) ) ;
#917 = CONICAL_SURFACE ( 'NONE', #868, 5.500000000000000000, 0.7853981633974491672 ) ;
#918 = ADVANCED_FACE ( 'NONE', ( #2402, #322 ), #2855, .T. ) ;
#919 = DIRECTION ( 'NONE',  ( 0.000000000000000000, 1.000000000000000000, 0.000000000000000000 ) ) ;
#920 = ORIENTED_EDGE ( 'NONE', *, *, #2554, .F. ) ;
#921 = VECTOR ( 'NONE', #1858, 1000.000000000000000 ) ;
#922 = CARTESIAN_POINT ( 'NONE',  ( 0.000000000000000000, 0.9999999999999983347, 0.000000000000000000 ) ) ;
#923 = CONTEXT_DEPENDENT_SHAPE_REPRESENTATION ( #1570, #2866 ) ;
#924 = ORIENTED_EDGE ( 'NONE', *, *, #1201, .F. ) ;
#925 = DIRECTION ( 'NONE',  ( 0.000000000000000000, 1.000000000000000000, 0.000000000000000000 ) ) ;
#926 = CARTESIAN_POINT ( 'NONE',  ( 0.000000000000000000, 0.000000000000000000, -19.70000000000000284 ) ) ;
#927 = FACE_OUTER_BOUND ( 'NONE', #2532, .T. ) ;
#928 = ORIENTED_EDGE ( 'NONE', *, *, #2223, .F. ) ;
#929 = CARTESIAN_POINT ( 'NONE',  ( -22.50000260251227502, 3.999960962312907764, -0.09731162018026924543 ) ) ;
#930 = ORIENTED_EDGE ( 'NONE', *, *, #2031, .T. ) ;
#931 = EDGE_CURVE ( 'NONE', #474, #89, #1131, .T. ) ;
#932 = FACE_OUTER_BOUND ( 'NONE', #2886, .T. ) ;
#933 = AXIS2_PLACEMENT_3D ( 'NONE', #1310, #1079, #1324 ) ;
#934 = DIRECTION ( 'NONE',  ( -0.000000000000000000, -1.000000000000000000, -0.000000000000000000 ) ) ;
#935 = CARTESIAN_POINT ( 'NONE',  ( 0.000000000000000000, 10.00000000000001599, -26.00000000000000355 ) ) ;
#936 = CIRCLE ( 'NONE', #2874, 5.500000000000000000 ) ;
#937 = VERTEX_POINT ( 'NONE', #172 ) ;
#938 = EDGE_CURVE ( 'NONE', #2912, #1879, #2159, .T. ) ;
#939 = AXIS2_PLACEMENT_3D ( 'NONE', #1176, #2558, #517 ) ;
#940 = FACE_OUTER_BOUND ( 'NONE', #522, .T. ) ;
#941 = CIRCLE ( 'NONE', #84, 0.7999999999999986011 ) ;
#942 = EDGE_LOOP ( 'NONE', ( #2829, #1213, #2245, #2978 ) ) ;
#943 = LINE ( 'NONE', #2973, #1913 ) ;
#944 = VECTOR ( 'NONE', #2501, 1000.000000000000000 ) ;
#945 = FACE_BOUND ( 'NONE', #831, .T. ) ;
#946 = CIRCLE ( 'NONE', #2640, 28.99999999999999289 ) ;
#947 = ORIENTED_EDGE ( 'NONE', *, *, #646, .F. ) ;
#948 = CONICAL_SURFACE ( 'NONE', #280, 5.499999999999998224, 0.7853981633974491672 ) ;
#949 = DIRECTION ( 'NONE',  ( 0.000000000000000000, 0.000000000000000000, 1.000000000000000000 ) ) ;
#950 = FACE_OUTER_BOUND ( 'NONE', #2504, .T. ) ;
#951 = DIRECTION ( 'NONE',  ( 8.659560562354941486E-17, 0.7071067811865469066, -0.7071067811865482389 ) ) ;
#952 = ORIENTED_EDGE ( 'NONE', *, *, #1083, .T. ) ;
#953 = ADVANCED_FACE ( 'NONE', ( #2455 ), #2443, .F. ) ;
#954 = EDGE_CURVE ( 'NONE', #1879, #2912, #2295, .T. ) ;
#955 = VERTEX_POINT ( 'NONE', #864 ) ;
#956 = ORIENTED_EDGE ( 'NONE', *, *, #1276, .F. ) ;
#957 = EDGE_CURVE ( 'NONE', #1442, #2142, #2708, .T. ) ;
#958 = CARTESIAN_POINT ( 'NONE',  ( -14.00000000000000000, 7.000000000000000888, -6.499999999999983125 ) ) ;
#959 = CYLINDRICAL_SURFACE ( 'NONE', #2088, 5.750000000000000888 ) ;
#960 = SURFACE_SIDE_STYLE ('',( #47 ) ) ;
#961 = ORIENTED_EDGE ( 'NONE', *, *, #2606, .T. ) ;
#962 =( LENGTH_UNIT ( ) NAMED_UNIT ( * ) SI_UNIT ( .MILLI., .METRE. ) );
#963 = ORIENTED_EDGE ( 'NONE', *, *, #2584, .T. ) ;
#964 = FACE_OUTER_BOUND ( 'NONE', #348, .T. ) ;
#965 = CARTESIAN_POINT ( 'NONE',  ( 7.000000000000001776, 10.00000000000001599, 6.624355652982140796 ) ) ;
#966 = CYLINDRICAL_SURFACE ( 'NONE', #251, 29.99999999999999289 ) ;
#967 = EDGE_LOOP ( 'NONE', ( #1280, #798, #2375, #1326 ) ) ;
#968 = AXIS2_PLACEMENT_3D ( 'NONE', #2248, #2705, #2938 ) ;
#969 = ORIENTED_EDGE ( 'NONE', *, *, #1621, .T. ) ;
#970 = AXIS2_PLACEMENT_3D ( 'NONE', #344, #2193, #2452 ) ;
#971 = ADVANCED_FACE ( 'NONE', ( #1172 ), #2789, .F. ) ;
#972 = CIRCLE ( 'NONE', #2436, 0.7999999999999986011 ) ;
#973 = LINE ( 'NONE', #1436, #407 ) ;
#974 = ORIENTED_EDGE ( 'NONE', *, *, #2293, .F. ) ;
#975 =( LENGTH_UNIT ( ) NAMED_UNIT ( * ) SI_UNIT ( .MILLI., .METRE. ) );
#976 = ORIENTED_EDGE ( 'NONE', *, *, #2261, .T. ) ;
#977 = ADVANCED_FACE ( 'NONE', ( #1833 ), #2957, .T. ) ;
#978 = CARTESIAN_POINT ( 'NONE',  ( -22.49500797615012715, 4.076345314156761823, -0.4825792244645510376 ) ) ;
#979 = EDGE_LOOP ( 'NONE', ( #186, #1572, #2556, #2691, #819, #2089, #963, #930 ) ) ;
#980 = DIRECTION ( 'NONE',  ( 1.000000000000000000, 0.000000000000000000, 1.224646799147353207E-16 ) ) ;
#981 = LINE ( 'NONE', #1197, #1616 ) ;
#982 = DIRECTION ( 'NONE',  ( 0.000000000000000000, 0.000000000000000000, 1.000000000000000000 ) ) ;
#983 = ORIENTED_EDGE ( 'NONE', *, *, #1999, .T. ) ;
#984 = AXIS2_PLACEMENT_3D ( 'NONE', #1546, #597, #1994 ) ;
#985 = EDGE_LOOP ( 'NONE', ( #608, #2987, #1134, #1126 ) ) ;
#986 = CONICAL_SURFACE ( 'NONE', #1561, 5.500000000000001776, 0.7853981633974491672 ) ;
#987 = AXIS2_PLACEMENT_3D ( 'NONE', #739, #980, #1689 ) ;
#988 = CARTESIAN_POINT ( 'NONE',  ( 14.00000000000000000, 10.00000000000001776, 0.000000000000000000 ) ) ;
#989 = EDGE_LOOP ( 'NONE', ( #256, #222, #382, #947 ) ) ;
#990 = ORIENTED_EDGE ( 'NONE', *, *, #19, .T. ) ;
#991 = AXIS2_PLACEMENT_3D ( 'NONE', #1813, #2034, #2949 ) ;
#992 = EDGE_CURVE ( 'NONE', #2127, #1442, #1610, .T. ) ;
#993 = EDGE_CURVE ( 'NONE', #744, #206, #2524, .T. ) ;
#994 = AXIS2_PLACEMENT_3D ( 'NONE', #567, #2378, #341 ) ;
#995 = DIRECTION ( 'NONE',  ( -0.000000000000000000, -1.000000000000000000, -0.000000000000000000 ) ) ;
#996 = ORIENTED_EDGE ( 'NONE', *, *, #646, .T. ) ;
#997 = FACE_OUTER_BOUND ( 'NONE', #1225, .T. ) ;
#998 = AXIS2_PLACEMENT_3D ( 'NONE', #1919, #2646, #1951 ) ;
#999 = ORIENTED_EDGE ( 'NONE', *, *, #2156, .F. ) ;
#1000 = ORIENTED_EDGE ( 'NONE', *, *, #3, .T. ) ;
#1001 = DIRECTION ( 'NONE',  ( -0.000000000000000000, -1.000000000000000000, -0.000000000000000000 ) ) ;
#1002 = DIRECTION ( 'NONE',  ( -0.000000000000000000, 1.000000000000000000, -0.000000000000000000 ) ) ;
#1003 =( NAMED_UNIT ( * ) PLANE_ANGLE_UNIT ( ) SI_UNIT ( $, .RADIAN. ) );
#1004 = VERTEX_POINT ( 'NONE', #252 ) ;
#1005 = CARTESIAN_POINT ( 'NONE',  ( 14.00000000000000000, 7.000000000000000888, 0.000000000000000000 ) ) ;
#1006 = ORIENTED_EDGE ( 'NONE', *, *, #1027, .F. ) ;
#1007 = DIRECTION ( 'NONE',  ( 1.224646799147352714E-16, 0.000000000000000000, -1.000000000000000000 ) ) ;
#1008 = EDGE_CURVE ( 'NONE', #2131, #86, #2102, .T. ) ;
#1009 = CYLINDRICAL_SURFACE ( 'NONE', #2359, 0.7999999999999986011 ) ;
#1010 = MECHANICAL_DESIGN_GEOMETRIC_PRESENTATION_REPRESENTATION (  '', ( #1983 ), #2943 ) ;
#1011 = DIRECTION ( 'NONE',  ( 0.000000000000000000, 0.000000000000000000, -1.000000000000000000 ) ) ;
#1012 = ORIENTED_EDGE ( 'NONE', *, *, #462, .T. ) ;
#1013 = ADVANCED_FACE ( 'NONE', ( #2539 ), #648, .T. ) ;
#1014 = DIRECTION ( 'NONE',  ( 0.000000000000000000, 0.000000000000000000, -1.000000000000000000 ) ) ;
#1015 = DIRECTION ( 'NONE',  ( 0.000000000000000000, 0.000000000000000000, 1.000000000000000000 ) ) ;
#1016 = EDGE_LOOP ( 'NONE', ( #2170, #1119, #866, #7 ) ) ;
#1017 = CARTESIAN_POINT ( 'NONE',  ( 3.673940397442058389E-15, 11.17157287525380838, -29.99999999999999289 ) ) ;
#1018 = CARTESIAN_POINT ( 'NONE',  ( -7.000000000000006217, 11.00000000000000000, -5.624355652982131026 ) ) ;
#1019 = VERTEX_POINT ( 'NONE', #2282 ) ;
#1020 = CIRCLE ( 'NONE', #2093, 5.500000000000001776 ) ;
#1021 = CARTESIAN_POINT ( 'NONE',  ( 0.000000000000000000, 0.000000000000000000, -3.000000000000001776 ) ) ;
#1022 = ORIENTED_EDGE ( 'NONE', *, *, #2621, .T. ) ;
#1023 = DIRECTION ( 'NONE',  ( 0.000000000000000000, 0.000000000000000000, -1.000000000000000000 ) ) ;
#1024 = DIRECTION ( 'NONE',  ( 0.000000000000000000, 0.000000000000000000, 1.000000000000000000 ) ) ;
#1025 = PRODUCT_DEFINITION_SHAPE ( 'NONE', 'NONE',  #1059 ) ;
#1026 = DIRECTION ( 'NONE',  ( -0.000000000000000000, -1.000000000000000000, -0.000000000000000000 ) ) ;
#1027 = EDGE_CURVE ( 'NONE', #1787, #2049, #2869, .T. ) ;
#1028 = EDGE_CURVE ( 'NONE', #2350, #2511, #2581, .T. ) ;
#1029 = AXIS2_PLACEMENT_3D ( 'NONE', #1392, #897, #1819 ) ;
#1030 = FACE_OUTER_BOUND ( 'NONE', #265, .T. ) ;
#1031 = DIRECTION ( 'NONE',  ( 0.000000000000000000, 0.000000000000000000, 1.000000000000000000 ) ) ;
#1032 = CIRCLE ( 'NONE', #1614, 6.499999999999984901 ) ;
#1033 = PRESENTATION_STYLE_ASSIGNMENT (( #118 ) ) ;
#1034 = ORIENTED_EDGE ( 'NONE', *, *, #1027, .T. ) ;
#1035 = AXIS2_PLACEMENT_3D ( 'NONE', #503, #34, #52 ) ;
#1036 = CYLINDRICAL_SURFACE ( 'NONE', #2499, 5.500000000000000000 ) ;
#1037 = AXIS2_PLACEMENT_3D ( 'NONE', #1140, #2965, #433 ) ;
#1038 = ORIENTED_EDGE ( 'NONE', *, *, #931, .T. ) ;
#1039 = CARTESIAN_POINT ( 'NONE',  ( 0.000000000000000000, 0.000000000000000000, 0.000000000000000000 ) ) ;
#1040 = AXIS2_PLACEMENT_3D ( 'NONE', #1789, #1132, #1585 ) ;
#1041 = AXIS2_PLACEMENT_3D ( 'NONE', #2836, #1523, #2172 ) ;
#1042 = DIRECTION ( 'NONE',  ( -0.000000000000000000, 1.000000000000000000, -0.000000000000000000 ) ) ;
#1043 = CARTESIAN_POINT ( 'NONE',  ( 0.000000000000000000, -31.00000000000000000, 0.000000000000000000 ) ) ;
#1044 = CONICAL_SURFACE ( 'NONE', #2734, 26.00000000000000355, 0.7853981633974466137 ) ;
#1045 = EDGE_LOOP ( 'NONE', ( #742, #330, #2477, #1592 ) ) ;
#1046 = EDGE_CURVE ( 'NONE', #2350, #1854, #75, .T. ) ;
#1047 = ADVANCED_FACE ( 'NONE', ( #1579, #945 ), #721, .F. ) ;
#1048 = DIRECTION ( 'NONE',  ( -0.000000000000000000, 1.000000000000000000, -0.000000000000000000 ) ) ;
#1049 = ORIENTED_EDGE ( 'NONE', *, *, #1123, .F. ) ;
#1050 = EDGE_CURVE ( 'NONE', #2296, #1322, #2535, .T. ) ;
#1051 = FACE_OUTER_BOUND ( 'NONE', #2894, .T. ) ;
#1052 = ORIENTED_EDGE ( 'NONE', *, *, #2128, .F. ) ;
#1053 = CARTESIAN_POINT ( 'NONE',  ( -22.50000000000000000, 6.999999999999999112, 0.000000000000000000 ) ) ;
#1054 = DIRECTION ( 'NONE',  ( -0.000000000000000000, 1.000000000000000000, -0.000000000000000000 ) ) ;
#1055 = LINE ( 'NONE', #2484, #409 ) ;
#1056 = VERTEX_POINT ( 'NONE', #1626 ) ;
#1057 = FACE_OUTER_BOUND ( 'NONE', #1634, .T. ) ;
#1058 = FILL_AREA_STYLE_COLOUR ( '', #2700 ) ;
#1059 = PRODUCT_DEFINITION ( 'UNKNOWN', '', #911, #2553 ) ;
#1060 = EDGE_LOOP ( 'NONE', ( #212, #1367, #93, #816 ) ) ;
#1061 = VECTOR ( 'NONE', #399, 1000.000000000000000 ) ;
#1062 = CARTESIAN_POINT ( 'NONE',  ( -28.99999999999999289, 17.00000000000000000, 0.000000000000000000 ) ) ;
#1063 = AXIS2_PLACEMENT_3D ( 'NONE', #2884, #117, #2681 ) ;
#1064 = DIRECTION ( 'NONE',  ( 0.000000000000000000, 0.000000000000000000, 1.000000000000000000 ) ) ;
#1065 = EDGE_CURVE ( 'NONE', #2739, #1811, #225, .T. ) ;
#1066 = EDGE_CURVE ( 'NONE', #2263, #2467, #1177, .T. ) ;
#1067 = ORIENTED_EDGE ( 'NONE', *, *, #914, .T. ) ;
#1068 = DIRECTION ( 'NONE',  ( -0.000000000000000000, -1.000000000000000000, -0.000000000000000000 ) ) ;
#1069 = VECTOR ( 'NONE', #165, 1000.000000000000000 ) ;
#1070 = CIRCLE ( 'NONE', #2423, 5.500000000000001776 ) ;
#1071 = DIRECTION ( 'NONE',  ( 0.000000000000000000, 0.000000000000000000, 1.000000000000000000 ) ) ;
#1072 = DIRECTION ( 'NONE',  ( 0.000000000000000000, 0.000000000000000000, 1.000000000000000000 ) ) ;
#1073 = EDGE_LOOP ( 'NONE', ( #1653, #480, #327, #621 ) ) ;
#1074 = FACE_OUTER_BOUND ( 'NONE', #1510, .T. ) ;
#1075 = APPLICATION_PROTOCOL_DEFINITION ( 'draft international standard', 'automotive_design', 1998, #2846 ) ;
#1076 = AXIS2_PLACEMENT_3D ( 'NONE', #421, #1375, #2495 ) ;
#1077 = ORIENTED_EDGE ( 'NONE', *, *, #111, .F. ) ;
#1078 = VECTOR ( 'NONE', #1705, 1000.000000000000000 ) ;
#1079 = DIRECTION ( 'NONE',  ( -0.000000000000000000, 1.000000000000000000, -0.000000000000000000 ) ) ;
#1080 = DIRECTION ( 'NONE',  ( 0.000000000000000000, 1.000000000000000000, 0.000000000000000000 ) ) ;
#1081 = ORIENTED_EDGE ( 'NONE', *, *, #1347, .F. ) ;
#1082 = CARTESIAN_POINT ( 'NONE',  ( 1.775737858763662015E-15, -2.000000000000002220, -14.49999999999999822 ) ) ;
#1083 = EDGE_CURVE ( 'NONE', #398, #1879, #483, .T. ) ;
#1084 = ADVANCED_FACE ( 'NONE', ( #1847 ), #2917, .T. ) ;
#1085 = AXIS2_PLACEMENT_3D ( 'NONE', #1039, #2429, #1023 ) ;
#1086 = CARTESIAN_POINT ( 'NONE',  ( -26.00000000000000355, 5.500000000000001776, 1.500000000000000222 ) ) ;
#1087 = DIRECTION ( 'NONE',  ( 0.000000000000000000, 0.000000000000000000, 1.000000000000000000 ) ) ;
#1088 = CIRCLE ( 'NONE', #1186, 3.000000000000000888 ) ;
#1089 = CARTESIAN_POINT ( 'NONE',  ( 7.000000000000000888, 7.000000000000000888, 5.624355652982155895 ) ) ;
#1090 = EDGE_LOOP ( 'NONE', ( #2155, #1940 ) ) ;
#1091 = MECHANICAL_DESIGN_GEOMETRIC_PRESENTATION_REPRESENTATION (  '', ( #1861 ), #2639 ) ;
#1092 = DIRECTION ( 'NONE',  ( -0.000000000000000000, 1.000000000000000000, -0.000000000000000000 ) ) ;
#1093 = AXIS2_PLACEMENT_3D ( 'NONE', #2367, #1834, #2330 ) ;
#1094 = FACE_BOUND ( 'NONE', #445, .T. ) ;
#1095 = EDGE_LOOP ( 'NONE', ( #491, #1077, #2557, #2736 ) ) ;
#1096 = DIRECTION ( 'NONE',  ( 8.659560562354919300E-17, -0.7071067811865487940, 0.7071067811865463515 ) ) ;
#1097 = DIRECTION ( 'NONE',  ( 0.000000000000000000, 0.000000000000000000, 1.000000000000000000 ) ) ;
#1098 = VERTEX_POINT ( 'NONE', #706 ) ;
#1099 = DIRECTION ( 'NONE',  ( 1.000000000000000000, 0.000000000000000000, 1.224646799147353207E-16 ) ) ;
#1100 = FACE_BOUND ( 'NONE', #2190, .T. ) ;
#1101 = EDGE_CURVE ( 'NONE', #1854, #2498, #1559, .T. ) ;
#1102 = DIRECTION ( 'NONE',  ( -0.000000000000000000, 1.000000000000000000, -0.000000000000000000 ) ) ;
#1103 = SURFACE_STYLE_USAGE ( .BOTH. , #180 ) ;
#1104 = VERTEX_POINT ( 'NONE', #1017 ) ;
#1105 = EDGE_CURVE ( 'NONE', #2686, #1817, #310, .T. ) ;
#1106 = DIRECTION ( 'NONE',  ( 0.000000000000000000, 0.000000000000000000, 1.000000000000000000 ) ) ;
#1107 = DIRECTION ( 'NONE',  ( -0.000000000000000000, -1.000000000000000000, -0.000000000000000000 ) ) ;
#1108 = CYLINDRICAL_SURFACE ( 'NONE', #1214, 0.7999999999999986011 ) ;
#1109 = ORIENTED_EDGE ( 'NONE', *, *, #2033, .F. ) ;
#1110 = DIRECTION ( 'NONE',  ( -0.000000000000000000, 1.000000000000000000, -0.000000000000000000 ) ) ;
#1111 = CARTESIAN_POINT ( 'NONE',  ( 7.000000000000001776, 10.00000000000001599, 6.624355652982140796 ) ) ;
#1112 = ORIENTED_EDGE ( 'NONE', *, *, #681, .F. ) ;
#1113 = LINE ( 'NONE', #2527, #271 ) ;
#1114 = CIRCLE ( 'NONE', #2802, 3.000000000000006217 ) ;
#1115 = DIRECTION ( 'NONE',  ( 1.000000000000000000, -0.000000000000000000, -0.000000000000000000 ) ) ;
#1116 = AXIS2_PLACEMENT_3D ( 'NONE', #1156, #2083, #8 ) ;
#1117 = CARTESIAN_POINT ( 'NONE',  ( -7.000000000000006217, 7.999999999999994671, -12.12435565298213902 ) ) ;
#1118 = VECTOR ( 'NONE', #725, 1000.000000000000000 ) ;
#1119 = ORIENTED_EDGE ( 'NONE', *, *, #383, .T. ) ;
#1120 = DIRECTION ( 'NONE',  ( -0.000000000000000000, -1.000000000000000000, -0.000000000000000000 ) ) ;
#1121 = CARTESIAN_POINT ( 'NONE',  ( -25.95669470483482755, 5.597862765939852991, -1.500000000000000444 ) ) ;
#1122 = EDGE_CURVE ( 'NONE', #1797, #909, #1277, .T. ) ;
#1123 = EDGE_CURVE ( 'NONE', #502, #1019, #2397, .T. ) ;
#1124 = FACE_OUTER_BOUND ( 'NONE', #1301, .T. ) ;
#1125 =( LENGTH_UNIT ( ) NAMED_UNIT ( * ) SI_UNIT ( .MILLI., .METRE. ) );
#1126 = ORIENTED_EDGE ( 'NONE', *, *, #95, .F. ) ;
#1127 = CARTESIAN_POINT ( 'NONE',  ( 0.000000000000000000, -31.00000000000000000, 25.99999999999999645 ) ) ;
#1128 = DIRECTION ( 'NONE',  ( 0.000000000000000000, 0.000000000000000000, 1.000000000000000000 ) ) ;
#1129 = ORIENTED_EDGE ( 'NONE', *, *, #1366, .T. ) ;
#1130 = LINE ( 'NONE', #2270, #1524 ) ;
#1131 = CIRCLE ( 'NONE', #984, 5.500000000000001776 ) ;
#1132 = DIRECTION ( 'NONE',  ( -0.000000000000000000, -1.000000000000000000, -0.000000000000000000 ) ) ;
#1133 = AXIS2_PLACEMENT_3D ( 'NONE', #352, #1733, #138 ) ;
#1134 = ORIENTED_EDGE ( 'NONE', *, *, #2219, .T. ) ;
#1135 = PLANE ( 'NONE',  #2206 ) ;
#1136 = CIRCLE ( 'NONE', #2060, 2.999999999999999112 ) ;
#1137 = DIRECTION ( 'NONE',  ( 0.000000000000000000, 0.000000000000000000, 1.000000000000000000 ) ) ;
#1138 = ORIENTED_EDGE ( 'NONE', *, *, #2449, .F. ) ;
#1139 = VECTOR ( 'NONE', #803, 1000.000000000000000 ) ;
#1140 = CARTESIAN_POINT ( 'NONE',  ( 17.75352077758099156, 11.00000000000000000, -10.25000000000000533 ) ) ;
#1141 = CARTESIAN_POINT ( 'NONE',  ( -25.95944100671658461, 5.889653437159230620, -1.451823705968942502 ) ) ;
#1142 = DIRECTION ( 'NONE',  ( 1.224646799147350495E-16, 0.000000000000000000, -1.000000000000000000 ) ) ;
#1143 = ITEM_DEFINED_TRANSFORMATION ( 'NONE', 'NONE', #2135,  #39 ) ;
#1144 = EDGE_LOOP ( 'NONE', ( #956, #2678, #1350, #1485 ) ) ;
#1145 = EDGE_CURVE ( 'NONE', #2296, #1420, #1462, .T. ) ;
#1146 = DIRECTION ( 'NONE',  ( -0.000000000000000000, 1.000000000000000000, -0.000000000000000000 ) ) ;
#1147 = VECTOR ( 'NONE', #707, 999.9999999999998863 ) ;
#1148 = CARTESIAN_POINT ( 'NONE',  ( -6.999999999999997335, 7.999999999999994671, 12.12435565298214435 ) ) ;
#1149 = DIRECTION ( 'NONE',  ( 0.000000000000000000, 0.000000000000000000, 1.000000000000000000 ) ) ;
#1150 = EDGE_LOOP ( 'NONE', ( #2926, #65 ) ) ;
#1151 = EDGE_CURVE ( 'NONE', #2049, #424, #552, .T. ) ;
#1152 = DIRECTION ( 'NONE',  ( 0.000000000000000000, 0.000000000000000000, 1.000000000000000000 ) ) ;
#1153 = CARTESIAN_POINT ( 'NONE',  ( -22.45060503037462496, 5.302721874931387802, -1.490202565590462713 ) ) ;
#1154 = CARTESIAN_POINT ( 'NONE',  ( 0.000000000000000000, 2.343145750507618530, 31.99999999999999289 ) ) ;
#1155 = ORIENTED_EDGE ( 'NONE', *, *, #463, .T. ) ;
#1156 = CARTESIAN_POINT ( 'NONE',  ( 17.75352077758099867, 7.000000000000000888, 10.24999999999999645 ) ) ;
#1157 = ORIENTED_EDGE ( 'NONE', *, *, #179, .T. ) ;
#1158 = CYLINDRICAL_SURFACE ( 'NONE', #1857, 5.500000000000000000 ) ;
#1159 =( GEOMETRIC_REPRESENTATION_CONTEXT ( 3 ) GLOBAL_UNCERTAINTY_ASSIGNED_CONTEXT ( ( #2815 ) ) GLOBAL_UNIT_ASSIGNED_CONTEXT ( ( #1125, #2492, #1304 ) ) REPRESENTATION_CONTEXT ( 'NONE', 'WORKASPACE' ) );
#1160 = DIRECTION ( 'NONE',  ( -0.000000000000000000, 1.000000000000000000, -0.000000000000000000 ) ) ;
#1161 = CARTESIAN_POINT ( 'NONE',  ( 0.000000000000000000, 25.00000000000000355, 2.999999999999998224 ) ) ;
#1162 = VERTEX_POINT ( 'NONE', #2137 ) ;
#1163 = EDGE_CURVE ( 'NONE', #2909, #762, #973, .T. ) ;
#1164 = EDGE_CURVE ( 'NONE', #1787, #1497, #2411, .T. ) ;
#1165 = CARTESIAN_POINT ( 'NONE',  ( 0.000000000000000000, 17.00000000000000000, 0.000000000000000000 ) ) ;
#1166 = CARTESIAN_POINT ( 'NONE',  ( -6.999999999999997335, 7.999999999999994671, 12.12435565298214435 ) ) ;
#1167 = ORIENTED_EDGE ( 'NONE', *, *, #331, .T. ) ;
#1168 = PRESENTATION_LAYER_ASSIGNMENT (  '', '', ( #2191 ) ) ;
#1169 = DIRECTION ( 'NONE',  ( 1.000000000000000000, 0.000000000000000000, 1.224646799147353207E-16 ) ) ;
#1170 = ORIENTED_EDGE ( 'NONE', *, *, #2673, .T. ) ;
#1171 = DIRECTION ( 'NONE',  ( -0.000000000000000000, 1.000000000000000000, -0.000000000000000000 ) ) ;
#1172 = FACE_OUTER_BOUND ( 'NONE', #1679, .T. ) ;
#1173 = DIRECTION ( 'NONE',  ( 0.000000000000000000, 0.000000000000000000, 1.000000000000000000 ) ) ;
#1174 = ORIENTED_EDGE ( 'NONE', *, *, #486, .F. ) ;
#1175 = ORIENTED_EDGE ( 'NONE', *, *, #58, .F. ) ;
#1176 = CARTESIAN_POINT ( 'NONE',  ( 0.000000000000000000, -31.00000000000000000, 20.49999999999998934 ) ) ;
#1177 = CIRCLE ( 'NONE', #24, 5.500000000000000000 ) ;
#1178 = ADVANCED_FACE ( 'NONE', ( #1948 ), #2864, .F. ) ;
#1179 = FACE_BOUND ( 'NONE', #1431, .T. ) ;
#1180 = LINE ( 'NONE', #2097, #1118 ) ;
#1181 = VECTOR ( 'NONE', #2506, 1000.000000000000000 ) ;
#1182 = EDGE_LOOP ( 'NONE', ( #2039, #543 ) ) ;
#1183 = ADVANCED_FACE ( 'NONE', ( #1669 ), #1848, .T. ) ;
#1184 = AXIS2_PLACEMENT_3D ( 'NONE', #2984, #1381, #193 ) ;
#1185 = ORIENTED_EDGE ( 'NONE', *, *, #387, .F. ) ;
#1186 = AXIS2_PLACEMENT_3D ( 'NONE', #666, #901, #191 ) ;
#1187 = ORIENTED_EDGE ( 'NONE', *, *, #829, .F. ) ;
#1188 = DIRECTION ( 'NONE',  ( 0.000000000000000000, 0.000000000000000000, 1.000000000000000000 ) ) ;
#1189 = CONICAL_SURFACE ( 'NONE', #227, 5.500000000000001776, 0.7853981633974491672 ) ;
#1190 = DIRECTION ( 'NONE',  ( 0.000000000000000000, 1.000000000000000000, 0.000000000000000000 ) ) ;
#1191 = DIRECTION ( 'NONE',  ( 1.000000000000000000, 0.000000000000000000, 0.000000000000000000 ) ) ;
#1192 = CIRCLE ( 'NONE', #1336, 5.500000000000001776 ) ;
#1193 = AXIS2_PLACEMENT_3D ( 'NONE', #2345, #1849, #513 ) ;
#1194 = CARTESIAN_POINT ( 'NONE',  ( -22.45495999156359446, 5.016812441358405650, -1.423443733507265163 ) ) ;
#1195 = ORIENTED_EDGE ( 'NONE', *, *, #2052, .T. ) ;
#1196 = DIRECTION ( 'NONE',  ( -0.000000000000000000, -1.000000000000000000, -0.000000000000000000 ) ) ;
#1197 = CARTESIAN_POINT ( 'NONE',  ( 0.000000000000000000, 0.000000000000000000, -5.750000000000000888 ) ) ;
#1198 = DIRECTION ( 'NONE',  ( 0.000000000000000000, 1.000000000000000000, 0.000000000000000000 ) ) ;
#1199 = EDGE_CURVE ( 'NONE', #2764, #1162, #2985, .T. ) ;
#1200 = ORIENTED_EDGE ( 'NONE', *, *, #430, .F. ) ;
#1201 = EDGE_CURVE ( 'NONE', #1797, #2520, #2343, .T. ) ;
#1202 = ORIENTED_EDGE ( 'NONE', *, *, #2883, .F. ) ;
#1203 = CARTESIAN_POINT ( 'NONE',  ( 6.999999999999992006, 11.00000000000000000, -12.12435565298214790 ) ) ;
#1204 = DIRECTION ( 'NONE',  ( 0.000000000000000000, 0.000000000000000000, -1.000000000000000000 ) ) ;
#1205 = FACE_OUTER_BOUND ( 'NONE', #2807, .T. ) ;
#1206 = DIRECTION ( 'NONE',  ( -0.000000000000000000, -1.000000000000000000, -0.000000000000000000 ) ) ;
#1207 = ORIENTED_EDGE ( 'NONE', *, *, #1163, .T. ) ;
#1208 = FACE_OUTER_BOUND ( 'NONE', #2577, .T. ) ;
#1209 = VERTEX_POINT ( 'NONE', #958 ) ;
#1210 = CARTESIAN_POINT ( 'NONE',  ( -14.00000000000000000, 7.000000000000000888, 1.734723475976807094E-15 ) ) ;
#1211 = DIRECTION ( 'NONE',  ( 8.659560562354895880E-17, -0.7071067811865506814, 0.7071067811865443531 ) ) ;
#1212 = CARTESIAN_POINT ( 'NONE',  ( -6.999999999999996447, 0.000000000000000000, 6.624355652982144349 ) ) ;
#1213 = ORIENTED_EDGE ( 'NONE', *, *, #481, .T. ) ;
#1214 = AXIS2_PLACEMENT_3D ( 'NONE', #1576, #1794, #464 ) ;
#1215 = CIRCLE ( 'NONE', #1783, 31.99999999999998579 ) ;
#1216 = ORIENTED_EDGE ( 'NONE', *, *, #2445, .T. ) ;
#1217 = CIRCLE ( 'NONE', #353, 5.036831094338717563 ) ;
#1218 = PRODUCT_DEFINITION_CONTEXT ( 'detailed design', #2846, 'design' ) ;
#1219 = EDGE_CURVE ( 'NONE', #1843, #1836, #1658, .T. ) ;
#1220 = DIRECTION ( 'NONE',  ( 0.000000000000000000, 0.000000000000000000, 1.000000000000000000 ) ) ;
#1221 = DIRECTION ( 'NONE',  ( 0.000000000000000000, 1.000000000000000000, 0.000000000000000000 ) ) ;
#1222 =( NAMED_UNIT ( * ) SI_UNIT ( $, .STERADIAN. ) SOLID_ANGLE_UNIT ( ) );
#1223 = ORIENTED_EDGE ( 'NONE', *, *, #2171, .T. ) ;
#1224 = CARTESIAN_POINT ( 'NONE',  ( -22.46240924248729698, 4.747391056178883240, -1.301204057701639494 ) ) ;
#1225 = EDGE_LOOP ( 'NONE', ( #928, #1825, #2845, #1052 ) ) ;
#1226 = CYLINDRICAL_SURFACE ( 'NONE', #1085, 22.50000000000000000 ) ;
#1227 = PRODUCT ( 'Держатель антенны ПР-1000', 'Держатель антенны ПР-1000', '', ( #2508 ) ) ;
#1228 = DIRECTION ( 'NONE',  ( 0.000000000000000000, 1.000000000000000000, 0.000000000000000000 ) ) ;
#1229 = DIRECTION ( 'NONE',  ( 0.000000000000000000, 0.000000000000000000, 1.000000000000000000 ) ) ;
#1230 = ORIENTED_EDGE ( 'NONE', *, *, #1145, .F. ) ;
#1231 = AXIS2_PLACEMENT_3D ( 'NONE', #2834, #298, #1204 ) ;
#1232 = VECTOR ( 'NONE', #2086, 1000.000000000000000 ) ;
#1233 = VERTEX_POINT ( 'NONE', #2395 ) ;
#1234 = DIRECTION ( 'NONE',  ( 0.000000000000000000, 0.000000000000000000, 1.000000000000000000 ) ) ;
#1235 = AXIS2_PLACEMENT_3D ( 'NONE', #2446, #845, #367 ) ;
#1236 = AXIS2_PLACEMENT_3D ( 'NONE', #1586, #442, #1362 ) ;
#1237 = FACE_OUTER_BOUND ( 'NONE', #1992, .T. ) ;
#1238 = DIRECTION ( 'NONE',  ( 0.000000000000000000, 0.000000000000000000, 1.000000000000000000 ) ) ;
#1239 =( LENGTH_UNIT ( ) NAMED_UNIT ( * ) SI_UNIT ( .MILLI., .METRE. ) );
#1240 = ADVANCED_FACE ( 'NONE', ( #1237 ), #743, .T. ) ;
#1241 = ORIENTED_EDGE ( 'NONE', *, *, #993, .T. ) ;
#1242 = CIRCLE ( 'NONE', #471, 26.00000000000000355 ) ;
#1243 = DIRECTION ( 'NONE',  ( -0.000000000000000000, -1.000000000000000000, -0.000000000000000000 ) ) ;
#1244 = EDGE_CURVE ( 'NONE', #1640, #2032, #2054, .T. ) ;
#1245 = VERTEX_POINT ( 'NONE', #511 ) ;
#1246 = CARTESIAN_POINT ( 'NONE',  ( 0.000000000000000000, 17.00000000000000000, 0.000000000000000000 ) ) ;
#1247 = CARTESIAN_POINT ( 'NONE',  ( 9.797174393178817522E-17, 0.000000000000000000, -21.30000000000000071 ) ) ;
#1248 = ORIENTED_EDGE ( 'NONE', *, *, #858, .T. ) ;
#1249 = DIRECTION ( 'NONE',  ( -0.000000000000000000, -1.000000000000000000, -0.000000000000000000 ) ) ;
#1250 = ORIENTED_EDGE ( 'NONE', *, *, #774, .T. ) ;
#1251 = DIRECTION ( 'NONE',  ( -0.000000000000000000, -1.000000000000000000, -0.000000000000000000 ) ) ;
#1252 = CARTESIAN_POINT ( 'NONE',  ( 0.000000000000000000, 5.171572875253809265, 0.000000000000000000 ) ) ;
#1253 = FILL_AREA_STYLE_COLOUR ( '', #2274 ) ;
#1254 = ORIENTED_EDGE ( 'NONE', *, *, #954, .T. ) ;
#1255 = EDGE_CURVE ( 'NONE', #314, #303, #796, .T. ) ;
#1256 = CARTESIAN_POINT ( 'NONE',  ( -7.000000000000006217, 9.999999999999994671, -12.12435565298213902 ) ) ;
#1257 = ORIENTED_EDGE ( 'NONE', *, *, #2328, .F. ) ;
#1258 = CARTESIAN_POINT ( 'NONE',  ( -22.44994432064364531, 5.697888409531803866, 1.500000000000000222 ) ) ;
#1259 = EDGE_CURVE ( 'NONE', #1245, #206, #1032, .T. ) ;
#1260 = PRESENTATION_LAYER_ASSIGNMENT (  '', '', ( #2795 ) ) ;
#1261 = CARTESIAN_POINT ( 'NONE',  ( -25.99726730467365243, 6.951989138821817349, -0.3890193626421750706 ) ) ;
#1262 = VERTEX_POINT ( 'NONE', #116 ) ;
#1263 = AXIS2_PLACEMENT_3D ( 'NONE', #2463, #1781, #2004 ) ;
#1264 = CARTESIAN_POINT ( 'NONE',  ( 6.999999999999992006, 7.000000000000000888, -12.12435565298214790 ) ) ;
#1265 = DIRECTION ( 'NONE',  ( 0.000000000000000000, 1.000000000000000000, 0.000000000000000000 ) ) ;
#1266 = CIRCLE ( 'NONE', #108, 0.7999999999999986011 ) ;
#1267 = ORIENTED_EDGE ( 'NONE', *, *, #1405, .T. ) ;
#1268 = FACE_OUTER_BOUND ( 'NONE', #121, .T. ) ;
#1269 = VERTEX_POINT ( 'NONE', #2641 ) ;
#1270 = DIRECTION ( 'NONE',  ( 8.659560562354941486E-17, 0.7071067811865469066, -0.7071067811865482389 ) ) ;
#1271 = EDGE_CURVE ( 'NONE', #1056, #1295, #2424, .T. ) ;
#1272 = ADVANCED_FACE ( 'NONE', ( #1030 ), #1612, .F. ) ;
#1273 = FACE_OUTER_BOUND ( 'NONE', #2868, .T. ) ;
#1274 = DIRECTION ( 'NONE',  ( 1.000000000000000000, 0.000000000000000000, 1.224646799147353207E-16 ) ) ;
#1275 = ORIENTED_EDGE ( 'NONE', *, *, #1979, .T. ) ;
#1276 = EDGE_CURVE ( 'NONE', #2848, #1581, #1922, .T. ) ;
#1277 = CIRCLE ( 'NONE', #1231, 5.750000000000000000 ) ;
#1278 = LINE ( 'NONE', #580, #1061 ) ;
#1279 = AXIS2_PLACEMENT_3D ( 'NONE', #268, #1190, #1650 ) ;
#1280 = ORIENTED_EDGE ( 'NONE', *, *, #2887, .F. ) ;
#1281 = AXIS2_PLACEMENT_3D ( 'NONE', #457, #429, #1552 ) ;
#1282 = CARTESIAN_POINT ( 'NONE',  ( 14.00000000000000000, 10.00000000000001776, -5.500000000000001776 ) ) ;
#1283 = VECTOR ( 'NONE', #466, 1000.000000000000000 ) ;
#1284 = ORIENTED_EDGE ( 'NONE', *, *, #1083, .F. ) ;
#1285 = CARTESIAN_POINT ( 'NONE',  ( -22.48803187357723843, 6.810406199904283753, 0.7556201383823619722 ) ) ;
#1286 = CARTESIAN_POINT ( 'NONE',  ( 1.775737858763660832E-15, -30.99999999999999289, -14.49999999999998934 ) ) ;
#1287 = LINE ( 'NONE', #139, #1435 ) ;
#1288 = CIRCLE ( 'NONE', #2776, 13.99999999999999822 ) ;
#1289 = CARTESIAN_POINT ( 'NONE',  ( 3.673940397442062333E-16, 17.00000000000000000, 3.000000000000002665 ) ) ;
#1290 = PRODUCT_DEFINITION ( 'UNKNOWN', '', #1353, #495 ) ;
#1291 = EDGE_LOOP ( 'NONE', ( #1888, #1049 ) ) ;
#1292 = EDGE_CURVE ( 'NONE', #2467, #2263, #554, .T. ) ;
#1293 = DIRECTION ( 'NONE',  ( 0.000000000000000000, -1.000000000000000000, 0.000000000000000000 ) ) ;
#1294 = CARTESIAN_POINT ( 'NONE',  ( 0.000000000000000000, 0.000000000000000000, 0.000000000000000000 ) ) ;
#1295 = VERTEX_POINT ( 'NONE', #2199 ) ;
#1296 = LINE ( 'NONE', #1785, #1686 ) ;
#1297 = CARTESIAN_POINT ( 'NONE',  ( 7.000000000000000888, 10.00000000000001599, 12.12435565298214080 ) ) ;
#1298 = ORIENTED_EDGE ( 'NONE', *, *, #1244, .F. ) ;
#1299 = DIRECTION ( 'NONE',  ( 1.000000000000000000, 0.000000000000000000, 1.224646799147353207E-16 ) ) ;
#1300 = CARTESIAN_POINT ( 'NONE',  ( 6.999999999999992006, 9.999999999999994671, -6.624355652982147902 ) ) ;
#1301 = EDGE_LOOP ( 'NONE', ( #1446, #1782, #1298, #1628 ) ) ;
#1302 = ORIENTED_EDGE ( 'NONE', *, *, #486, .T. ) ;
#1303 = LINE ( 'NONE', #594, #2146 ) ;
#1304 =( NAMED_UNIT ( * ) SI_UNIT ( $, .STERADIAN. ) SOLID_ANGLE_UNIT ( ) );
#1305 = ORIENTED_EDGE ( 'NONE', *, *, #1347, .T. ) ;
#1306 = ADVANCED_FACE ( 'NONE', ( #561 ), #770, .T. ) ;
#1307 = CIRCLE ( 'NONE', #1599, 6.499999999999984901 ) ;
#1308 = ADVANCED_FACE ( 'NONE', ( #1722 ), #2891, .T. ) ;
#1309 = AXIS2_PLACEMENT_3D ( 'NONE', #922, #2053, #1816 ) ;
#1310 = CARTESIAN_POINT ( 'NONE',  ( 0.000000000000000000, 20.00000000000000000, 0.000000000000000000 ) ) ;
#1311 = DIRECTION ( 'NONE',  ( 0.000000000000000000, 1.000000000000000000, 0.000000000000000000 ) ) ;
#1312 = ORIENTED_EDGE ( 'NONE', *, *, #2171, .F. ) ;
#1313 = CARTESIAN_POINT ( 'NONE',  ( -7.000000000000005329, 9.999999999999994671, -17.62435565298213902 ) ) ;
#1314 = AXIS2_PLACEMENT_3D ( 'NONE', #1810, #194, #1540 ) ;
#1315 = DIRECTION ( 'NONE',  ( -0.000000000000000000, -1.000000000000000000, -0.000000000000000000 ) ) ;
#1316 = DIRECTION ( 'NONE',  ( 0.000000000000000000, 1.000000000000000000, 0.000000000000000000 ) ) ;
#1317 = DIRECTION ( 'NONE',  ( 1.224646799147353454E-16, 0.000000000000000000, -1.000000000000000000 ) ) ;
#1318 = ORIENTED_EDGE ( 'NONE', *, *, #957, .F. ) ;
#1319 = DIRECTION ( 'NONE',  ( -0.000000000000000000, 1.000000000000000000, -0.000000000000000000 ) ) ;
#1320 = APPLICATION_PROTOCOL_DEFINITION ( 'draft international standard', 'automotive_design', 1998, #893 ) ;
#1321 = AXIS2_PLACEMENT_3D ( 'NONE', #1127, #1594, #452 ) ;
#1322 = VERTEX_POINT ( 'NONE', #1286 ) ;
#1323 = EDGE_CURVE ( 'NONE', #141, #196, #2215, .T. ) ;
#1324 = DIRECTION ( 'NONE',  ( 0.000000000000000000, 0.000000000000000000, 1.000000000000000000 ) ) ;
#1325 = CARTESIAN_POINT ( 'NONE',  ( 2.755455298081544778E-15, 6.999999999999999112, 22.50000000000000000 ) ) ;
#1326 = ORIENTED_EDGE ( 'NONE', *, *, #844, .F. ) ;
#1327 = CARTESIAN_POINT ( 'NONE',  ( 0.000000000000000000, -37.00000000000000000, 20.49999999999998579 ) ) ;
#1328 = CIRCLE ( 'NONE', #987, 3.000000000000000888 ) ;
#1329 = ADVANCED_FACE ( 'NONE', ( #2036 ), #673, .F. ) ;
#1330 = AXIS2_PLACEMENT_3D ( 'NONE', #1703, #2632, #122 ) ;
#1331 = FACE_OUTER_BOUND ( 'NONE', #613, .T. ) ;
#1332 = DIRECTION ( 'NONE',  ( -0.000000000000000000, -1.000000000000000000, -0.000000000000000000 ) ) ;
#1333 = CIRCLE ( 'NONE', #2013, 6.499999999999984901 ) ;
#1334 = FACE_OUTER_BOUND ( 'NONE', #38, .T. ) ;
#1335 = VERTEX_POINT ( 'NONE', #1590 ) ;
#1336 = AXIS2_PLACEMENT_3D ( 'NONE', #2348, #64, #2599 ) ;
#1337 = DIRECTION ( 'NONE',  ( 0.000000000000000000, 0.7071067811865463515, 0.7071067811865487940 ) ) ;
#1338 =( GEOMETRIC_REPRESENTATION_CONTEXT ( 3 ) GLOBAL_UNCERTAINTY_ASSIGNED_CONTEXT ( ( #730 ) ) GLOBAL_UNIT_ASSIGNED_CONTEXT ( ( #975, #689, #226 ) ) REPRESENTATION_CONTEXT ( 'NONE', 'WORKASPACE' ) );
#1339 = CARTESIAN_POINT ( 'NONE',  ( -7.000000000000006217, 7.999999999999994671, -6.624355652982139020 ) ) ;
#1340 =( NAMED_UNIT ( * ) SI_UNIT ( $, .STERADIAN. ) SOLID_ANGLE_UNIT ( ) );
#1341 = VERTEX_POINT ( 'NONE', #1370 ) ;
#1342 = DIRECTION ( 'NONE',  ( -0.000000000000000000, -1.000000000000000000, -0.000000000000000000 ) ) ;
#1343 = DIRECTION ( 'NONE',  ( 0.000000000000000000, 0.000000000000000000, 1.000000000000000000 ) ) ;
#1344 = ORIENTED_EDGE ( 'NONE', *, *, #2417, .F. ) ;
#1345 = CARTESIAN_POINT ( 'NONE',  ( -7.000000000000006217, 11.00000000000000000, -12.12435565298213902 ) ) ;
#1346 = CARTESIAN_POINT ( 'NONE',  ( -14.00000000000000000, 10.00000000000001599, 5.500000000000001776 ) ) ;
#1347 = EDGE_CURVE ( 'NONE', #1056, #1335, #2538, .T. ) ;
#1348 = DIRECTION ( 'NONE',  ( 0.000000000000000000, 1.000000000000000000, 0.000000000000000000 ) ) ;
#1349 = FACE_OUTER_BOUND ( 'NONE', #1772, .T. ) ;
#1350 = ORIENTED_EDGE ( 'NONE', *, *, #1531, .T. ) ;
#1351 = CARTESIAN_POINT ( 'NONE',  ( 3.184081677783118585E-15, 0.000000000000000000, 26.00000000000000355 ) ) ;
#1352 = CARTESIAN_POINT ( 'NONE',  ( 0.000000000000000000, 0.000000000000000000, 0.000000000000000000 ) ) ;
#1353 = PRODUCT_DEFINITION_FORMATION_WITH_SPECIFIED_SOURCE ( 'ANY', '', #2839, .NOT_KNOWN. ) ;
#1354 = FACE_OUTER_BOUND ( 'NONE', #1060, .T. ) ;
#1355 = DIRECTION ( 'NONE',  ( -0.8005885336295186505, 0.000000000000000000, 0.5992144856567952482 ) ) ;
#1356 = EDGE_LOOP ( 'NONE', ( #1187, #1648, #952, #1254 ) ) ;
#1357 = CARTESIAN_POINT ( 'NONE',  ( 0.000000000000000000, -30.99999999999999289, 0.000000000000000000 ) ) ;
#1358 = CARTESIAN_POINT ( 'NONE',  ( -25.98966442111543884, 4.189184009768772476, 0.7549342828984552112 ) ) ;
#1359 = ORIENTED_EDGE ( 'NONE', *, *, #1512, .T. ) ;
#1360 = CIRCLE ( 'NONE', #394, 3.000000000000000444 ) ;
#1361 = AXIS2_PLACEMENT_3D ( 'NONE', #356, #776, #1072 ) ;
#1362 = DIRECTION ( 'NONE',  ( 0.000000000000000000, 0.000000000000000000, -1.000000000000000000 ) ) ;
#1363 = APPLICATION_CONTEXT ( 'automotive_design' ) ;
#1364 = VECTOR ( 'NONE', #2001, 999.9999999999998863 ) ;
#1365 = DIRECTION ( 'NONE',  ( 0.000000000000000000, 0.000000000000000000, 1.000000000000000000 ) ) ;
#1366 = EDGE_CURVE ( 'NONE', #773, #2909, #2633, .T. ) ;
#1367 = ORIENTED_EDGE ( 'NONE', *, *, #2333, .F. ) ;
#1368 = ADVANCED_FACE ( 'NONE', ( #1556 ), #2718, .F. ) ;
#1369 = CARTESIAN_POINT ( 'NONE',  ( 0.000000000000000000, 0.000000000000000000, 0.000000000000000000 ) ) ;
#1370 = CARTESIAN_POINT ( 'NONE',  ( 0.000000000000000000, 16.99999999999999645, 13.99999999999999822 ) ) ;
#1371 = EDGE_CURVE ( 'NONE', #2263, #27, #2292, .T. ) ;
#1372 = DIRECTION ( 'NONE',  ( -0.000000000000000000, -1.000000000000000000, -0.000000000000000000 ) ) ;
#1373 = ORIENTED_EDGE ( 'NONE', *, *, #696, .F. ) ;
#1374 = CARTESIAN_POINT ( 'NONE',  ( 17.75352077758099156, 11.00000000000000000, -9.450000000000006395 ) ) ;
#1375 = DIRECTION ( 'NONE',  ( 1.000000000000000000, -0.000000000000000000, -0.000000000000000000 ) ) ;
#1376 = CARTESIAN_POINT ( 'NONE',  ( -14.00000000000000000, 10.00000000000001599, -5.499999999999998224 ) ) ;
#1377 = ORIENTED_EDGE ( 'NONE', *, *, #1587, .F. ) ;
#1378 = CARTESIAN_POINT ( 'NONE',  ( -6.999999999999997335, 10.00000000000001599, 17.62435565298214257 ) ) ;
#1379 = FACE_BOUND ( 'NONE', #2222, .T. ) ;
#1380 = CIRCLE ( 'NONE', #1473, 3.000000000000000888 ) ;
#1381 = DIRECTION ( 'NONE',  ( -0.000000000000000000, -1.000000000000000000, -0.000000000000000000 ) ) ;
#1382 = CIRCLE ( 'NONE', #1476, 6.499999999999984901 ) ;
#1383 = FACE_BOUND ( 'NONE', #2942, .T. ) ;
#1384 = EDGE_LOOP ( 'NONE', ( #1448, #1753, #2435, #1396 ) ) ;
#1385 = CIRCLE ( 'NONE', #1619, 2.999999999999998224 ) ;
#1386 = EDGE_CURVE ( 'NONE', #1811, #2092, #936, .T. ) ;
#1387 = AXIS2_PLACEMENT_3D ( 'NONE', #496, #2604, #70 ) ;
#1388 = DIRECTION ( 'NONE',  ( 0.000000000000000000, 0.000000000000000000, 1.000000000000000000 ) ) ;
#1389 = ORIENTED_EDGE ( 'NONE', *, *, #2430, .T. ) ;
#1390 = CONICAL_SURFACE ( 'NONE', #131, 6.499999999999984901, 0.7853981633974439491 ) ;
#1391 = EDGE_CURVE ( 'NONE', #1588, #2541, #656, .T. ) ;
#1392 = CARTESIAN_POINT ( 'NONE',  ( 0.000000000000000000, -36.99999999999999289, 0.000000000000000000 ) ) ;
#1393 = DIRECTION ( 'NONE',  ( -0.000000000000000000, 1.000000000000000000, -0.000000000000000000 ) ) ;
#1394 = ORIENTED_EDGE ( 'NONE', *, *, #734, .T. ) ;
#1395 = CARTESIAN_POINT ( 'NONE',  ( -17.75352077758099156, 0.000000000000000000, 10.25000000000000888 ) ) ;
#1396 = ORIENTED_EDGE ( 'NONE', *, *, #2129, .F. ) ;
#1397 = CARTESIAN_POINT ( 'NONE',  ( 0.000000000000000000, -2.000000000000002220, 0.000000000000000000 ) ) ;
#1398 = CARTESIAN_POINT ( 'NONE',  ( 3.673940397442060361E-16, 0.000000000000000000, 3.000000000000000444 ) ) ;
#1399 = ORIENTED_EDGE ( 'NONE', *, *, #2354, .F. ) ;
#1400 = DIRECTION ( 'NONE',  ( -0.000000000000000000, 1.000000000000000000, -0.000000000000000000 ) ) ;
#1401 = EDGE_LOOP ( 'NONE', ( #2163, #2564, #838, #1596 ) ) ;
#1402 = CARTESIAN_POINT ( 'NONE',  ( 4.921139737484913014E-16, 25.00000000000000355, -2.999999999999998224 ) ) ;
#1403 = MECHANICAL_DESIGN_GEOMETRIC_PRESENTATION_REPRESENTATION (  '', ( #2795 ), #771 ) ;
#1404 = EDGE_CURVE ( 'NONE', #2428, #2115, #379, .T. ) ;
#1405 = EDGE_CURVE ( 'NONE', #1470, #2142, #364, .T. ) ;
#1406 = ORIENTED_EDGE ( 'NONE', *, *, #427, .T. ) ;
#1407 = LINE ( 'NONE', #2585, #2683 ) ;
#1408 = ORIENTED_EDGE ( 'NONE', *, *, #1219, .T. ) ;
#1409 = CARTESIAN_POINT ( 'NONE',  ( 7.000000000000000888, 0.000000000000000000, 12.12435565298214080 ) ) ;
#1410 = PLANE ( 'NONE',  #842 ) ;
#1411 =( NAMED_UNIT ( * ) PLANE_ANGLE_UNIT ( ) SI_UNIT ( $, .RADIAN. ) );
#1412 = AXIS2_PLACEMENT_3D ( 'NONE', #716, #247, #220 ) ;
#1413 = ORIENTED_EDGE ( 'NONE', *, *, #899, .F. ) ;
#1414 = AXIS2_PLACEMENT_3D ( 'NONE', #2471, #2530, #683 ) ;
#1415 = EDGE_LOOP ( 'NONE', ( #1034, #1489, #2306, #340 ) ) ;
#1416 = SHAPE_REPRESENTATION ( 'Держатель антенны ПР-1000', ( #39 ), #1338 ) ;
#1417 = ORIENTED_EDGE ( 'NONE', *, *, #1219, .F. ) ;
#1418 = CARTESIAN_POINT ( 'NONE',  ( -22.49498219699604107, 6.923249106083848581, -0.4837706958122611756 ) ) ;
#1419 = DIRECTION ( 'NONE',  ( 0.000000000000000000, 1.000000000000000000, 0.000000000000000000 ) ) ;
#1420 = VERTEX_POINT ( 'NONE', #1528 ) ;
#1421 = EDGE_CURVE ( 'NONE', #906, #555, #1428, .T. ) ;
#1422 = DIRECTION ( 'NONE',  ( -0.000000000000000000, 1.000000000000000000, -0.000000000000000000 ) ) ;
#1423 = ORIENTED_EDGE ( 'NONE', *, *, #2972, .T. ) ;
#1424 = CARTESIAN_POINT ( 'NONE',  ( -14.00000000000000000, 10.00000000000001599, 5.500000000000001776 ) ) ;
#1425 = VECTOR ( 'NONE', #1110, 1000.000000000000000 ) ;
#1426 = CARTESIAN_POINT ( 'NONE',  ( 14.00000000000000000, 7.999999999999992895, 0.000000000000000000 ) ) ;
#1427 = ADVANCED_FACE ( 'NONE', ( #1472 ), #986, .F. ) ;
#1428 = CIRCLE ( 'NONE', #1518, 6.500000000000008882 ) ;
#1429 = ORIENTED_EDGE ( 'NONE', *, *, #2937, .T. ) ;
#1430 = CIRCLE ( 'NONE', #939, 5.999999999999998224 ) ;
#1431 = EDGE_LOOP ( 'NONE', ( #419, #2426 ) ) ;
#1432 = DIRECTION ( 'NONE',  ( 0.000000000000000000, 0.000000000000000000, 1.000000000000000000 ) ) ;
#1433 = VECTOR ( 'NONE', #560, 1000.000000000000000 ) ;
#1434 = UNCERTAINTY_MEASURE_WITH_UNIT (LENGTH_MEASURE( 1.000000000000000082E-05 ), #962, 'distance_accuracy_value', 'NONE');
#1435 = VECTOR ( 'NONE', #2216, 999.9999999999998863 ) ;
#1436 = CARTESIAN_POINT ( 'NONE',  ( 2.520770051028797809E-15, 0.000000000000000000, 21.30000000000000071 ) ) ;
#1437 = ORIENTED_EDGE ( 'NONE', *, *, #2887, .T. ) ;
#1438 = DIRECTION ( 'NONE',  ( -1.000000000000000000, 0.000000000000000000, 0.000000000000000000 ) ) ;
#1439 = VECTOR ( 'NONE', #1484, 1000.000000000000000 ) ;
#1440 = EDGE_LOOP ( 'NONE', ( #847, #2123, #1175, #2461 ) ) ;
#1441 = CARTESIAN_POINT ( 'NONE',  ( -22.46236518069125765, 4.748671993022370863, 1.301969817122005768 ) ) ;
#1442 = VERTEX_POINT ( 'NONE', #807 ) ;
#1443 = CARTESIAN_POINT ( 'NONE',  ( 0.000000000000000000, 11.17157287525380838, 0.000000000000000000 ) ) ;
#1444 = PLANE ( 'NONE',  #2969 ) ;
#1445 = CARTESIAN_POINT ( 'NONE',  ( 6.999999999999992006, 9.999999999999994671, -12.12435565298214790 ) ) ;
#1446 = ORIENTED_EDGE ( 'NONE', *, *, #1776, .F. ) ;
#1447 = EDGE_CURVE ( 'NONE', #955, #555, #2859, .T. ) ;
#1448 = ORIENTED_EDGE ( 'NONE', *, *, #1638, .T. ) ;
#1449 = CARTESIAN_POINT ( 'NONE',  ( -6.999999999999997335, 0.000000000000000000, 12.12435565298214435 ) ) ;
#1450 = CARTESIAN_POINT ( 'NONE',  ( 0.000000000000000000, -31.00000000000000000, 0.000000000000000000 ) ) ;
#1451 = ORIENTED_EDGE ( 'NONE', *, *, #1776, .T. ) ;
#1452 = EDGE_LOOP ( 'NONE', ( #1373, #62, #2019, #2637 ) ) ;
#1453 = DIRECTION ( 'NONE',  ( -0.000000000000000000, -1.000000000000000000, -0.000000000000000000 ) ) ;
#1454 = FACE_BOUND ( 'NONE', #2377, .T. ) ;
#1455 = DIRECTION ( 'NONE',  ( 8.659560562354895880E-17, -0.7071067811865506814, 0.7071067811865443531 ) ) ;
#1456 = VERTEX_POINT ( 'NONE', #1984 ) ;
#1457 = CLOSED_SHELL ( 'NONE', ( #1084, #720, #737, #1183, #2804, #2840, #1306, #110, #447, #1717, #1882, #351, #1761, #2074, #1368, #21, #2692, #1013, #1859, #2644, #699, #1676, #918, #953, #294, #2571 ) ) ;
#1458 = ADVANCED_FACE ( 'NONE', ( #2405 ), #2459, .T. ) ;
#1459 = EDGE_LOOP ( 'NONE', ( #1305, #1167 ) ) ;
#1460 = MECHANICAL_DESIGN_GEOMETRIC_PRESENTATION_REPRESENTATION (  '', ( #2191 ), #589 ) ;
#1461 = EDGE_CURVE ( 'NONE', #937, #2092, #2432, .T. ) ;
#1462 = LINE ( 'NONE', #2626, #2963 ) ;
#1463 = DIRECTION ( 'NONE',  ( 0.000000000000000000, 0.000000000000000000, 1.000000000000000000 ) ) ;
#1464 = EDGE_LOOP ( 'NONE', ( #155, #2615, #1700, #2204 ) ) ;
#1465 = DIRECTION ( 'NONE',  ( 0.000000000000000000, 0.000000000000000000, -1.000000000000000000 ) ) ;
#1466 = ORIENTED_EDGE ( 'NONE', *, *, #1587, .T. ) ;
#1467 = CARTESIAN_POINT ( 'NONE',  ( -22.49725632484540583, 6.960181155719604718, 0.3949648019228075846 ) ) ;
#1468 = PRODUCT_DEFINITION_SHAPE ( 'NONE', 'NONE',  #1290 ) ;
#1469 = CARTESIAN_POINT ( 'NONE',  ( 0.000000000000000000, 7.000000000000000888, -20.50000000000000000 ) ) ;
#1470 = VERTEX_POINT ( 'NONE', #355 ) ;
#1471 = AXIS2_PLACEMENT_3D ( 'NONE', #1449, #498, #1220 ) ;
#1472 = FACE_OUTER_BOUND ( 'NONE', #1996, .T. ) ;
#1473 = AXIS2_PLACEMENT_3D ( 'NONE', #1513, #2903, #1071 ) ;
#1474 = DIRECTION ( 'NONE',  ( 0.000000000000000000, 1.000000000000000000, 0.000000000000000000 ) ) ;
#1475 = VERTEX_POINT ( 'NONE', #151 ) ;
#1476 = AXIS2_PLACEMENT_3D ( 'NONE', #1855, #1453, #2838 ) ;
#1477 = EDGE_CURVE ( 'NONE', #790, #1341, #1380, .T. ) ;
#1478 = AXIS2_PLACEMENT_3D ( 'NONE', #2723, #2537, #2297 ) ;
#1479 = CARTESIAN_POINT ( 'NONE',  ( 6.999999999999992895, 0.000000000000000000, -17.62435565298214968 ) ) ;
#1480 = DIRECTION ( 'NONE',  ( -0.000000000000000000, 1.000000000000000000, -0.000000000000000000 ) ) ;
#1481 = ADVANCED_FACE ( 'NONE', ( #1273 ), #2201, .F. ) ;
#1482 = CIRCLE ( 'NONE', #2830, 5.500000000000000000 ) ;
#1483 = VECTOR ( 'NONE', #2325, 1000.000000000000114 ) ;
#1484 = DIRECTION ( 'NONE',  ( -0.000000000000000000, 1.000000000000000000, -0.000000000000000000 ) ) ;
#1485 = ORIENTED_EDGE ( 'NONE', *, *, #2205, .T. ) ;
#1486 = DIRECTION ( 'NONE',  ( 0.000000000000000000, 0.000000000000000000, 1.000000000000000000 ) ) ;
#1487 = AXIS2_PLACEMENT_3D ( 'NONE', #2801, #1419, #750 ) ;
#1488 = CARTESIAN_POINT ( 'NONE',  ( -25.96505689627981184, 6.165140826826777776, 1.348050324101695230 ) ) ;
#1489 = ORIENTED_EDGE ( 'NONE', *, *, #1151, .T. ) ;
#1490 = DIRECTION ( 'NONE',  ( 0.000000000000000000, 0.000000000000000000, -1.000000000000000000 ) ) ;
#1491 = DIRECTION ( 'NONE',  ( 0.000000000000000000, 1.000000000000000000, 0.000000000000000000 ) ) ;
#1492 = SHAPE_REPRESENTATION_RELATIONSHIP ( 'NONE' , 'NONE' ,  #1416, #1663 ) ;
#1493 = ORIENTED_EDGE ( 'NONE', *, *, #1371, .T. ) ;
#1494 = VECTOR ( 'NONE', #2235, 1000.000000000000000 ) ;
#1495 = EDGE_CURVE ( 'NONE', #2511, #2498, #264, .T. ) ;
#1496 = CARTESIAN_POINT ( 'NONE',  ( -14.00000000000000000, 7.999999999999994671, 5.500000000000001776 ) ) ;
#1497 = VERTEX_POINT ( 'NONE', #1734 ) ;
#1498 = CARTESIAN_POINT ( 'NONE',  ( -22.50000000000000000, 7.000000000000000000, 0.1981291843351709325 ) ) ;
#1499 = PRODUCT_DEFINITION_FORMATION_WITH_SPECIFIED_SOURCE ( 'ANY', '', #1227, .NOT_KNOWN. ) ;
#1500 = EDGE_CURVE ( 'NONE', #582, #48, #650, .T. ) ;
#1501 = DIRECTION ( 'NONE',  ( -0.000000000000000000, 1.000000000000000000, -0.000000000000000000 ) ) ;
#1502 = DIRECTION ( 'NONE',  ( 0.000000000000000000, 0.000000000000000000, 1.000000000000000000 ) ) ;
#1503 = VERTEX_POINT ( 'NONE', #1289 ) ;
#1504 = CIRCLE ( 'NONE', #197, 14.49999999999999822 ) ;
#1505 = CYLINDRICAL_SURFACE ( 'NONE', #1645, 0.7999999999999986011 ) ;
#1506 = CIRCLE ( 'NONE', #150, 2.999999999999998224 ) ;
#1507 = ORIENTED_EDGE ( 'NONE', *, *, #938, .T. ) ;
#1508 = AXIS2_PLACEMENT_3D ( 'NONE', #2048, #2986, #1365 ) ;
#1509 = CARTESIAN_POINT ( 'NONE',  ( 7.000000000000001776, 0.000000000000000000, 6.624355652982140796 ) ) ;
#1510 = EDGE_LOOP ( 'NONE', ( #170, #983, #2194, #1792 ) ) ;
#1511 = EDGE_CURVE ( 'NONE', #2142, #1870, #1055, .T. ) ;
#1512 = EDGE_CURVE ( 'NONE', #2754, #1817, #163, .T. ) ;
#1513 = CARTESIAN_POINT ( 'NONE',  ( 0.000000000000000000, 20.00000000000000000, 14.00000000000000000 ) ) ;
#1514 = CARTESIAN_POINT ( 'NONE',  ( 17.75352077758099156, 7.000000000000000888, -10.25000000000000533 ) ) ;
#1515 = VERTEX_POINT ( 'NONE', #2047 ) ;
#1516 = AXIS2_PLACEMENT_3D ( 'NONE', #912, #1342, #2759 ) ;
#1517 = FACE_OUTER_BOUND ( 'NONE', #2509, .T. ) ;
#1518 = AXIS2_PLACEMENT_3D ( 'NONE', #125, #1249, #1014 ) ;
#1519 = DIRECTION ( 'NONE',  ( 1.000000000000000000, 0.000000000000000000, 0.000000000000000000 ) ) ;
#1520 = ORIENTED_EDGE ( 'NONE', *, *, #2237, .F. ) ;
#1521 = TOROIDAL_SURFACE ( 'NONE', #2403, 11.50000000000000000, 3.000000000000000000 ) ;
#1522 = DIRECTION ( 'NONE',  ( 0.000000000000000000, 0.000000000000000000, 1.000000000000000000 ) ) ;
#1523 = DIRECTION ( 'NONE',  ( -0.000000000000000000, -1.000000000000000000, -0.000000000000000000 ) ) ;
#1524 = VECTOR ( 'NONE', #2980, 1000.000000000000000 ) ;
#1525 = ORIENTED_EDGE ( 'NONE', *, *, #1046, .T. ) ;
#1526 = DIRECTION ( 'NONE',  ( -0.000000000000000000, -1.000000000000000000, -0.000000000000000000 ) ) ;
#1527 = CONICAL_SURFACE ( 'NONE', #611, 6.499999999999984901, 0.7853981633974439491 ) ;
#1528 = CARTESIAN_POINT ( 'NONE',  ( 0.000000000000000000, -2.000000000000002220, 14.49999999999999822 ) ) ;
#1529 = EDGE_CURVE ( 'NONE', #1970, #119, #1957, .T. ) ;
#1530 = ORIENTED_EDGE ( 'NONE', *, *, #1695, .T. ) ;
#1531 = EDGE_CURVE ( 'NONE', #2210, #2266, #618, .T. ) ;
#1532 = DIRECTION ( 'NONE',  ( -0.000000000000000000, 1.000000000000000000, -0.000000000000000000 ) ) ;
#1533 = SHAPE_REPRESENTATION_RELATIONSHIP ( 'NONE' , 'NONE' ,  #2035, #1553 ) ;
#1534 = VERTEX_POINT ( 'NONE', #1569 ) ;
#1535 = DIRECTION ( 'NONE',  ( 0.000000000000000000, 0.000000000000000000, 1.000000000000000000 ) ) ;
#1536 = CARTESIAN_POINT ( 'NONE',  ( 0.000000000000000000, 0.000000000000000000, 0.000000000000000000 ) ) ;
#1537 = ORIENTED_EDGE ( 'NONE', *, *, #383, .F. ) ;
#1538 = CARTESIAN_POINT ( 'NONE',  ( -3.000000000000000888, 7.000000000000000888, 0.000000000000000000 ) ) ;
#1539 = DIRECTION ( 'NONE',  ( 0.000000000000000000, 0.000000000000000000, -1.000000000000000000 ) ) ;
#1540 = DIRECTION ( 'NONE',  ( 0.000000000000000000, 0.000000000000000000, 1.000000000000000000 ) ) ;
#1541 = ORIENTED_EDGE ( 'NONE', *, *, #734, .F. ) ;
#1542 = FACE_OUTER_BOUND ( 'NONE', #2628, .T. ) ;
#1543 = SURFACE_STYLE_USAGE ( .BOTH. , #1752 ) ;
#1544 = ORIENTED_EDGE ( 'NONE', *, *, #354, .T. ) ;
#1545 = EDGE_CURVE ( 'NONE', #2131, #1098, #509, .T. ) ;
#1546 = CARTESIAN_POINT ( 'NONE',  ( 7.000000000000000888, 7.999999999999994671, 12.12435565298214080 ) ) ;
#1547 = CARTESIAN_POINT ( 'NONE',  ( -25.98401487988214598, 4.307527738226969660, -0.9152135003655021972 ) ) ;
#1548 = ORIENTED_EDGE ( 'NONE', *, *, #518, .T. ) ;
#1549 = DIRECTION ( 'NONE',  ( 0.000000000000000000, 0.000000000000000000, 1.000000000000000000 ) ) ;
#1550 = AXIS2_PLACEMENT_3D ( 'NONE', #1445, #477, #2338 ) ;
#1551 = CARTESIAN_POINT ( 'NONE',  ( -7.000000000000005329, 9.999999999999994671, -17.62435565298213902 ) ) ;
#1552 = DIRECTION ( 'NONE',  ( 0.000000000000000000, 0.000000000000000000, -1.000000000000000000 ) ) ;
#1553 = ADVANCED_BREP_SHAPE_REPRESENTATION ( '', ( #2594, #39 ), #2562 ) ;
#1554 = DIRECTION ( 'NONE',  ( 0.000000000000000000, 0.000000000000000000, 1.000000000000000000 ) ) ;
#1555 = ORIENTED_EDGE ( 'NONE', *, *, #2916, .T. ) ;
#1556 = FACE_OUTER_BOUND ( 'NONE', #1952, .T. ) ;
#1557 = DIRECTION ( 'NONE',  ( -1.000000000000000000, 0.000000000000000000, 0.000000000000000000 ) ) ;
#1558 = APPLICATION_PROTOCOL_DEFINITION ( 'draft international standard', 'automotive_design', 1998, #804 ) ;
#1559 = CIRCLE ( 'NONE', #1321, 5.999999999999991118 ) ;
#1560 = ORIENTED_EDGE ( 'NONE', *, *, #551, .T. ) ;
#1561 = AXIS2_PLACEMENT_3D ( 'NONE', #2188, #576, #1024 ) ;
#1562 = DIRECTION ( 'NONE',  ( 0.000000000000000000, 0.000000000000000000, -1.000000000000000000 ) ) ;
#1563 = CARTESIAN_POINT ( 'NONE',  ( 0.000000000000000000, 0.000000000000000000, 0.000000000000000000 ) ) ;
#1564 = ADVANCED_FACE ( 'NONE', ( #2242 ), #2934, .F. ) ;
#1565 = ORIENTED_EDGE ( 'NONE', *, *, #1621, .F. ) ;
#1566 = AXIS2_PLACEMENT_3D ( 'NONE', #1166, #2602, #2095 ) ;
#1567 = AXIS2_PLACEMENT_3D ( 'NONE', #2246, #1092, #115 ) ;
#1568 = DIRECTION ( 'NONE',  ( -0.000000000000000000, -1.000000000000000000, -0.000000000000000000 ) ) ;
#1569 = CARTESIAN_POINT ( 'NONE',  ( 3.184081677783118585E-15, 10.00000000000001599, 26.00000000000000355 ) ) ;
#1570 =( REPRESENTATION_RELATIONSHIP ('NONE','NONE', #293, #2740 ) REPRESENTATION_RELATIONSHIP_WITH_TRANSFORMATION ( #1143 )SHAPE_REPRESENTATION_RELATIONSHIP( ) );
#1571 = AXIS2_PLACEMENT_3D ( 'NONE', #2770, #1171, #703 ) ;
#1572 = ORIENTED_EDGE ( 'NONE', *, *, #297, .T. ) ;
#1573 = DIRECTION ( 'NONE',  ( -0.000000000000000000, -1.000000000000000000, -0.000000000000000000 ) ) ;
#1574 = CARTESIAN_POINT ( 'NONE',  ( 0.000000000000000000, 200.0000000000000000, -3.000000000000000444 ) ) ;
#1575 = AXIS2_PLACEMENT_3D ( 'NONE', #470, #1393, #2139 ) ;
#1576 = CARTESIAN_POINT ( 'NONE',  ( 2.520770051028797809E-15, 0.000000000000000000, 20.50000000000000000 ) ) ;
#1577 = SHAPE_DEFINITION_REPRESENTATION ( #1977, #2740 ) ;
#1578 = ORIENTED_EDGE ( 'NONE', *, *, #1271, .F. ) ;
#1579 = FACE_OUTER_BOUND ( 'NONE', #245, .T. ) ;
#1580 = CARTESIAN_POINT ( 'NONE',  ( -25.98401055457259190, 4.300865233872686488, 0.9221633285238131084 ) ) ;
#1581 = VERTEX_POINT ( 'NONE', #2702 ) ;
#1582 = CARTESIAN_POINT ( 'NONE',  ( -14.00000000000000000, 7.000000000000000888, 6.499999999999986677 ) ) ;
#1583 = ADVANCED_FACE ( 'NONE', ( #1603 ), #840, .F. ) ;
#1584 = EDGE_CURVE ( 'NONE', #1269, #97, #162, .T. ) ;
#1585 = DIRECTION ( 'NONE',  ( 0.000000000000000000, 0.000000000000000000, -1.000000000000000000 ) ) ;
#1586 = CARTESIAN_POINT ( 'NONE',  ( 0.000000000000000000, 11.00000000000000000, 0.000000000000000000 ) ) ;
#1587 = EDGE_CURVE ( 'NONE', #1854, #2350, #1851, .T. ) ;
#1588 = VERTEX_POINT ( 'NONE', #2945 ) ;
#1589 = CYLINDRICAL_SURFACE ( 'NONE', #126, 26.00000000000000355 ) ;
#1590 = CARTESIAN_POINT ( 'NONE',  ( -17.75352077758099156, 7.000000000000000888, 9.450000000000009948 ) ) ;
#1591 = CARTESIAN_POINT ( 'NONE',  ( 0.000000000000000000, 0.000000000000000000, 0.000000000000000000 ) ) ;
#1592 = ORIENTED_EDGE ( 'NONE', *, *, #2219, .F. ) ;
#1593 = DIRECTION ( 'NONE',  ( -0.000000000000000000, -1.000000000000000000, -0.000000000000000000 ) ) ;
#1594 = DIRECTION ( 'NONE',  ( -1.000000000000000000, 0.000000000000000000, 0.000000000000000000 ) ) ;
#1595 = DIRECTION ( 'NONE',  ( -0.000000000000000000, 1.000000000000000000, -0.000000000000000000 ) ) ;
#1596 = ORIENTED_EDGE ( 'NONE', *, *, #1818, .F. ) ;
#1597 = CARTESIAN_POINT ( 'NONE',  ( 0.000000000000000000, 24.20257101886294748, -5.036831094338717563 ) ) ;
#1598 = CONICAL_SURFACE ( 'NONE', #2617, 6.499999999999986677, 0.7853981633974447263 ) ;
#1599 = AXIS2_PLACEMENT_3D ( 'NONE', #569, #1491, #2396 ) ;
#1600 = CARTESIAN_POINT ( 'NONE',  ( 0.000000000000000000, 22.00000000000000711, 0.000000000000000000 ) ) ;
#1601 = ORIENTED_EDGE ( 'NONE', *, *, #1404, .F. ) ;
#1602 = ADVANCED_FACE ( 'NONE', ( #1775 ), #1135, .F. ) ;
#1603 = FACE_OUTER_BOUND ( 'NONE', #2066, .T. ) ;
#1604 = ORIENTED_EDGE ( 'NONE', *, *, #2037, .F. ) ;
#1605 = EDGE_CURVE ( 'NONE', #2092, #1811, #1961, .T. ) ;
#1606 = FACE_OUTER_BOUND ( 'NONE', #1016, .T. ) ;
#1607 = ORIENTED_EDGE ( 'NONE', *, *, #500, .F. ) ;
#1608 = DIRECTION ( 'NONE',  ( -0.000000000000000000, -1.000000000000000000, -0.000000000000000000 ) ) ;
#1609 = DIRECTION ( 'NONE',  ( 0.000000000000000000, 0.000000000000000000, -1.000000000000000000 ) ) ;
#1610 = CIRCLE ( 'NONE', #692, 5.499999999999998224 ) ;
#1611 = ORIENTED_EDGE ( 'NONE', *, *, #2569, .F. ) ;
#1612 = CONICAL_SURFACE ( 'NONE', #2966, 6.500000000000008882, 0.7853981633974491672 ) ;
#1613 = FILL_AREA_STYLE_COLOUR ( '', #2410 ) ;
#1614 = AXIS2_PLACEMENT_3D ( 'NONE', #568, #1964, #1490 ) ;
#1615 = FACE_BOUND ( 'NONE', #1150, .T. ) ;
#1616 = VECTOR ( 'NONE', #20, 1000.000000000000000 ) ;
#1617 = DIRECTION ( 'NONE',  ( -0.000000000000000000, -1.000000000000000000, -0.000000000000000000 ) ) ;
#1618 = ORIENTED_EDGE ( 'NONE', *, *, #899, .T. ) ;
#1619 = AXIS2_PLACEMENT_3D ( 'NONE', #149, #2400, #1486 ) ;
#1620 = EDGE_CURVE ( 'NONE', #2862, #27, #28, .T. ) ;
#1621 = EDGE_CURVE ( 'NONE', #2049, #1787, #411, .T. ) ;
#1622 = AXIS2_PLACEMENT_3D ( 'NONE', #1824, #1568, #1774 ) ;
#1623 = ORIENTED_EDGE ( 'NONE', *, *, #462, .F. ) ;
#1624 = CARTESIAN_POINT ( 'NONE',  ( -17.75352077758100222, 7.000000000000000888, -10.24999999999998579 ) ) ;
#1625 = CIRCLE ( 'NONE', #1718, 0.7999999999999986011 ) ;
#1626 = CARTESIAN_POINT ( 'NONE',  ( -17.75352077758099156, 7.000000000000000888, 11.05000000000000782 ) ) ;
#1627 = DIRECTION ( 'NONE',  ( -0.000000000000000000, -1.000000000000000000, -0.000000000000000000 ) ) ;
#1628 = ORIENTED_EDGE ( 'NONE', *, *, #2075, .F. ) ;
#1629 = SURFACE_STYLE_FILL_AREA ( #915 ) ;
#1630 = DIRECTION ( 'NONE',  ( 0.000000000000000000, 0.000000000000000000, -1.000000000000000000 ) ) ;
#1631 = DIRECTION ( 'NONE',  ( 0.000000000000000000, 0.000000000000000000, 1.000000000000000000 ) ) ;
#1632 = VERTEX_POINT ( 'NONE', #410 ) ;
#1633 = ORIENTED_EDGE ( 'NONE', *, *, #1863, .F. ) ;
#1634 = EDGE_LOOP ( 'NONE', ( #1451, #859, #1267, #1318 ) ) ;
#1635 = DIRECTION ( 'NONE',  ( 0.000000000000000000, 1.000000000000000000, 0.000000000000000000 ) ) ;
#1636 = CARTESIAN_POINT ( 'NONE',  ( -22.50000000000000000, 6.999999999999999112, 0.000000000000000000 ) ) ;
#1637 = CARTESIAN_POINT ( 'NONE',  ( 0.000000000000000000, 17.00000000000000000, 0.000000000000000000 ) ) ;
#1638 = EDGE_CURVE ( 'NONE', #303, #314, #652, .T. ) ;
#1639 = CARTESIAN_POINT ( 'NONE',  ( -22.47169013386216818, 4.509167593193619261, -1.130512825503253937 ) ) ;
#1640 = VERTEX_POINT ( 'NONE', #887 ) ;
#1641 = CYLINDRICAL_SURFACE ( 'NONE', #1910, 1.500000000000000222 ) ;
#1642 = FACE_BOUND ( 'NONE', #2213, .T. ) ;
#1643 = CONICAL_SURFACE ( 'NONE', #346, 6.499999999999984901, 0.7853981633974439491 ) ;
#1644 = DIRECTION ( 'NONE',  ( 0.000000000000000000, 1.000000000000000000, 0.000000000000000000 ) ) ;
#1645 = AXIS2_PLACEMENT_3D ( 'NONE', #133, #1048, #1976 ) ;
#1646 = ORIENTED_EDGE ( 'NONE', *, *, #2256, .T. ) ;
#1647 = AXIS2_PLACEMENT_3D ( 'NONE', #2008, #627, #1011 ) ;
#1648 = ORIENTED_EDGE ( 'NONE', *, *, #860, .F. ) ;
#1649 = CYLINDRICAL_SURFACE ( 'NONE', #2497, 5.500000000000001776 ) ;
#1650 = DIRECTION ( 'NONE',  ( 0.000000000000000000, 0.000000000000000000, 1.000000000000000000 ) ) ;
#1651 = DIRECTION ( 'NONE',  ( -0.000000000000000000, 1.000000000000000000, -0.000000000000000000 ) ) ;
#1652 = LINE ( 'NONE', #1376, #1147 ) ;
#1653 = ORIENTED_EDGE ( 'NONE', *, *, #2056, .F. ) ;
#1654 = EDGE_CURVE ( 'NONE', #2142, #1470, #221, .T. ) ;
#1655 = CYLINDRICAL_SURFACE ( 'NONE', #1917, 0.7999999999999986011 ) ;
#1656 = EDGE_LOOP ( 'NONE', ( #2769, #1000, #279, #2682 ) ) ;
#1657 = DIRECTION ( 'NONE',  ( 0.000000000000000000, 0.000000000000000000, 1.000000000000000000 ) ) ;
#1658 = CIRCLE ( 'NONE', #262, 25.00000000000002132 ) ;
#1659 = CARTESIAN_POINT ( 'NONE',  ( -14.00000000000000000, 7.000000000000000888, 6.499999999999986677 ) ) ;
#1660 = LINE ( 'NONE', #935, #2856 ) ;
#1661 = AXIS2_PLACEMENT_3D ( 'NONE', #434, #183, #1106 ) ;
#1662 = EDGE_LOOP ( 'NONE', ( #1544, #1275 ) ) ;
#1663 = ADVANCED_BREP_SHAPE_REPRESENTATION ( '', ( #593, #39 ), #1338 ) ;
#1664 = AXIS2_PLACEMENT_3D ( 'NONE', #2826, #476, #305 ) ;
#1665 = ORIENTED_EDGE ( 'NONE', *, *, #1500, .T. ) ;
#1666 = CIRCLE ( 'NONE', #2974, 5.750000000000001776 ) ;
#1667 = UNCERTAINTY_MEASURE_WITH_UNIT (LENGTH_MEASURE( 1.000000000000000082E-05 ), #653, 'distance_accuracy_value', 'NONE');
#1668 = AXIS2_PLACEMENT_3D ( 'NONE', #1866, #1635, #1432 ) ;
#1669 = FACE_OUTER_BOUND ( 'NONE', #2572, .T. ) ;
#1670 = CARTESIAN_POINT ( 'NONE',  ( 7.000000000000001776, 7.000000000000000888, 18.62435565298212481 ) ) ;
#1671 = CIRCLE ( 'NONE', #849, 6.499999999999984901 ) ;
#1672 = ORIENTED_EDGE ( 'NONE', *, *, #841, .T. ) ;
#1673 = LINE ( 'NONE', #2570, #420 ) ;
#1674 = ORIENTED_EDGE ( 'NONE', *, *, #1839, .T. ) ;
#1675 = FACE_OUTER_BOUND ( 'NONE', #2022, .T. ) ;
#1676 = ADVANCED_FACE ( 'NONE', ( #2307 ), #1853, .T. ) ;
#1677 = CARTESIAN_POINT ( 'NONE',  ( 0.000000000000000000, 0.9999999999999983347, 11.50000000000000000 ) ) ;
#1678 = CARTESIAN_POINT ( 'NONE',  ( 0.000000000000000000, 17.79742898113705607, 11.96316890566128244 ) ) ;
#1679 = EDGE_LOOP ( 'NONE', ( #1202, #2457, #1845, #2150 ) ) ;
#1680 = EDGE_CURVE ( 'NONE', #1836, #1843, #2007, .T. ) ;
#1681 = ORIENTED_EDGE ( 'NONE', *, *, #1028, .F. ) ;
#1682 = CARTESIAN_POINT ( 'NONE',  ( -22.49034062055742567, 6.847900294344948513, -0.6654599165990074949 ) ) ;
#1683 = CARTESIAN_POINT ( 'NONE',  ( 0.000000000000000000, -31.00000000000000000, 0.000000000000000000 ) ) ;
#1684 =( LENGTH_UNIT ( ) NAMED_UNIT ( * ) SI_UNIT ( .MILLI., .METRE. ) );
#1685 = ORIENTED_EDGE ( 'NONE', *, *, #667, .F. ) ;
#1686 = VECTOR ( 'NONE', #1096, 1000.000000000000000 ) ;
#1687 = DIRECTION ( 'NONE',  ( -0.000000000000000000, -1.000000000000000000, -0.000000000000000000 ) ) ;
#1688 = ORIENTED_EDGE ( 'NONE', *, *, #1680, .T. ) ;
#1689 = DIRECTION ( 'NONE',  ( 1.224646799147353947E-16, 0.000000000000000000, -1.000000000000000000 ) ) ;
#1690 = CARTESIAN_POINT ( 'NONE',  ( -7.000000000000006217, 7.000000000000000888, -12.12435565298213902 ) ) ;
#1691 = ORIENTED_EDGE ( 'NONE', *, *, #2971, .F. ) ;
#1692 = AXIS2_PLACEMENT_3D ( 'NONE', #46, #1480, #1885 ) ;
#1693 = AXIS2_PLACEMENT_3D ( 'NONE', #1944, #1026, #2407 ) ;
#1694 = DIRECTION ( 'NONE',  ( -0.000000000000000000, 1.000000000000000000, -0.000000000000000000 ) ) ;
#1695 = EDGE_CURVE ( 'NONE', #2739, #937, #799, .T. ) ;
#1696 = FACE_OUTER_BOUND ( 'NONE', #2044, .T. ) ;
#1697 = AXIS2_PLACEMENT_3D ( 'NONE', #1842, #1644, #278 ) ;
#1698 = DIRECTION ( 'NONE',  ( 0.000000000000000000, 0.000000000000000000, -1.000000000000000000 ) ) ;
#1699 = DIRECTION ( 'NONE',  ( -0.000000000000000000, -1.000000000000000000, -0.000000000000000000 ) ) ;
#1700 = ORIENTED_EDGE ( 'NONE', *, *, #2896, .T. ) ;
#1701 = CARTESIAN_POINT ( 'NONE',  ( -17.75352077758099156, 11.00000000000000000, 9.450000000000009948 ) ) ;
#1702 = VERTEX_POINT ( 'NONE', #1398 ) ;
#1703 = CARTESIAN_POINT ( 'NONE',  ( 0.000000000000000000, 11.00000000000000000, 0.000000000000000000 ) ) ;
#1704 = VECTOR ( 'NONE', #1868, 1000.000000000000000 ) ;
#1705 = DIRECTION ( 'NONE',  ( 0.000000000000000000, 0.7071067811865456854, 0.7071067811865493491 ) ) ;
#1706 = AXIS2_PLACEMENT_3D ( 'NONE', #140, #1042, #1974 ) ;
#1707 = VERTEX_POINT ( 'NONE', #1907 ) ;
#1708 = DIRECTION ( 'NONE',  ( 0.000000000000000000, 1.000000000000000000, 0.000000000000000000 ) ) ;
#1709 = AXIS2_PLACEMENT_3D ( 'NONE', #230, #1348, #633 ) ;
#1710 = EDGE_CURVE ( 'NONE', #909, #2600, #981, .T. ) ;
#1711 = EDGE_CURVE ( 'NONE', #1632, #2313, #2922, .T. ) ;
#1712 = DIRECTION ( 'NONE',  ( 0.000000000000000000, 0.000000000000000000, 1.000000000000000000 ) ) ;
#1713 = FACE_OUTER_BOUND ( 'NONE', #913, .T. ) ;
#1714 =( NAMED_UNIT ( * ) SI_UNIT ( $, .STERADIAN. ) SOLID_ANGLE_UNIT ( ) );
#1715 = ORIENTED_EDGE ( 'NONE', *, *, #2625, .F. ) ;
#1716 = AXIS2_PLACEMENT_3D ( 'NONE', #33, #2141, #736 ) ;
#1717 = ADVANCED_FACE ( 'NONE', ( #531 ), #2160, .F. ) ;
#1718 = AXIS2_PLACEMENT_3D ( 'NONE', #644, #1080, #2009 ) ;
#1719 = DIRECTION ( 'NONE',  ( -0.000000000000000000, 1.000000000000000000, -0.000000000000000000 ) ) ;
#1720 = ORIENTED_EDGE ( 'NONE', *, *, #2394, .T. ) ;
#1721 = DIRECTION ( 'NONE',  ( 0.000000000000000000, 0.000000000000000000, -1.000000000000000000 ) ) ;
#1722 = FACE_OUTER_BOUND ( 'NONE', #2696, .T. ) ;
#1723 = CARTESIAN_POINT ( 'NONE',  ( -25.99943334274972528, 6.990268194886200881, -0.1967466164325899214 ) ) ;
#1724 = EDGE_LOOP ( 'NONE', ( #1413, #319, #9, #2837 ) ) ;
#1725 = DIRECTION ( 'NONE',  ( 0.000000000000000000, 0.000000000000000000, 1.000000000000000000 ) ) ;
#1726 =( NAMED_UNIT ( * ) SI_UNIT ( $, .STERADIAN. ) SOLID_ANGLE_UNIT ( ) );
#1727 = PRODUCT_RELATED_PRODUCT_CATEGORY ( 'part', '', ( #1227 ) ) ;
#1728 = ORIENTED_EDGE ( 'NONE', *, *, #2293, .T. ) ;
#1729 = CARTESIAN_POINT ( 'NONE',  ( -14.00000000000000000, 0.000000000000000000, 1.734723475976807094E-15 ) ) ;
#1730 = ADVANCED_FACE ( 'NONE', ( #276 ), #1444, .T. ) ;
#1731 = ORIENTED_EDGE ( 'NONE', *, *, #1101, .T. ) ;
#1732 = CARTESIAN_POINT ( 'NONE',  ( -22.47170711048121206, 6.491158716007153551, 1.130119541826856810 ) ) ;
#1733 = DIRECTION ( 'NONE',  ( -0.000000000000000000, -1.000000000000000000, -0.000000000000000000 ) ) ;
#1734 = CARTESIAN_POINT ( 'NONE',  ( 6.999999999999992895, 7.000000000000000888, -5.624355652982138132 ) ) ;
#1735 = DIRECTION ( 'NONE',  ( -0.000000000000000000, 1.000000000000000000, -0.000000000000000000 ) ) ;
#1736 = VERTEX_POINT ( 'NONE', #258 ) ;
#1737 = CONICAL_SURFACE ( 'NONE', #729, 6.499999999999984901, 0.7853981633974439491 ) ;
#1738 = CARTESIAN_POINT ( 'NONE',  ( -14.00000000000000000, 11.00000000000000000, -6.499999999999983125 ) ) ;
#1739 = AXIS2_PLACEMENT_3D ( 'NONE', #694, #1617, #760 ) ;
#1740 = EDGE_LOOP ( 'NONE', ( #2561, #1129 ) ) ;
#1741 = CYLINDRICAL_SURFACE ( 'NONE', #2714, 0.7999999999999986011 ) ;
#1742 = FACE_OUTER_BOUND ( 'NONE', #1656, .T. ) ;
#1743 = EDGE_LOOP ( 'NONE', ( #129, #2596, #2580, #261 ) ) ;
#1744 = DIRECTION ( 'NONE',  ( -0.000000000000000000, 1.000000000000000000, -0.000000000000000000 ) ) ;
#1745 = EDGE_CURVE ( 'NONE', #1209, #2098, #267, .T. ) ;
#1746 = CARTESIAN_POINT ( 'NONE',  ( -25.95669470483482044, 5.500000000000001776, 1.500000000000000222 ) ) ;
#1747 = CARTESIAN_POINT ( 'NONE',  ( -17.75352077758100222, 7.000000000000000888, -11.04999999999998472 ) ) ;
#1748 = VERTEX_POINT ( 'NONE', #965 ) ;
#1749 = CIRCLE ( 'NONE', #2344, 6.499999999999986677 ) ;
#1750 = DIRECTION ( 'NONE',  ( -0.000000000000000000, -1.000000000000000000, -0.000000000000000000 ) ) ;
#1751 = AXIS2_PLACEMENT_3D ( 'NONE', #2288, #1102, #1087 ) ;
#1752 = SURFACE_SIDE_STYLE ('',( #862 ) ) ;
#1753 = ORIENTED_EDGE ( 'NONE', *, *, #696, .T. ) ;
#1754 = AXIS2_PLACEMENT_3D ( 'NONE', #1443, #475, #1657 ) ;
#1755 = DIRECTION ( 'NONE',  ( 0.000000000000000000, 0.000000000000000000, 1.000000000000000000 ) ) ;
#1756 = CYLINDRICAL_SURFACE ( 'NONE', #326, 3.000000000000001776 ) ;
#1757 = CONICAL_SURFACE ( 'NONE', #2636, 5.500000000000001776, 0.7853981633974491672 ) ;
#1758 = VERTEX_POINT ( 'NONE', #1677 ) ;
#1759 = CIRCLE ( 'NONE', #1387, 11.96316890566128244 ) ;
#1760 = FACE_BOUND ( 'NONE', #136, .T. ) ;
#1761 = ADVANCED_FACE ( 'NONE', ( #2322 ), #1410, .T. ) ;
#1762 = AXIS2_PLACEMENT_3D ( 'NONE', #302, #1935, #2195 ) ;
#1763 = CARTESIAN_POINT ( 'NONE',  ( -25.96104126146623514, 5.983628030635587791, 1.423290526844759984 ) ) ;
#1764 = FILL_AREA_STYLE_COLOUR ( '', #2286 ) ;
#1765 = ORIENTED_EDGE ( 'NONE', *, *, #2659, .F. ) ;
#1766 = EDGE_CURVE ( 'NONE', #1420, #1758, #1136, .T. ) ;
#1767 = CARTESIAN_POINT ( 'NONE',  ( 7.000000000000000888, 11.00000000000000000, 18.62435565298212836 ) ) ;
#1768 = CARTESIAN_POINT ( 'NONE',  ( 0.000000000000000000, 0.000000000000000000, 0.000000000000000000 ) ) ;
#1769 = ORIENTED_EDGE ( 'NONE', *, *, #2445, .F. ) ;
#1770 = DIRECTION ( 'NONE',  ( -0.000000000000000000, -1.000000000000000000, -0.000000000000000000 ) ) ;
#1771 = CARTESIAN_POINT ( 'NONE',  ( -26.00000880170581041, 3.999847437053891230, 0.1970257621892348432 ) ) ;
#1772 = EDGE_LOOP ( 'NONE', ( #2547, #1691, #533, #295 ) ) ;
#1773 = CARTESIAN_POINT ( 'NONE',  ( 0.000000000000000000, 11.00000000000000000, 0.000000000000000000 ) ) ;
#1774 = DIRECTION ( 'NONE',  ( 0.000000000000000000, 0.000000000000000000, -1.000000000000000000 ) ) ;
#1775 = FACE_OUTER_BOUND ( 'NONE', #374, .T. ) ;
#1776 = EDGE_CURVE ( 'NONE', #1442, #2127, #2876, .T. ) ;
#1777 = CARTESIAN_POINT ( 'NONE',  ( 6.999999999999992006, 11.00000000000000000, -5.624355652982138132 ) ) ;
#1778 = ORIENTED_EDGE ( 'NONE', *, *, #1105, .T. ) ;
#1779 = EDGE_CURVE ( 'NONE', #715, #2754, #2249, .T. ) ;
#1780 = EDGE_CURVE ( 'NONE', #314, #119, #1856, .T. ) ;
#1781 = DIRECTION ( 'NONE',  ( -0.000000000000000000, -1.000000000000000000, -0.000000000000000000 ) ) ;
#1782 = ORIENTED_EDGE ( 'NONE', *, *, #814, .T. ) ;
#1783 = AXIS2_PLACEMENT_3D ( 'NONE', #1683, #1651, #2613 ) ;
#1784 = AXIS2_PLACEMENT_3D ( 'NONE', #795, #1400, #450 ) ;
#1785 = CARTESIAN_POINT ( 'NONE',  ( 3.184081677783118585E-15, 10.00000000000001599, 26.00000000000000355 ) ) ;
#1786 = DIRECTION ( 'NONE',  ( -0.000000000000000000, 1.000000000000000000, -0.000000000000000000 ) ) ;
#1787 = VERTEX_POINT ( 'NONE', #2388 ) ;
#1788 = CIRCLE ( 'NONE', #1508, 0.7999999999999986011 ) ;
#1789 = CARTESIAN_POINT ( 'NONE',  ( 0.000000000000000000, 0.000000000000000000, 0.000000000000000000 ) ) ;
#1790 = DIRECTION ( 'NONE',  ( 0.000000000000000000, 1.000000000000000000, 0.000000000000000000 ) ) ;
#1791 = PRESENTATION_STYLE_ASSIGNMENT (( #2485 ) ) ;
#1792 = ORIENTED_EDGE ( 'NONE', *, *, #1511, .F. ) ;
#1793 = DIRECTION ( 'NONE',  ( 0.000000000000000000, 1.000000000000000000, 0.000000000000000000 ) ) ;
#1794 = DIRECTION ( 'NONE',  ( -0.000000000000000000, 1.000000000000000000, -0.000000000000000000 ) ) ;
#1795 = APPLICATION_PROTOCOL_DEFINITION ( 'draft international standard', 'automotive_design', 1998, #534 ) ;
#1796 = AXIS2_PLACEMENT_3D ( 'NONE', #676, #2315, #663 ) ;
#1797 = VERTEX_POINT ( 'NONE', #2337 ) ;
#1798 = EDGE_CURVE ( 'NONE', #2754, #2668, #693, .T. ) ;
#1799 = EDGE_CURVE ( 'NONE', #2739, #2098, #2810, .T. ) ;
#1800 = VECTOR ( 'NONE', #2688, 1000.000000000000000 ) ;
#1801 = CARTESIAN_POINT ( 'NONE',  ( 0.000000000000000000, 22.00000000000000711, 0.000000000000000000 ) ) ;
#1802 = CARTESIAN_POINT ( 'NONE',  ( -25.96506047108315229, 4.834700858156178782, 1.347983109871075058 ) ) ;
#1803 = EDGE_LOOP ( 'NONE', ( #1681, #1525, #1731, #574 ) ) ;
#1804 = ADVANCED_FACE ( 'NONE', ( #1179, #1454, #2108, #1642, #35, #2588, #950, #1615, #2793, #519, #2372, #2544, #2145, #712 ), #2107, .F. ) ;
#1805 = AXIS2_PLACEMENT_3D ( 'NONE', #1409, #2336, #949 ) ;
#1806 = CIRCLE ( 'NONE', #514, 26.00000000000000355 ) ;
#1807 = FACE_BOUND ( 'NONE', #2392, .T. ) ;
#1808 = CARTESIAN_POINT ( 'NONE',  ( -6.999999999999997335, 10.00000000000001599, 12.12435565298214435 ) ) ;
#1809 = CIRCLE ( 'NONE', #2728, 0.7999999999999986011 ) ;
#1810 = CARTESIAN_POINT ( 'NONE',  ( -7.000000000000006217, 9.999999999999994671, -12.12435565298213902 ) ) ;
#1811 = VERTEX_POINT ( 'NONE', #1424 ) ;
#1812 = AXIS2_PLACEMENT_3D ( 'NONE', #317, #1980, #2614 ) ;
#1813 = CARTESIAN_POINT ( 'NONE',  ( 14.00000000000000000, 7.999999999999992895, 0.000000000000000000 ) ) ;
#1814 = DIRECTION ( 'NONE',  ( 0.000000000000000000, 0.000000000000000000, 1.000000000000000000 ) ) ;
#1815 = CIRCLE ( 'NONE', #2259, 14.49999999999998934 ) ;
#1816 = DIRECTION ( 'NONE',  ( 0.000000000000000000, 0.000000000000000000, 1.000000000000000000 ) ) ;
#1817 = VERTEX_POINT ( 'NONE', #2587 ) ;
#1818 = EDGE_CURVE ( 'NONE', #2296, #2164, #1430, .T. ) ;
#1819 = DIRECTION ( 'NONE',  ( 0.000000000000000000, 0.000000000000000000, 1.000000000000000000 ) ) ;
#1820 = CARTESIAN_POINT ( 'NONE',  ( -25.99564186980668623, 4.077040473174179169, -0.4846110070434846429 ) ) ;
#1821 = ORIENTED_EDGE ( 'NONE', *, *, #2394, .F. ) ;
#1822 = DIRECTION ( 'NONE',  ( 0.000000000000000000, 0.000000000000000000, -1.000000000000000000 ) ) ;
#1823 = EDGE_CURVE ( 'NONE', #761, #1515, #2349, .T. ) ;
#1824 = CARTESIAN_POINT ( 'NONE',  ( -7.000000000000006217, 7.000000000000000888, -12.12435565298213902 ) ) ;
#1825 = ORIENTED_EDGE ( 'NONE', *, *, #1798, .T. ) ;
#1826 = CARTESIAN_POINT ( 'NONE',  ( -7.000000000000006217, 7.000000000000000888, -12.12435565298213902 ) ) ;
#1827 = CARTESIAN_POINT ( 'NONE',  ( -17.75352077758100222, 0.000000000000000000, -9.449999999999988631 ) ) ;
#1828 = ORIENTED_EDGE ( 'NONE', *, *, #1461, .T. ) ;
#1829 = LINE ( 'NONE', #2752, #321 ) ;
#1830 = DIRECTION ( 'NONE',  ( 0.000000000000000000, 0.000000000000000000, -1.000000000000000000 ) ) ;
#1831 = ORIENTED_EDGE ( 'NONE', *, *, #114, .T. ) ;
#1832 = CARTESIAN_POINT ( 'NONE',  ( 2.755455298081544778E-15, 0.000000000000000000, 22.50000000000000000 ) ) ;
#1833 = FACE_OUTER_BOUND ( 'NONE', #2650, .T. ) ;
#1834 = DIRECTION ( 'NONE',  ( 0.000000000000000000, 1.000000000000000000, 0.000000000000000000 ) ) ;
#1835 = AXIS2_PLACEMENT_3D ( 'NONE', #74, #2366, #2642 ) ;
#1836 = VERTEX_POINT ( 'NONE', #2778 ) ;
#1837 = AXIS2_PLACEMENT_3D ( 'NONE', #2766, #1169, #1142 ) ;
#1838 = CARTESIAN_POINT ( 'NONE',  ( -22.48160474041259604, 4.299118137209060997, -0.9203886025153004136 ) ) ;
#1839 = EDGE_CURVE ( 'NONE', #909, #1797, #701, .T. ) ;
#1840 = DIRECTION ( 'NONE',  ( 0.000000000000000000, 0.000000000000000000, 1.000000000000000000 ) ) ;
#1841 = ADVANCED_FACE ( 'NONE', ( #964 ), #1889, .F. ) ;
#1842 = CARTESIAN_POINT ( 'NONE',  ( 6.999999999999992006, 7.000000000000000888, -12.12435565298214790 ) ) ;
#1843 = VERTEX_POINT ( 'NONE', #1872 ) ;
#1844 = FACE_OUTER_BOUND ( 'NONE', #1401, .T. ) ;
#1845 = ORIENTED_EDGE ( 'NONE', *, *, #2584, .F. ) ;
#1846 = CARTESIAN_POINT ( 'NONE',  ( 17.75352077758099156, 11.00000000000000000, -10.25000000000000533 ) ) ;
#1847 = FACE_OUTER_BOUND ( 'NONE', #323, .T. ) ;
#1848 = TOROIDAL_SURFACE ( 'NONE', #549, 28.99999999999999289, 3.000000000000002665 ) ;
#1849 = DIRECTION ( 'NONE',  ( 0.000000000000000000, 1.000000000000000000, 0.000000000000000000 ) ) ;
#1850 = ORIENTED_EDGE ( 'NONE', *, *, #1122, .T. ) ;
#1851 = CIRCLE ( 'NONE', #2542, 25.99999999999999645 ) ;
#1852 = CARTESIAN_POINT ( 'NONE',  ( -22.49999477098400291, 4.000078435246186892, 0.1964229202914070105 ) ) ;
#1853 = TOROIDAL_SURFACE ( 'NONE', #2720, 28.99999999999999289, 3.000000000000002665 ) ;
#1854 = VERTEX_POINT ( 'NONE', #1905 ) ;
#1855 = CARTESIAN_POINT ( 'NONE',  ( 14.00000000000000000, 11.00000000000000000, 0.000000000000000000 ) ) ;
#1856 = LINE ( 'NONE', #2559, #698 ) ;
#1857 = AXIS2_PLACEMENT_3D ( 'NONE', #2116, #1146, #2071 ) ;
#1858 = DIRECTION ( 'NONE',  ( -0.000000000000000000, 1.000000000000000000, -0.000000000000000000 ) ) ;
#1859 = ADVANCED_FACE ( 'NONE', ( #67 ), #275, .T. ) ;
#1860 = EDGE_LOOP ( 'NONE', ( #2309, #675, #2743, #216 ) ) ;
#1861 = STYLED_ITEM ( 'NONE', ( #2369 ), #2594 ) ;
#1862 = CONICAL_SURFACE ( 'NONE', #2731, 5.500000000000000000, 0.7853981633974500554 ) ;
#1863 = EDGE_CURVE ( 'NONE', #1736, #1503, #80, .T. ) ;
#1864 = CARTESIAN_POINT ( 'NONE',  ( 1.714505518806294638E-15, 16.99999999999999645, -13.99999999999999822 ) ) ;
#1865 = EDGE_LOOP ( 'NONE', ( #626, #175, #1778, #2970 ) ) ;
#1866 = CARTESIAN_POINT ( 'NONE',  ( 17.75352077758099867, 11.00000000000000000, 10.24999999999999645 ) ) ;
#1867 = CIRCLE ( 'NONE', #2211, 6.499999999999984901 ) ;
#1868 = DIRECTION ( 'NONE',  ( -0.000000000000000000, 1.000000000000000000, -0.000000000000000000 ) ) ;
#1869 = FILL_AREA_STYLE_COLOUR ( '', #422 ) ;
#1870 = VERTEX_POINT ( 'NONE', #243 ) ;
#1871 =( NAMED_UNIT ( * ) SI_UNIT ( $, .STERADIAN. ) SOLID_ANGLE_UNIT ( ) );
#1872 = CARTESIAN_POINT ( 'NONE',  ( 3.122849337825752194E-15, 11.00000000000000000, 25.00000000000002132 ) ) ;
#1873 = CARTESIAN_POINT ( 'NONE',  ( -14.00000000000000000, 7.000000000000000888, 1.734723475976807094E-15 ) ) ;
#1874 = DIRECTION ( 'NONE',  ( 0.000000000000000000, -1.000000000000000000, 0.000000000000000000 ) ) ;
#1875 = VERTEX_POINT ( 'NONE', #289 ) ;
#1876 = ORIENTED_EDGE ( 'NONE', *, *, #1680, .F. ) ;
#1877 = CYLINDRICAL_SURFACE ( 'NONE', #416, 0.7999999999999986011 ) ;
#1878 = ITEM_DEFINED_TRANSFORMATION ( 'NONE', 'NONE', #579,  #39 ) ;
#1879 = VERTEX_POINT ( 'NONE', #2601 ) ;
#1880 = CYLINDRICAL_SURFACE ( 'NONE', #1567, 0.7999999999999986011 ) ;
#1881 = UNCERTAINTY_MEASURE_WITH_UNIT (LENGTH_MEASURE( 1.000000000000000082E-05 ), #1684, 'distance_accuracy_value', 'NONE');
#1882 = ADVANCED_FACE ( 'NONE', ( #932 ), #1521, .F. ) ;
#1883 = ADVANCED_FACE ( 'NONE', ( #997 ), #2771, .F. ) ;
#1884 = CARTESIAN_POINT ( 'NONE',  ( -22.44994432064364531, 5.500000000000001776, -1.500000000000000222 ) ) ;
#1885 = DIRECTION ( 'NONE',  ( 0.000000000000000000, 0.000000000000000000, 1.000000000000000000 ) ) ;
#1886 = ORIENTED_EDGE ( 'NONE', *, *, #2352, .F. ) ;
#1887 =( NAMED_UNIT ( * ) PLANE_ANGLE_UNIT ( ) SI_UNIT ( $, .RADIAN. ) );
#1888 = ORIENTED_EDGE ( 'NONE', *, *, #132, .F. ) ;
#1889 = CYLINDRICAL_SURFACE ( 'NONE', #1805, 5.500000000000001776 ) ;
#1890 = DIRECTION ( 'NONE',  ( 0.000000000000000000, -0.7071067811865500152, -0.7071067811865451302 ) ) ;
#1891 = DIRECTION ( 'NONE',  ( 0.000000000000000000, 0.000000000000000000, 1.000000000000000000 ) ) ;
#1892 = CIRCLE ( 'NONE', #2663, 3.000000000000000444 ) ;
#1893 = ORIENTED_EDGE ( 'NONE', *, *, #1008, .F. ) ;
#1894 = AXIS2_PLACEMENT_3D ( 'NONE', #2110, #919, #982 ) ;
#1895 = ORIENTED_EDGE ( 'NONE', *, *, #145, .F. ) ;
#1896 = DIRECTION ( 'NONE',  ( -0.000000000000000000, 1.000000000000000000, -0.000000000000000000 ) ) ;
#1897 = DIRECTION ( 'NONE',  ( -0.000000000000000000, 1.000000000000000000, -0.000000000000000000 ) ) ;
#1898 = CYLINDRICAL_SURFACE ( 'NONE', #492, 5.500000000000000000 ) ;
#1899 = CARTESIAN_POINT ( 'NONE',  ( 0.000000000000000000, 0.000000000000000000, 0.000000000000000000 ) ) ;
#1900 = EDGE_CURVE ( 'NONE', #2339, #1262, #1382, .T. ) ;
#1901 = ADVANCED_FACE ( 'NONE', ( #1675 ), #1641, .F. ) ;
#1902 = CARTESIAN_POINT ( 'NONE',  ( -22.48151868027930078, 4.300930365505370112, 0.9222235973108767748 ) ) ;
#1903 = EDGE_CURVE ( 'NONE', #86, #360, #1328, .T. ) ;
#1904 = ORIENTED_EDGE ( 'NONE', *, *, #1371, .F. ) ;
#1905 = CARTESIAN_POINT ( 'NONE',  ( 0.000000000000000000, -36.99999999999999289, 25.99999999999999645 ) ) ;
#1906 = AXIS2_PLACEMENT_3D ( 'NONE', #157, #85, #1522 ) ;
#1907 = CARTESIAN_POINT ( 'NONE',  ( 6.999999999999992006, 7.000000000000000888, -18.62435565298215678 ) ) ;
#1908 =( LENGTH_UNIT ( ) NAMED_UNIT ( * ) SI_UNIT ( .MILLI., .METRE. ) );
#1909 = ORIENTED_EDGE ( 'NONE', *, *, #2915, .F. ) ;
#1910 = AXIS2_PLACEMENT_3D ( 'NONE', #530, #2809, #2574 ) ;
#1911 = EDGE_LOOP ( 'NONE', ( #158, #106, #228, #401 ) ) ;
#1912 = CARTESIAN_POINT ( 'NONE',  ( 14.00000000000000000, 0.000000000000000000, 0.000000000000000000 ) ) ;
#1913 = VECTOR ( 'NONE', #1593, 1000.000000000000000 ) ;
#1914 = AXIS2_PLACEMENT_3D ( 'NONE', #1846, #925, #1188 ) ;
#1915 = CARTESIAN_POINT ( 'NONE',  ( -22.44994432064364531, 5.695779574478981644, -1.500000000000000444 ) ) ;
#1916 = CARTESIAN_POINT ( 'NONE',  ( 7.000000000000000888, 7.999999999999994671, 17.62435565298214257 ) ) ;
#1917 = AXIS2_PLACEMENT_3D ( 'NONE', #1395, #1422, #2791 ) ;
#1918 = EDGE_CURVE ( 'NONE', #1104, #2070, #2679, .T. ) ;
#1919 = CARTESIAN_POINT ( 'NONE',  ( -20.49999999999998224, -36.99999999999999289, 0.000000000000000000 ) ) ;
#1920 = ORIENTED_EDGE ( 'NONE', *, *, #1123, .T. ) ;
#1921 = DIRECTION ( 'NONE',  ( -0.000000000000000000, -1.000000000000000000, -0.000000000000000000 ) ) ;
#1922 = LINE ( 'NONE', #2854, #695 ) ;
#1923 = FACE_OUTER_BOUND ( 'NONE', #599, .T. ) ;
#1924 = ADVANCED_FACE ( 'NONE', ( #2371 ), #2207, .F. ) ;
#1925 = ADVANCED_FACE ( 'NONE', ( #2386 ), #1226, .F. ) ;
#1926 = FACE_OUTER_BOUND ( 'NONE', #1356, .T. ) ;
#1927 = ORIENTED_EDGE ( 'NONE', *, *, #2625, .T. ) ;
#1928 = PRODUCT ( 'ПР-1000 (в сборе с заливкой)', 'ПР-1000 (в сборе с заливкой)', '', ( #2908 ) ) ;
#1929 = ORIENTED_EDGE ( 'NONE', *, *, #2673, .F. ) ;
#1930 = FACE_OUTER_BOUND ( 'NONE', #1144, .T. ) ;
#1931 = DIRECTION ( 'NONE',  ( 0.000000000000000000, 0.000000000000000000, -1.000000000000000000 ) ) ;
#1932 = CARTESIAN_POINT ( 'NONE',  ( -7.000000000000006217, 7.000000000000000888, -18.62435565298212481 ) ) ;
#1933 = ORIENTED_EDGE ( 'NONE', *, *, #1529, .T. ) ;
#1934 =( GEOMETRIC_REPRESENTATION_CONTEXT ( 3 ) GLOBAL_UNCERTAINTY_ASSIGNED_CONTEXT ( ( #467 ) ) GLOBAL_UNIT_ASSIGNED_CONTEXT ( ( #811, #1003, #1726 ) ) REPRESENTATION_CONTEXT ( 'NONE', 'WORKASPACE' ) );
#1935 = DIRECTION ( 'NONE',  ( -0.000000000000000000, 1.000000000000000000, -0.000000000000000000 ) ) ;
#1936 = EDGE_LOOP ( 'NONE', ( #2790, #2362 ) ) ;
#1937 = CARTESIAN_POINT ( 'NONE',  ( -22.45960795916725061, 6.165009466626633738, 1.348121859716413740 ) ) ;
#1938 = CARTESIAN_POINT ( 'NONE',  ( 0.000000000000000000, 0.000000000000000000, -20.50000000000000000 ) ) ;
#1939 = DIRECTION ( 'NONE',  ( 0.000000000000000000, 0.000000000000000000, 1.000000000000000000 ) ) ;
#1940 = ORIENTED_EDGE ( 'NONE', *, *, #2156, .T. ) ;
#1941 = EDGE_CURVE ( 'NONE', #2583, #1632, #137, .T. ) ;
#1942 = EDGE_CURVE ( 'NONE', #494, #2070, #2227, .T. ) ;
#1943 = CARTESIAN_POINT ( 'NONE',  ( -25.97269307091677248, 6.415084560328849328, -1.192549189273450772 ) ) ;
#1944 = CARTESIAN_POINT ( 'NONE',  ( 0.000000000000000000, 0.000000000000000000, 0.000000000000000000 ) ) ;
#1945 = ORIENTED_EDGE ( 'NONE', *, *, #95, .T. ) ;
#1946 = CARTESIAN_POINT ( 'NONE',  ( -17.75352077758099156, 0.000000000000000000, 10.25000000000000888 ) ) ;
#1947 = TOROIDAL_SURFACE ( 'NONE', #12, 14.00000000000000000, 3.000000000000001776 ) ;
#1948 = FACE_OUTER_BOUND ( 'NONE', #148, .T. ) ;
#1949 = ORIENTED_EDGE ( 'NONE', *, *, #224, .T. ) ;
#1950 = ORIENTED_EDGE ( 'NONE', *, *, #1766, .T. ) ;
#1951 = DIRECTION ( 'NONE',  ( 0.000000000000000000, -0.000000000000000000, -1.000000000000000000 ) ) ;
#1952 = EDGE_LOOP ( 'NONE', ( #690, #2114, #2239, #961 ) ) ;
#1953 = CARTESIAN_POINT ( 'NONE',  ( 0.000000000000000000, 11.17157287525380838, 0.000000000000000000 ) ) ;
#1954 = DIRECTION ( 'NONE',  ( 0.000000000000000000, 0.000000000000000000, 1.000000000000000000 ) ) ;
#1955 = AXIS2_PLACEMENT_3D ( 'NONE', #2975, #13, #29 ) ;
#1956 = CARTESIAN_POINT ( 'NONE',  ( -25.97553668579977426, 6.491605001558343524, 1.129728279893245535 ) ) ;
#1957 = CIRCLE ( 'NONE', #123, 6.499999999999986677 ) ;
#1958 = EDGE_CURVE ( 'NONE', #1098, #790, #2648, .T. ) ;
#1959 = CARTESIAN_POINT ( 'NONE',  ( 3.918869757271528685E-15, 0.000000000000000000, -31.99999999999998579 ) ) ;
#1960 = ORIENTED_EDGE ( 'NONE', *, *, #2096, .T. ) ;
#1961 = CIRCLE ( 'NONE', #1709, 5.500000000000000000 ) ;
#1962 = EDGE_CURVE ( 'NONE', #1503, #1736, #2165, .T. ) ;
#1963 = CIRCLE ( 'NONE', #606, 6.500000000000007105 ) ;
#1964 = DIRECTION ( 'NONE',  ( -0.000000000000000000, -1.000000000000000000, -0.000000000000000000 ) ) ;
#1965 = CYLINDRICAL_SURFACE ( 'NONE', #824, 5.499999999999998224 ) ;
#1966 = ORIENTED_EDGE ( 'NONE', *, *, #1046, .F. ) ;
#1967 = CIRCLE ( 'NONE', #130, 22.50000000000000000 ) ;
#1968 = CIRCLE ( 'NONE', #2169, 0.7999999999999986011 ) ;
#1969 = DIRECTION ( 'NONE',  ( -0.000000000000000000, 1.000000000000000000, -0.000000000000000000 ) ) ;
#1970 = VERTEX_POINT ( 'NONE', #2672 ) ;
#1971 = DIRECTION ( 'NONE',  ( 0.000000000000000000, 1.000000000000000000, 0.000000000000000000 ) ) ;
#1972 = CARTESIAN_POINT ( 'NONE',  ( 0.000000000000000000, 0.000000000000000000, 0.000000000000000000 ) ) ;
#1973 = AXIS2_PLACEMENT_3D ( 'NONE', #2104, #1206, #733 ) ;
#1974 = DIRECTION ( 'NONE',  ( 0.000000000000000000, 0.000000000000000000, 1.000000000000000000 ) ) ;
#1975 = EDGE_LOOP ( 'NONE', ( #1715, #1022, #834, #1138 ) ) ;
#1976 = DIRECTION ( 'NONE',  ( 0.000000000000000000, 0.000000000000000000, 1.000000000000000000 ) ) ;
#1977 = PRODUCT_DEFINITION_SHAPE ( 'NONE', 'NONE',  #2414 ) ;
#1978 = EDGE_LOOP ( 'NONE', ( #2173, #357 ) ) ;
#1979 = EDGE_CURVE ( 'NONE', #2290, #2983, #1385, .T. ) ;
#1980 = DIRECTION ( 'NONE',  ( -0.000000000000000000, -1.000000000000000000, -0.000000000000000000 ) ) ;
#1981 = ORIENTED_EDGE ( 'NONE', *, *, #1605, .T. ) ;
#1982 = CARTESIAN_POINT ( 'NONE',  ( -6.999999999999996447, 7.000000000000000888, 18.62435565298212836 ) ) ;
#1983 = STYLED_ITEM ( 'NONE', ( #581 ), #2783 ) ;
#1984 = CARTESIAN_POINT ( 'NONE',  ( 2.618741794960585849E-15, 11.00000000000000000, 19.70000000000000284 ) ) ;
#1985 = CARTESIAN_POINT ( 'NONE',  ( 0.000000000000000000, 200.0000000000000000, 0.000000000000000000 ) ) ;
#1986 = ORIENTED_EDGE ( 'NONE', *, *, #775, .F. ) ;
#1987 = CIRCLE ( 'NONE', #1309, 11.50000000000000000 ) ;
#1988 = VECTOR ( 'NONE', #329, 1000.000000000000000 ) ;
#1989 = DIRECTION ( 'NONE',  ( 0.000000000000000000, 0.000000000000000000, 1.000000000000000000 ) ) ;
#1990 = SHAPE_DEFINITION_REPRESENTATION ( #1468, #2035 ) ;
#1991 = VECTOR ( 'NONE', #1735, 1000.000000000000000 ) ;
#1992 = EDGE_LOOP ( 'NONE', ( #1417, #1248, #1520, #1541 ) ) ;
#1993 = EDGE_CURVE ( 'NONE', #937, #2739, #31, .T. ) ;
#1994 = DIRECTION ( 'NONE',  ( 0.000000000000000000, 0.000000000000000000, 1.000000000000000000 ) ) ;
#1995 = FACE_OUTER_BOUND ( 'NONE', #1860, .T. ) ;
#1996 = EDGE_LOOP ( 'NONE', ( #1112, #432, #996, #1174 ) ) ;
#1997 = DIRECTION ( 'NONE',  ( 0.000000000000000000, 0.000000000000000000, 1.000000000000000000 ) ) ;
#1998 = B_SPLINE_CURVE_WITH_KNOTS ( 'NONE', 3,
 ( #423, #2911, #883, #1802, #2726, #854, #2525, #1580, #1358, #2058, #1771, #2976, #898, #837, #1820, #2685, #2698, #1547, #2742, #628, #2087, #237, #499, #453 ),
 .UNSPECIFIED., .F., .F.,
 ( 4, 2, 2, 2, 2, 2, 2, 2, 2, 2, 2, 4 ),
 ( 0.007036662836466224362, 0.007622843397167683097, 0.007915933677518414632, 0.008209023957869144433, 0.008795204518570604035, 0.009381385079272063637, 0.009674475359622791704, 0.009967565639973521505, 0.01026065592032425131, 0.01055374620067498111, 0.01113992676137643897, 0.01172610732207789858 ),
 .UNSPECIFIED. ) ;
#1999 = EDGE_CURVE ( 'NONE', #1470, #1004, #2458, .T. ) ;
#2000 = DIRECTION ( 'NONE',  ( -0.000000000000000000, 1.000000000000000000, -0.000000000000000000 ) ) ;
#2001 = DIRECTION ( 'NONE',  ( 0.000000000000000000, 0.7071067811865469066, 0.7071067811865482389 ) ) ;
#2002 = AXIS2_PLACEMENT_3D ( 'NONE', #2167, #311, #284 ) ;
#2003 = ORIENTED_EDGE ( 'NONE', *, *, #198, .F. ) ;
#2004 = DIRECTION ( 'NONE',  ( 0.000000000000000000, 0.000000000000000000, -1.000000000000000000 ) ) ;
#2005 = AXIS2_PLACEMENT_3D ( 'NONE', #916, #68, #2779 ) ;
#2006 = ORIENTED_EDGE ( 'NONE', *, *, #1710, .T. ) ;
#2007 = CIRCLE ( 'NONE', #1236, 25.00000000000002132 ) ;
#2008 = CARTESIAN_POINT ( 'NONE',  ( 14.00000000000000000, 10.00000000000001776, 0.000000000000000000 ) ) ;
#2009 = DIRECTION ( 'NONE',  ( 0.000000000000000000, 0.000000000000000000, 1.000000000000000000 ) ) ;
#2010 = AXIS2_PLACEMENT_3D ( 'NONE', #349, #1526, #1997 ) ;
#2011 = ORIENTED_EDGE ( 'NONE', *, *, #1531, .F. ) ;
#2012 = DIRECTION ( 'NONE',  ( -0.000000000000000000, -1.000000000000000000, -0.000000000000000000 ) ) ;
#2013 = AXIS2_PLACEMENT_3D ( 'NONE', #2363, #100, #309 ) ;
#2014 = DIRECTION ( 'NONE',  ( 0.000000000000000000, 1.000000000000000000, 0.000000000000000000 ) ) ;
#2015 = CIRCLE ( 'NONE', #806, 3.000000000000002665 ) ;
#2016 = ADVANCED_FACE ( 'NONE', ( #784 ), #1757, .F. ) ;
#2017 = CARTESIAN_POINT ( 'NONE',  ( 0.000000000000000000, 7.000000000000002665, 0.000000000000000000 ) ) ;
#2018 = EDGE_CURVE ( 'NONE', #1322, #2218, #167, .T. ) ;
#2019 = ORIENTED_EDGE ( 'NONE', *, *, #2129, .T. ) ;
#2020 = CARTESIAN_POINT ( 'NONE',  ( 0.000000000000000000, -2.000000000000002220, 0.000000000000000000 ) ) ;
#2021 = APPLICATION_PROTOCOL_DEFINITION ( 'draft international standard', 'automotive_design', 1998, #2358 ) ;
#2022 = EDGE_LOOP ( 'NONE', ( #1611, #1601, #362, #2487, #812 ) ) ;
#2023 = CARTESIAN_POINT ( 'NONE',  ( 0.000000000000000000, 17.00000000000000000, -5.750000000000000000 ) ) ;
#2024 = CARTESIAN_POINT ( 'NONE',  ( 0.000000000000000000, 0.000000000000000000, 0.000000000000000000 ) ) ;
#2025 = ORIENTED_EDGE ( 'NONE', *, *, #2314, .T. ) ;
#2026 = FACE_BOUND ( 'NONE', #386, .T. ) ;
#2027 = AXIS2_PLACEMENT_3D ( 'NONE', #1469, #2697, #1939 ) ;
#2028 = CARTESIAN_POINT ( 'NONE',  ( 6.999999999999992006, 7.000000000000000888, -12.12435565298214790 ) ) ;
#2029 = AXIS2_PLACEMENT_3D ( 'NONE', #1294, #2475, #833 ) ;
#2030 = FILL_AREA_STYLE ('',( #1764 ) ) ;
#2031 = EDGE_CURVE ( 'NONE', #2536, #2764, #342, .T. ) ;
#2032 = VERTEX_POINT ( 'NONE', #1982 ) ;
#2033 = EDGE_CURVE ( 'NONE', #2070, #1104, #414, .T. ) ;
#2034 = DIRECTION ( 'NONE',  ( -0.000000000000000000, -1.000000000000000000, -0.000000000000000000 ) ) ;
#2035 = SHAPE_REPRESENTATION ( 'ПР-1000 заливка антенны', ( #39 ), #2562 ) ;
#2036 = FACE_OUTER_BOUND ( 'NONE', #465, .T. ) ;
#2037 = EDGE_CURVE ( 'NONE', #2600, #2520, #2109, .T. ) ;
#2038 = CARTESIAN_POINT ( 'NONE',  ( 3.184081677783118191E-15, 0.000000000000000000, 26.00000000000000000 ) ) ;
#2039 = ORIENTED_EDGE ( 'NONE', *, *, #430, .T. ) ;
#2040 = CONICAL_SURFACE ( 'NONE', #727, 5.499999999999998224, 0.7853981633974491672 ) ;
#2041 = CIRCLE ( 'NONE', #1784, 2.999999999999998224 ) ;
#2042 = DIRECTION ( 'NONE',  ( 0.000000000000000000, 1.000000000000000000, 0.000000000000000000 ) ) ;
#2043 = DIRECTION ( 'NONE',  ( 8.659560562354941486E-17, 0.7071067811865469066, -0.7071067811865482389 ) ) ;
#2044 = EDGE_LOOP ( 'NONE', ( #2196, #1081, #903, #2610 ) ) ;
#2045 = CARTESIAN_POINT ( 'NONE',  ( -25.95669470483482044, 5.500000000000001776, 1.500000000000000222 ) ) ;
#2046 = FACE_BOUND ( 'NONE', #2706, .T. ) ;
#2047 = CARTESIAN_POINT ( 'NONE',  ( 3.918869757271529474E-15, 2.343145750507618530, -31.99999999999999289 ) ) ;
#2048 = CARTESIAN_POINT ( 'NONE',  ( 0.000000000000000000, 7.000000000000000888, -20.50000000000000000 ) ) ;
#2049 = VERTEX_POINT ( 'NONE', #2185 ) ;
#2050 = LINE ( 'NONE', #1351, #2543 ) ;
#2051 = DIRECTION ( 'NONE',  ( -0.000000000000000000, 1.000000000000000000, -0.000000000000000000 ) ) ;
#2052 = EDGE_CURVE ( 'NONE', #762, #1456, #655, .T. ) ;
#2053 = DIRECTION ( 'NONE',  ( -0.000000000000000000, 1.000000000000000000, -0.000000000000000000 ) ) ;
#2054 = CIRCLE ( 'NONE', #1279, 6.499999999999984901 ) ;
#2055 = ORIENTED_EDGE ( 'NONE', *, *, #2531, .F. ) ;
#2056 = EDGE_CURVE ( 'NONE', #424, #906, #2890, .T. ) ;
#2057 = DIRECTION ( 'NONE',  ( 0.000000000000000000, 0.000000000000000000, -1.000000000000000000 ) ) ;
#2058 = CARTESIAN_POINT ( 'NONE',  ( -25.99764102039258873, 4.039547856569336126, 0.3940099852669494140 ) ) ;
#2059 = ORIENTED_EDGE ( 'NONE', *, *, #1255, .F. ) ;
#2060 = AXIS2_PLACEMENT_3D ( 'NONE', #53, #244, #1631 ) ;
#2061 = AXIS2_PLACEMENT_3D ( 'NONE', #107, #1971, #2872 ) ;
#2062 = DIRECTION ( 'NONE',  ( -0.000000000000000000, 1.000000000000000000, -0.000000000000000000 ) ) ;
#2063 = DIRECTION ( 'NONE',  ( -0.000000000000000000, 1.000000000000000000, -0.000000000000000000 ) ) ;
#2064 = CIRCLE ( 'NONE', #708, 11.50000000000000000 ) ;
#2065 = FILL_AREA_STYLE ('',( #2243 ) ) ;
#2066 = EDGE_LOOP ( 'NONE', ( #436, #1565, #1389, #1909 ) ) ;
#2067 = CIRCLE ( 'NONE', #36, 3.000000000000000444 ) ;
#2068 = CARTESIAN_POINT ( 'NONE',  ( 2.520770051028797809E-15, 7.000000000000000888, 20.50000000000000000 ) ) ;
#2069 = CONTEXT_DEPENDENT_SHAPE_REPRESENTATION ( #2234, #788 ) ;
#2070 = VERTEX_POINT ( 'NONE', #2214 ) ;
#2071 = DIRECTION ( 'NONE',  ( 0.000000000000000000, 0.000000000000000000, 1.000000000000000000 ) ) ;
#2072 = DIRECTION ( 'NONE',  ( 0.000000000000000000, 0.7071067811865469066, 0.7071067811865482389 ) ) ;
#2073 = FILL_AREA_STYLE ('',( #1869 ) ) ;
#2074 = ADVANCED_FACE ( 'NONE', ( #2901 ), #2494, .F. ) ;
#2075 = EDGE_CURVE ( 'NONE', #2127, #1640, #363, .T. ) ;
#2076 = ORIENTED_EDGE ( 'NONE', *, *, #2533, .F. ) ;
#2077 = DIRECTION ( 'NONE',  ( 8.659560562354948882E-17, 0.7071067811865463515, -0.7071067811865487940 ) ) ;
#2078 = CARTESIAN_POINT ( 'NONE',  ( -22.45311989741878378, 5.110326346013454035, -1.451818441993266928 ) ) ;
#2079 = DIRECTION ( 'NONE',  ( 0.000000000000000000, 0.000000000000000000, 1.000000000000000000 ) ) ;
#2080 = FACE_OUTER_BOUND ( 'NONE', #942, .T. ) ;
#2081 = ORIENTED_EDGE ( 'NONE', *, *, #2128, .T. ) ;
#2082 = APPLICATION_CONTEXT ( 'automotive_design' ) ;
#2083 = DIRECTION ( 'NONE',  ( 0.000000000000000000, 1.000000000000000000, 0.000000000000000000 ) ) ;
#2084 = ORIENTED_EDGE ( 'NONE', *, *, #844, .T. ) ;
#2085 = CARTESIAN_POINT ( 'NONE',  ( -7.000000000000006217, 9.999999999999994671, -6.624355652982139020 ) ) ;
#2086 = DIRECTION ( 'NONE',  ( -0.000000000000000000, 1.000000000000000000, -0.000000000000000000 ) ) ;
#2087 = CARTESIAN_POINT ( 'NONE',  ( -25.96701884976164010, 4.745922535189669667, -1.311307627353269778 ) ) ;
#2088 = AXIS2_PLACEMENT_3D ( 'NONE', #540, #1699, #60 ) ;
#2089 = ORIENTED_EDGE ( 'NONE', *, *, #1199, .T. ) ;
#2090 = EDGE_CURVE ( 'NONE', #1456, #762, #941, .T. ) ;
#2091 = CARTESIAN_POINT ( 'NONE',  ( -22.46844021201496844, 4.584906121629406250, -1.192541578255202461 ) ) ;
#2092 = VERTEX_POINT ( 'NONE', #2730 ) ;
#2093 = AXIS2_PLACEMENT_3D ( 'NONE', #37, #1198, #2126 ) ;
#2094 = DIRECTION ( 'NONE',  ( -0.000000000000000000, 1.000000000000000000, -0.000000000000000000 ) ) ;
#2095 = DIRECTION ( 'NONE',  ( 0.000000000000000000, 0.000000000000000000, 1.000000000000000000 ) ) ;
#2096 = EDGE_CURVE ( 'NONE', #27, #2862, #1963, .T. ) ;
#2097 = CARTESIAN_POINT ( 'NONE',  ( -7.000000000000005329, 0.000000000000000000, -17.62435565298213902 ) ) ;
#2098 = VERTEX_POINT ( 'NONE', #1582 ) ;
#2099 = DIRECTION ( 'NONE',  ( 0.000000000000000000, 0.000000000000000000, 1.000000000000000000 ) ) ;
#2100 = ORIENTED_EDGE ( 'NONE', *, *, #1101, .F. ) ;
#2101 = CARTESIAN_POINT ( 'NONE',  ( 3.551475717527323241E-15, -36.99999999999999289, -25.99999999999999645 ) ) ;
#2102 = LINE ( 'NONE', #236, #2818 ) ;
#2103 = VECTOR ( 'NONE', #1251, 1000.000000000000000 ) ;
#2104 = CARTESIAN_POINT ( 'NONE',  ( 0.000000000000000000, 6.999999999999999112, 0.000000000000000000 ) ) ;
#2105 = VECTOR ( 'NONE', #213, 1000.000000000000000 ) ;
#2106 = AXIS2_PLACEMENT_3D ( 'NONE', #1808, #1790, #2712 ) ;
#2107 = PLANE ( 'NONE',  #2450 ) ;
#2108 = FACE_BOUND ( 'NONE', #2551, .T. ) ;
#2109 = CIRCLE ( 'NONE', #1330, 5.750000000000001776 ) ;
#2110 = CARTESIAN_POINT ( 'NONE',  ( 17.75352077758099867, 7.000000000000000888, 10.24999999999999645 ) ) ;
#2111 = ORIENTED_EDGE ( 'NONE', *, *, #2882, .T. ) ;
#2112 = EDGE_CURVE ( 'NONE', #97, #1269, #1088, .T. ) ;
#2113 = CIRCLE ( 'NONE', #2310, 0.7999999999999986011 ) ;
#2114 = ORIENTED_EDGE ( 'NONE', *, *, #1050, .F. ) ;
#2115 = VERTEX_POINT ( 'NONE', #2045 ) ;
#2116 = CARTESIAN_POINT ( 'NONE',  ( -7.000000000000006217, 0.000000000000000000, -12.12435565298213902 ) ) ;
#2117 = STYLED_ITEM ( 'NONE', ( #1033 ), #1663 ) ;
#2118 = DIRECTION ( 'NONE',  ( 0.000000000000000000, 0.000000000000000000, 1.000000000000000000 ) ) ;
#2119 = DIRECTION ( 'NONE',  ( -0.000000000000000000, 1.000000000000000000, -0.000000000000000000 ) ) ;
#2120 = CARTESIAN_POINT ( 'NONE',  ( 0.000000000000000000, -31.00000000000000000, 0.000000000000000000 ) ) ;
#2121 = ORIENTED_EDGE ( 'NONE', *, *, #2052, .F. ) ;
#2122 = CARTESIAN_POINT ( 'NONE',  ( -22.45309665604902705, 5.111740590616868474, 1.452176056806567805 ) ) ;
#2123 = ORIENTED_EDGE ( 'NONE', *, *, #535, .T. ) ;
#2124 = CARTESIAN_POINT ( 'NONE',  ( -26.00000000000000355, 11.00000000000000000, 0.000000000000000000 ) ) ;
#2125 = CARTESIAN_POINT ( 'NONE',  ( 14.00000000000000000, 7.000000000000000888, 6.499999999999984901 ) ) ;
#2126 = DIRECTION ( 'NONE',  ( 0.000000000000000000, 0.000000000000000000, -1.000000000000000000 ) ) ;
#2127 = VERTEX_POINT ( 'NONE', #210 ) ;
#2128 = EDGE_CURVE ( 'NONE', #715, #1475, #1130, .T. ) ;
#2129 = EDGE_CURVE ( 'NONE', #303, #2263, #630, .T. ) ;
#2130 = CIRCLE ( 'NONE', #2027, 0.7999999999999986011 ) ;
#2131 = VERTEX_POINT ( 'NONE', #1597 ) ;
#2132 = DIRECTION ( 'NONE',  ( -0.000000000000000000, -1.000000000000000000, -0.000000000000000000 ) ) ;
#2133 = ITEM_DEFINED_TRANSFORMATION ( 'NONE', 'NONE', #2468,  #39 ) ;
#2134 = UNCERTAINTY_MEASURE_WITH_UNIT (LENGTH_MEASURE( 1.000000000000000082E-05 ), #1908, 'distance_accuracy_value', 'NONE');
#2135 = AXIS2_PLACEMENT_3D ( 'NONE', #851, #204, #1355 ) ;
#2136 = EDGE_CURVE ( 'NONE', #512, #502, #1113, .T. ) ;
#2137 = CARTESIAN_POINT ( 'NONE',  ( -22.44994432064364531, 5.500000000000001776, -1.500000000000000222 ) ) ;
#2138 = DIRECTION ( 'NONE',  ( 0.000000000000000000, 0.000000000000000000, 1.000000000000000000 ) ) ;
#2139 = DIRECTION ( 'NONE',  ( 0.000000000000000000, 0.000000000000000000, 1.000000000000000000 ) ) ;
#2140 = VERTEX_POINT ( 'NONE', #1082 ) ;
#2141 = DIRECTION ( 'NONE',  ( -0.000000000000000000, 1.000000000000000000, -0.000000000000000000 ) ) ;
#2142 = VERTEX_POINT ( 'NONE', #1378 ) ;
#2143 = DIRECTION ( 'NONE',  ( -0.000000000000000000, -1.000000000000000000, -0.000000000000000000 ) ) ;
#2144 = AXIS2_PLACEMENT_3D ( 'NONE', #2068, #2753, #2099 ) ;
#2145 = FACE_BOUND ( 'NONE', #232, .T. ) ;
#2146 = VECTOR ( 'NONE', #850, 1000.000000000000000 ) ;
#2147 = FACE_OUTER_BOUND ( 'NONE', #51, .T. ) ;
#2148 = AXIS2_PLACEMENT_3D ( 'NONE', #2780, #1874, #2323 ) ;
#2149 = ORIENTED_EDGE ( 'NONE', *, *, #1323, .T. ) ;
#2150 = ORIENTED_EDGE ( 'NONE', *, *, #2500, .F. ) ;
#2151 = DIRECTION ( 'NONE',  ( 0.000000000000000000, 0.000000000000000000, 1.000000000000000000 ) ) ;
#2152 = EDGE_CURVE ( 'NONE', #2467, #2862, #2302, .T. ) ;
#2153 = CARTESIAN_POINT ( 'NONE',  ( -22.46189185095558827, 6.254433899606406833, -1.311116467337159586 ) ) ;
#2154 = DIRECTION ( 'NONE',  ( -0.000000000000000000, 1.000000000000000000, -0.000000000000000000 ) ) ;
#2155 = ORIENTED_EDGE ( 'NONE', *, *, #2037, .T. ) ;
#2156 = EDGE_CURVE ( 'NONE', #2520, #2600, #1666, .T. ) ;
#2157 = CARTESIAN_POINT ( 'NONE',  ( 14.00000000000000000, 7.000000000000000888, 6.499999999999984901 ) ) ;
#2158 = EDGE_LOOP ( 'NONE', ( #1537, #2059, #2404, #72 ) ) ;
#2159 = CIRCLE ( 'NONE', #1906, 0.7999999999999986011 ) ;
#2160 = CYLINDRICAL_SURFACE ( 'NONE', #556, 14.49999999999999467 ) ;
#2161 = CARTESIAN_POINT ( 'NONE',  ( 3.673940397442060361E-16, 200.0000000000000000, 3.000000000000000444 ) ) ;
#2162 = DIRECTION ( 'NONE',  ( -0.000000000000000000, 1.000000000000000000, -0.000000000000000000 ) ) ;
#2163 = ORIENTED_EDGE ( 'NONE', *, *, #1050, .T. ) ;
#2164 = VERTEX_POINT ( 'NONE', #1327 ) ;
#2165 = CIRCLE ( 'NONE', #890, 3.000000000000002220 ) ;
#2166 = CIRCLE ( 'NONE', #2593, 22.50000000000000000 ) ;
#2167 = CARTESIAN_POINT ( 'NONE',  ( -17.75352077758100222, 11.00000000000000000, -10.24999999999998579 ) ) ;
#2168 = DIRECTION ( 'NONE',  ( -0.000000000000000000, 1.000000000000000000, -0.000000000000000000 ) ) ;
#2169 = AXIS2_PLACEMENT_3D ( 'NONE', #2268, #2283, #1128 ) ;
#2170 = ORIENTED_EDGE ( 'NONE', *, *, #1638, .F. ) ;
#2171 = EDGE_CURVE ( 'NONE', #2140, #2747, #2775, .T. ) ;
#2172 = DIRECTION ( 'NONE',  ( 0.000000000000000000, 0.000000000000000000, -1.000000000000000000 ) ) ;
#2173 = ORIENTED_EDGE ( 'NONE', *, *, #2676, .F. ) ;
#2174 = DIRECTION ( 'NONE',  ( 0.000000000000000000, 0.000000000000000000, 1.000000000000000000 ) ) ;
#2175 = DIRECTION ( 'NONE',  ( 0.000000000000000000, 0.000000000000000000, -1.000000000000000000 ) ) ;
#2176 = EDGE_LOOP ( 'NONE', ( #566, #2781 ) ) ;
#2177 = CARTESIAN_POINT ( 'NONE',  ( -25.97550461970675784, 6.490825009628728992, -1.130519076061727191 ) ) ;
#2178 = EDGE_LOOP ( 'NONE', ( #895, #2832, #1200, #2438 ) ) ;
#2179 = FACE_OUTER_BOUND ( 'NONE', #989, .T. ) ;
#2180 = DIRECTION ( 'NONE',  ( 0.000000000000000000, 1.000000000000000000, 0.000000000000000000 ) ) ;
#2181 = FACE_OUTER_BOUND ( 'NONE', #1865, .T. ) ;
#2182 = ORIENTED_EDGE ( 'NONE', *, *, #2449, .T. ) ;
#2183 = DIRECTION ( 'NONE',  ( 0.000000000000000000, 1.000000000000000000, 0.000000000000000000 ) ) ;
#2184 = ORIENTED_EDGE ( 'NONE', *, *, #2112, .F. ) ;
#2185 = CARTESIAN_POINT ( 'NONE',  ( 6.999999999999992895, 8.000000000000008882, -17.62435565298214968 ) ) ;
#2186 = CLOSED_SHELL ( 'NONE', ( #977, #1458, #1730, #1602 ) ) ;
#2187 = ADVANCED_FACE ( 'NONE', ( #1930 ), #1880, .F. ) ;
#2188 = CARTESIAN_POINT ( 'NONE',  ( 14.00000000000000000, 10.00000000000001776, 0.000000000000000000 ) ) ;
#2189 = CARTESIAN_POINT ( 'NONE',  ( 3.551475717527323241E-15, 2.343145750507618530, -28.99999999999998934 ) ) ;
#2190 = EDGE_LOOP ( 'NONE', ( #248, #2229 ) ) ;
#2191 = STYLED_ITEM ( 'NONE', ( #873 ), #662 ) ;
#2192 = CARTESIAN_POINT ( 'NONE',  ( -17.75352077758099156, 0.000000000000000000, 11.05000000000000782 ) ) ;
#2193 = DIRECTION ( 'NONE',  ( -0.000000000000000000, -1.000000000000000000, -0.000000000000000000 ) ) ;
#2194 = ORIENTED_EDGE ( 'NONE', *, *, #160, .F. ) ;
#2195 = DIRECTION ( 'NONE',  ( 0.000000000000000000, 0.000000000000000000, 1.000000000000000000 ) ) ;
#2196 = ORIENTED_EDGE ( 'NONE', *, *, #238, .F. ) ;
#2197 = DIRECTION ( 'NONE',  ( -0.000000000000000000, 1.000000000000000000, -0.000000000000000000 ) ) ;
#2198 = PRODUCT ( 'КМГПЭУГ 6х0,12-2,0', 'КМГПЭУГ 6х0,12-2,0', '', ( #2232 ) ) ;
#2199 = CARTESIAN_POINT ( 'NONE',  ( -17.75352077758099156, 11.00000000000000000, 11.05000000000000782 ) ) ;
#2200 = VECTOR ( 'NONE', #59, 999.9999999999998863 ) ;
#2201 = CYLINDRICAL_SURFACE ( 'NONE', #1706, 0.7999999999999986011 ) ;
#2202 = DIRECTION ( 'NONE',  ( 0.000000000000000000, 1.000000000000000000, 0.000000000000000000 ) ) ;
#2203 = ADVANCED_FACE ( 'NONE', ( #2716 ), #1589, .T. ) ;
#2204 = ORIENTED_EDGE ( 'NONE', *, *, #481, .F. ) ;
#2205 = EDGE_CURVE ( 'NONE', #2266, #1581, #2355, .T. ) ;
#2206 = AXIS2_PLACEMENT_3D ( 'NONE', #2529, #871, #2735 ) ;
#2207 = CONICAL_SURFACE ( 'NONE', #468, 6.499999999999984901, 0.7853981633974439491 ) ;
#2208 = DIRECTION ( 'NONE',  ( 0.000000000000000000, 0.000000000000000000, 1.000000000000000000 ) ) ;
#2209 = SURFACE_SIDE_STYLE ('',( #2382 ) ) ;
#2210 = VERTEX_POINT ( 'NONE', #2988 ) ;
#2211 = AXIS2_PLACEMENT_3D ( 'NONE', #1005, #188, #1343 ) ;
#2212 = FACE_BOUND ( 'NONE', #2332, .T. ) ;
#2213 = EDGE_LOOP ( 'NONE', ( #2897, #1302 ) ) ;
#2214 = CARTESIAN_POINT ( 'NONE',  ( 0.000000000000000000, 11.17157287525380838, 29.99999999999999289 ) ) ;
#2215 = LINE ( 'NONE', #602, #2717 ) ;
#2216 = DIRECTION ( 'NONE',  ( 0.000000000000000000, -0.7071067811865469066, -0.7071067811865482389 ) ) ;
#2217 = CARTESIAN_POINT ( 'NONE',  ( -25.98966468238984362, 6.810843771906699651, -0.7552456158627607330 ) ) ;
#2218 = VERTEX_POINT ( 'NONE', #2291 ) ;
#2219 = EDGE_CURVE ( 'NONE', #937, #1209, #1829, .T. ) ;
#2220 = DIRECTION ( 'NONE',  ( 0.000000000000000000, 0.000000000000000000, 1.000000000000000000 ) ) ;
#2221 = FILL_AREA_STYLE ('',( #1058 ) ) ;
#2222 = EDGE_LOOP ( 'NONE', ( #1665, #2956 ) ) ;
#2223 = EDGE_CURVE ( 'NONE', #2754, #715, #2724, .T. ) ;
#2224 = CYLINDRICAL_SURFACE ( 'NONE', #159, 0.7999999999999986011 ) ;
#2225 = DIRECTION ( 'NONE',  ( 0.000000000000000000, 1.000000000000000000, 0.000000000000000000 ) ) ;
#2226 = ORIENTED_EDGE ( 'NONE', *, *, #332, .T. ) ;
#2227 = LINE ( 'NONE', #817, #2409 ) ;
#2228 = CARTESIAN_POINT ( 'NONE',  ( -25.99999542395935137, 6.999920681955689616, 0.1964237575347132780 ) ) ;
#2229 = ORIENTED_EDGE ( 'NONE', *, *, #2798, .T. ) ;
#2230 = AXIS2_PLACEMENT_3D ( 'NONE', #2800, #1221, #312 ) ;
#2231 = CYLINDRICAL_SURFACE ( 'NONE', #2281, 5.500000000000000000 ) ;
#2232 = PRODUCT_CONTEXT ( 'NONE', #2358, 'mechanical' ) ;
#2233 = EDGE_LOOP ( 'NONE', ( #990, #2939, #270, #884 ) ) ;
#2234 =( REPRESENTATION_RELATIONSHIP ('NONE','NONE', #293, #1416 ) REPRESENTATION_RELATIONSHIP_WITH_TRANSFORMATION ( #2133 )SHAPE_REPRESENTATION_RELATIONSHIP( ) );
#2235 = DIRECTION ( 'NONE',  ( -0.000000000000000000, 1.000000000000000000, -0.000000000000000000 ) ) ;
#2236 = DIRECTION ( 'NONE',  ( 0.000000000000000000, 0.000000000000000000, 1.000000000000000000 ) ) ;
#2237 = EDGE_CURVE ( 'NONE', #2761, #1534, #1806, .T. ) ;
#2238 = EDGE_CURVE ( 'NONE', #1534, #370, #2050, .T. ) ;
#2239 = ORIENTED_EDGE ( 'NONE', *, *, #1145, .T. ) ;
#2240 = DIRECTION ( 'NONE',  ( -0.000000000000000000, 1.000000000000000000, -0.000000000000000000 ) ) ;
#2241 = LINE ( 'NONE', #843, #371 ) ;
#2242 = FACE_OUTER_BOUND ( 'NONE', #345, .T. ) ;
#2243 = FILL_AREA_STYLE_COLOUR ( '', #2476 ) ;
#2244 = AXIS2_PLACEMENT_3D ( 'NONE', #988, #2847, #539 ) ;
#2245 = ORIENTED_EDGE ( 'NONE', *, *, #1942, .T. ) ;
#2246 = CARTESIAN_POINT ( 'NONE',  ( 17.75352077758099156, 0.000000000000000000, -10.25000000000000533 ) ) ;
#2247 = AXIS2_PLACEMENT_3D ( 'NONE', #90, #1001, #1931 ) ;
#2248 = CARTESIAN_POINT ( 'NONE',  ( -17.75352077758100222, 7.000000000000000888, -10.24999999999998579 ) ) ;
#2249 = CIRCLE ( 'NONE', #510, 5.500000000000001776 ) ;
#2250 = SHAPE_DEFINITION_REPRESENTATION ( #1025, #293 ) ;
#2251 = ORIENTED_EDGE ( 'NONE', *, *, #239, .F. ) ;
#2252 = DIRECTION ( 'NONE',  ( 0.000000000000000000, 1.000000000000000000, 0.000000000000000000 ) ) ;
#2253 = CYLINDRICAL_SURFACE ( 'NONE', #2361, 5.500000000000000000 ) ;
#2254 = ORIENTED_EDGE ( 'NONE', *, *, #523, .F. ) ;
#2255 = CARTESIAN_POINT ( 'NONE',  ( 1.408343819019456176E-15, -2.000000000000002220, -11.50000000000000000 ) ) ;
#2256 = EDGE_CURVE ( 'NONE', #2440, #1702, #199, .T. ) ;
#2257 = ADVANCED_FACE ( 'NONE', ( #2342 ), #751, .F. ) ;
#2258 = LINE ( 'NONE', #885, #944 ) ;
#2259 = AXIS2_PLACEMENT_3D ( 'NONE', #61, #14, #2300 ) ;
#2260 = DIRECTION ( 'NONE',  ( 0.000000000000000000, 0.7071067811865469066, 0.7071067811865482389 ) ) ;
#2261 = EDGE_CURVE ( 'NONE', #2761, #1233, #943, .T. ) ;
#2262 = CARTESIAN_POINT ( 'NONE',  ( 14.00000000000000000, 10.00000000000001776, 5.500000000000001776 ) ) ;
#2263 = VERTEX_POINT ( 'NONE', #2085 ) ;
#2264 = DIRECTION ( 'NONE',  ( 0.000000000000000000, 0.000000000000000000, -1.000000000000000000 ) ) ;
#2265 = DIRECTION ( 'NONE',  ( 0.000000000000000000, 0.000000000000000000, 1.000000000000000000 ) ) ;
#2266 = VERTEX_POINT ( 'NONE', #1374 ) ;
#2267 = CARTESIAN_POINT ( 'NONE',  ( 0.000000000000000000, -31.00000000000000000, 0.000000000000000000 ) ) ;
#2268 = CARTESIAN_POINT ( 'NONE',  ( -17.75352077758099156, 11.00000000000000000, 10.25000000000000888 ) ) ;
#2269 = ORIENTED_EDGE ( 'NONE', *, *, #2915, .T. ) ;
#2270 = CARTESIAN_POINT ( 'NONE',  ( 14.00000000000000000, 7.000000000000000888, -6.499999999999984901 ) ) ;
#2271 = CARTESIAN_POINT ( 'NONE',  ( 0.000000000000000000, 0.9999999999999983347, 0.000000000000000000 ) ) ;
#2272 = EDGE_CURVE ( 'NONE', #1515, #761, #2680, .T. ) ;
#2273 = DIRECTION ( 'NONE',  ( 0.000000000000000000, 0.000000000000000000, -1.000000000000000000 ) ) ;
#2274 = COLOUR_RGB ( '',0.1019607843137254888, 0.1019607843137254888, 0.1019607843137254888 ) ;
#2275 = ORIENTED_EDGE ( 'NONE', *, *, #1495, .T. ) ;
#2276 = ADVANCED_FACE ( 'NONE', ( #11 ), #1158, .F. ) ;
#2277 = DIRECTION ( 'NONE',  ( 0.000000000000000000, 0.000000000000000000, 1.000000000000000000 ) ) ;
#2278 = CARTESIAN_POINT ( 'NONE',  ( -7.000000000000005329, 7.999999999999994671, -17.62435565298213902 ) ) ;
#2279 = PRESENTATION_STYLE_ASSIGNMENT (( #1543 ) ) ;
#2280 = ORIENTED_EDGE ( 'NONE', *, *, #2727, .T. ) ;
#2281 = AXIS2_PLACEMENT_3D ( 'NONE', #154, #1532, #1989 ) ;
#2282 = CARTESIAN_POINT ( 'NONE',  ( -17.75352077758100222, 11.00000000000000000, -9.449999999999988631 ) ) ;
#2283 = DIRECTION ( 'NONE',  ( 0.000000000000000000, 1.000000000000000000, 0.000000000000000000 ) ) ;
#2284 = ORIENTED_EDGE ( 'NONE', *, *, #2567, .F. ) ;
#2285 = CARTESIAN_POINT ( 'NONE',  ( 2.520770051028797809E-15, 11.00000000000000000, 20.50000000000000000 ) ) ;
#2286 = COLOUR_RGB ( '',0.1019607843137254888, 0.1019607843137254888, 0.1019607843137254888 ) ;
#2287 = CARTESIAN_POINT ( 'NONE',  ( 3.918869757271529474E-15, -31.00000000000000000, -31.99999999999998579 ) ) ;
#2288 = CARTESIAN_POINT ( 'NONE',  ( -14.00000000000000000, 0.000000000000000000, 1.734723475976807094E-15 ) ) ;
#2289 = LINE ( 'NONE', #2262, #1364 ) ;
#2290 = VERTEX_POINT ( 'NONE', #1402 ) ;
#2291 = CARTESIAN_POINT ( 'NONE',  ( 2.510525938252072509E-15, -37.00000000000000000, -20.49999999999998579 ) ) ;
#2292 = LINE ( 'NONE', #218, #26 ) ;
#2293 = EDGE_CURVE ( 'NONE', #1534, #2761, #1242, .T. ) ;
#2294 = DIRECTION ( 'NONE',  ( 0.000000000000000000, 1.000000000000000000, 0.000000000000000000 ) ) ;
#2295 = CIRCLE ( 'NONE', #596, 0.7999999999999986011 ) ;
#2296 = VERTEX_POINT ( 'NONE', #250 ) ;
#2297 = DIRECTION ( 'NONE',  ( 0.000000000000000000, 0.000000000000000000, 1.000000000000000000 ) ) ;
#2298 = VECTOR ( 'NONE', #343, 1000.000000000000000 ) ;
#2299 = CARTESIAN_POINT ( 'NONE',  ( -5.750000000000000000, 17.00000000000000000, 0.000000000000000000 ) ) ;
#2300 = DIRECTION ( 'NONE',  ( 0.000000000000000000, 0.000000000000000000, 1.000000000000000000 ) ) ;
#2301 = ORIENTED_EDGE ( 'NONE', *, *, #1958, .T. ) ;
#2302 = LINE ( 'NONE', #1313, #2406 ) ;
#2303 = AXIS2_PLACEMENT_3D ( 'NONE', #723, #1196, #2321 ) ;
#2304 = AXIS2_PLACEMENT_3D ( 'NONE', #2255, #1099, #791 ) ;
#2305 = CARTESIAN_POINT ( 'NONE',  ( 0.000000000000000000, 6.999999999999999112, -22.50000000000000000 ) ) ;
#2306 = ORIENTED_EDGE ( 'NONE', *, *, #793, .T. ) ;
#2307 = FACE_OUTER_BOUND ( 'NONE', #2931, .T. ) ;
#2308 = AXIS2_PLACEMENT_3D ( 'NONE', #1600, #2528, #456 ) ;
#2309 = ORIENTED_EDGE ( 'NONE', *, *, #841, .F. ) ;
#2310 = AXIS2_PLACEMENT_3D ( 'NONE', #333, #2183, #2439 ) ;
#2311 = DIRECTION ( 'NONE',  ( -0.000000000000000000, 1.000000000000000000, 0.000000000000000000 ) ) ;
#2312 = CONTEXT_DEPENDENT_SHAPE_REPRESENTATION ( #685, #308 ) ;
#2313 = VERTEX_POINT ( 'NONE', #1832 ) ;
#2314 = EDGE_CURVE ( 'NONE', #2764, #2583, #1967, .T. ) ;
#2315 = DIRECTION ( 'NONE',  ( 1.000000000000000000, 0.000000000000000000, 1.224646799147353207E-16 ) ) ;
#2316 = FACE_OUTER_BOUND ( 'NONE', #1911, .T. ) ;
#2317 = ORIENTED_EDGE ( 'NONE', *, *, #992, .F. ) ;
#2318 = EDGE_CURVE ( 'NONE', #1581, #2266, #2881, .T. ) ;
#2319 = CARTESIAN_POINT ( 'NONE',  ( -22.44994432064364531, 5.500000000000001776, 1.500000000000000222 ) ) ;
#2320 = ORIENTED_EDGE ( 'NONE', *, *, #1366, .F. ) ;
#2321 = DIRECTION ( 'NONE',  ( 0.000000000000000000, 0.000000000000000000, -1.000000000000000000 ) ) ;
#2322 = FACE_OUTER_BOUND ( 'NONE', #301, .T. ) ;
#2323 = DIRECTION ( 'NONE',  ( 0.000000000000000000, 0.000000000000000000, -1.000000000000000000 ) ) ;
#2324 = ORIENTED_EDGE ( 'NONE', *, *, #588, .F. ) ;
#2325 = DIRECTION ( 'NONE',  ( 0.000000000000000000, -0.7071067811865506814, -0.7071067811865443531 ) ) ;
#2326 = ORIENTED_EDGE ( 'NONE', *, *, #550, .T. ) ;
#2327 = DIRECTION ( 'NONE',  ( 0.000000000000000000, 1.000000000000000000, 0.000000000000000000 ) ) ;
#2328 = EDGE_CURVE ( 'NONE', #242, #144, #2927, .T. ) ;
#2329 = DIRECTION ( 'NONE',  ( -0.000000000000000000, 1.000000000000000000, -0.000000000000000000 ) ) ;
#2330 = DIRECTION ( 'NONE',  ( 0.000000000000000000, 0.000000000000000000, 1.000000000000000000 ) ) ;
#2331 = CIRCLE ( 'NONE', #1063, 0.7999999999999986011 ) ;
#2332 = EDGE_LOOP ( 'NONE', ( #1831, #1548 ) ) ;
#2333 = EDGE_CURVE ( 'NONE', #1875, #512, #1809, .T. ) ;
#2334 = ORIENTED_EDGE ( 'NONE', *, *, #2352, .T. ) ;
#2335 = AXIS2_PLACEMENT_3D ( 'NONE', #635, #2713, #443 ) ;
#2336 = DIRECTION ( 'NONE',  ( -0.000000000000000000, 1.000000000000000000, -0.000000000000000000 ) ) ;
#2337 = CARTESIAN_POINT ( 'NONE',  ( 7.041719095097281866E-16, 17.00000000000000000, 5.750000000000000000 ) ) ;
#2338 = DIRECTION ( 'NONE',  ( 0.000000000000000000, 0.000000000000000000, 1.000000000000000000 ) ) ;
#2339 = VERTEX_POINT ( 'NONE', #482 ) ;
#2340 = ORIENTED_EDGE ( 'NONE', *, *, #2152, .F. ) ;
#2341 = EDGE_LOOP ( 'NONE', ( #377, #2055, #1241, #665 ) ) ;
#2342 = FACE_OUTER_BOUND ( 'NONE', #678, .T. ) ;
#2343 = LINE ( 'NONE', #2612, #2103 ) ;
#2344 = AXIS2_PLACEMENT_3D ( 'NONE', #1690, #772, #1229 ) ;
#2345 = CARTESIAN_POINT ( 'NONE',  ( -14.00000000000000000, 10.00000000000001599, 1.734723475976807094E-15 ) ) ;
#2346 = ORIENTED_EDGE ( 'NONE', *, *, #2090, .F. ) ;
#2347 = AXIS2_PLACEMENT_3D ( 'NONE', #380, #2649, #2662 ) ;
#2348 = CARTESIAN_POINT ( 'NONE',  ( 7.000000000000000888, 7.999999999999994671, 12.12435565298214080 ) ) ;
#2349 = CIRCLE ( 'NONE', #1035, 31.99999999999999289 ) ;
#2350 = VERTEX_POINT ( 'NONE', #2101 ) ;
#2351 = DIRECTION ( 'NONE',  ( 0.000000000000000000, 0.000000000000000000, -1.000000000000000000 ) ) ;
#2352 = EDGE_CURVE ( 'NONE', #196, #2408, #515, .T. ) ;
#2353 = DIRECTION ( 'NONE',  ( 8.659560562354895880E-17, -0.7071067811865505703, 0.7071067811865444641 ) ) ;
#2354 = EDGE_CURVE ( 'NONE', #48, #582, #1333, .T. ) ;
#2355 = CIRCLE ( 'NONE', #1037, 0.7999999999999986011 ) ;
#2356 = CARTESIAN_POINT ( 'NONE',  ( 2.618741794960585849E-15, 7.000000000000000888, 19.70000000000000284 ) ) ;
#2357 = ORIENTED_EDGE ( 'NONE', *, *, #2075, .T. ) ;
#2358 = APPLICATION_CONTEXT ( 'automotive_design' ) ;
#2359 = AXIS2_PLACEMENT_3D ( 'NONE', #1938, #266, #2118 ) ;
#2360 = ADVANCED_FACE ( 'NONE', ( #1696 ), #1877, .F. ) ;
#2361 = AXIS2_PLACEMENT_3D ( 'NONE', #664, #1786, #1064 ) ;
#2362 = ORIENTED_EDGE ( 'NONE', *, *, #500, .T. ) ;
#2363 = CARTESIAN_POINT ( 'NONE',  ( 7.000000000000000888, 7.000000000000000888, 12.12435565298214080 ) ) ;
#2364 = CONICAL_SURFACE ( 'NONE', #1193, 5.500000000000000000, 0.7853981633974491672 ) ;
#2365 = CARTESIAN_POINT ( 'NONE',  ( -7.000000000000006217, 7.999999999999994671, -12.12435565298213902 ) ) ;
#2366 = DIRECTION ( 'NONE',  ( -0.000000000000000000, 1.000000000000000000, -0.000000000000000000 ) ) ;
#2367 = CARTESIAN_POINT ( 'NONE',  ( 14.00000000000000000, 7.000000000000000888, 0.000000000000000000 ) ) ;
#2368 = EDGE_LOOP ( 'NONE', ( #889, #1555 ) ) ;
#2369 = PRESENTATION_STYLE_ASSIGNMENT (( #49 ) ) ;
#2370 = EDGE_LOOP ( 'NONE', ( #1765, #697, #1359, #23 ) ) ;
#2371 = FACE_OUTER_BOUND ( 'NONE', #985, .T. ) ;
#2372 = FACE_BOUND ( 'NONE', #1978, .T. ) ;
#2373 = DIRECTION ( 'NONE',  ( -0.000000000000000000, 1.000000000000000000, -0.000000000000000000 ) ) ;
#2374 = ADVANCED_FACE ( 'NONE', ( #2179 ), #1189, .F. ) ;
#2375 = ORIENTED_EDGE ( 'NONE', *, *, #2549, .T. ) ;
#2376 = ADVANCED_FACE ( 'NONE', ( #2638 ), #1649, .F. ) ;
#2377 = EDGE_LOOP ( 'NONE', ( #1960, #288 ) ) ;
#2378 = DIRECTION ( 'NONE',  ( -0.000000000000000000, -1.000000000000000000, -0.000000000000000000 ) ) ;
#2379 = UNCERTAINTY_MEASURE_WITH_UNIT (LENGTH_MEASURE( 1.000000000000000082E-05 ), #570, 'distance_accuracy_value', 'NONE');
#2380 = CARTESIAN_POINT ( 'NONE',  ( -22.47823333523491840, 6.629493025333419887, -0.9918775637329877437 ) ) ;
#2381 = DIRECTION ( 'NONE',  ( 0.000000000000000000, 1.000000000000000000, 0.000000000000000000 ) ) ;
#2382 = SURFACE_STYLE_FILL_AREA ( #102 ) ;
#2383 = ORIENTED_EDGE ( 'NONE', *, *, #1710, .F. ) ;
#2384 = FACE_OUTER_BOUND ( 'NONE', #2418, .T. ) ;
#2385 = ORIENTED_EDGE ( 'NONE', *, *, #1745, .T. ) ;
#2386 = FACE_OUTER_BOUND ( 'NONE', #979, .T. ) ;
#2387 = CIRCLE ( 'NONE', #1837, 3.000000000000006217 ) ;
#2388 = CARTESIAN_POINT ( 'NONE',  ( 6.999999999999992006, 8.000000000000008882, -6.624355652982147902 ) ) ;
#2389 = CARTESIAN_POINT ( 'NONE',  ( 0.000000000000000000, 20.00000000000000000, 0.000000000000000000 ) ) ;
#2390 = AXIS2_PLACEMENT_3D ( 'NONE', #2189, #1274, #2860 ) ;
#2391 = ORIENTED_EDGE ( 'NONE', *, *, #719, .T. ) ;
#2392 = EDGE_LOOP ( 'NONE', ( #2111, #1560 ) ) ;
#2393 = ADVANCED_FACE ( 'NONE', ( #508 ), #272, .F. ) ;
#2394 = EDGE_CURVE ( 'NONE', #555, #906, #324, .T. ) ;
#2395 = CARTESIAN_POINT ( 'NONE',  ( 0.000000000000000000, 0.000000000000000000, -26.00000000000000000 ) ) ;
#2396 = DIRECTION ( 'NONE',  ( 0.000000000000000000, 0.000000000000000000, 1.000000000000000000 ) ) ;
#2397 = CIRCLE ( 'NONE', #2002, 0.7999999999999986011 ) ;
#2398 = CARTESIAN_POINT ( 'NONE',  ( -6.999999999999997335, 11.00000000000000000, 12.12435565298214435 ) ) ;
#2399 = EDGE_LOOP ( 'NONE', ( #2385, #1945 ) ) ;
#2400 = DIRECTION ( 'NONE',  ( -0.000000000000000000, 1.000000000000000000, -0.000000000000000000 ) ) ;
#2401 = AXIS2_PLACEMENT_3D ( 'NONE', #1972, #337, #1954 ) ;
#2402 = FACE_OUTER_BOUND ( 'NONE', #2368, .T. ) ;
#2403 = AXIS2_PLACEMENT_3D ( 'NONE', #1397, #768, #82 ) ;
#2404 = ORIENTED_EDGE ( 'NONE', *, *, #1780, .T. ) ;
#2405 = FACE_OUTER_BOUND ( 'NONE', #1095, .T. ) ;
#2406 = VECTOR ( 'NONE', #2077, 1000.000000000000000 ) ;
#2407 = DIRECTION ( 'NONE',  ( 0.000000000000000000, 0.000000000000000000, -1.000000000000000000 ) ) ;
#2408 = VERTEX_POINT ( 'NONE', #2833 ) ;
#2409 = VECTOR ( 'NONE', #94, 1000.000000000000000 ) ;
#2410 = COLOUR_RGB ( '',0.7921568627450980005, 0.8196078431372548767, 0.9333333333333333481 ) ;
#2411 = LINE ( 'NONE', #748, #2200 ) ;
#2412 = EDGE_LOOP ( 'NONE', ( #240, #454, #726, #1618 ) ) ;
#2413 =( NAMED_UNIT ( * ) PLANE_ANGLE_UNIT ( ) SI_UNIT ( $, .RADIAN. ) );
#2414 = PRODUCT_DEFINITION ( 'UNKNOWN', '', #384, #44 ) ;
#2415 = AXIS2_PLACEMENT_3D ( 'NONE', #1563, #403, #865 ) ;
#2416 = CARTESIAN_POINT ( 'NONE',  ( 7.000000000000000888, 7.000000000000000888, 12.12435565298214080 ) ) ;
#2417 = EDGE_CURVE ( 'NONE', #360, #1341, #1288, .T. ) ;
#2418 = EDGE_LOOP ( 'NONE', ( #629, #777, #292, #1904 ) ) ;
#2419 = DIRECTION ( 'NONE',  ( 0.000000000000000000, 1.000000000000000000, 0.000000000000000000 ) ) ;
#2420 = CARTESIAN_POINT ( 'NONE',  ( -25.95669470483482044, 5.598999064396298131, 1.500000000000000666 ) ) ;
#2421 = DIRECTION ( 'NONE',  ( -0.000000000000000000, -1.000000000000000000, -0.000000000000000000 ) ) ;
#2422 = ORIENTED_EDGE ( 'NONE', *, *, #1477, .T. ) ;
#2423 = AXIS2_PLACEMENT_3D ( 'NONE', #2841, #853, #2928 ) ;
#2424 = LINE ( 'NONE', #2192, #2298 ) ;
#2425 = CARTESIAN_POINT ( 'NONE',  ( 3.673940397442061347E-16, 7.000000000000002665, 3.000000000000000888 ) ) ;
#2426 = ORIENTED_EDGE ( 'NONE', *, *, #2765, .T. ) ;
#2427 = DIRECTION ( 'NONE',  ( -0.000000000000000000, -1.000000000000000000, -0.000000000000000000 ) ) ;
#2428 = VERTEX_POINT ( 'NONE', #124 ) ;
#2429 = DIRECTION ( 'NONE',  ( -0.000000000000000000, -1.000000000000000000, -0.000000000000000000 ) ) ;
#2430 = EDGE_CURVE ( 'NONE', #2049, #1707, #1287, .T. ) ;
#2431 = CIRCLE ( 'NONE', #1692, 20.49999999999998224 ) ;
#2432 = LINE ( 'NONE', #563, #2768 ) ;
#2433 = CIRCLE ( 'NONE', #870, 26.00000000000000000 ) ;
#2434 = CARTESIAN_POINT ( 'NONE',  ( 0.000000000000000000, 22.00000000000000711, 2.999999999999998224 ) ) ;
#2435 = ORIENTED_EDGE ( 'NONE', *, *, #1292, .T. ) ;
#2436 = AXIS2_PLACEMENT_3D ( 'NONE', #1514, #2946, #1137 ) ;
#2437 = DIRECTION ( 'NONE',  ( 0.000000000000000000, 0.000000000000000000, 1.000000000000000000 ) ) ;
#2438 = ORIENTED_EDGE ( 'NONE', *, *, #2261, .F. ) ;
#2439 = DIRECTION ( 'NONE',  ( 0.000000000000000000, 0.000000000000000000, 1.000000000000000000 ) ) ;
#2440 = VERTEX_POINT ( 'NONE', #2161 ) ;
#2441 = CARTESIAN_POINT ( 'NONE',  ( 7.000000000000000888, 10.00000000000001599, 12.12435565298214080 ) ) ;
#2442 = DIRECTION ( 'NONE',  ( -0.000000000000000000, -1.000000000000000000, -0.000000000000000000 ) ) ;
#2443 = TOROIDAL_SURFACE ( 'NONE', #933, 14.00000000000000000, 3.000000000000001776 ) ;
#2444 = ADVANCED_FACE ( 'NONE', ( #1923 ), #1009, .F. ) ;
#2445 = EDGE_CURVE ( 'NONE', #790, #86, #1759, .T. ) ;
#2446 = CARTESIAN_POINT ( 'NONE',  ( 7.000000000000000888, 7.000000000000000888, 12.12435565298214080 ) ) ;
#2447 = DIRECTION ( 'NONE',  ( 0.000000000000000000, 0.000000000000000000, -1.000000000000000000 ) ) ;
#2448 = ORIENTED_EDGE ( 'NONE', *, *, #1461, .F. ) ;
#2449 = EDGE_CURVE ( 'NONE', #474, #582, #785, .T. ) ;
#2450 = AXIS2_PLACEMENT_3D ( 'NONE', #2124, #257, #1630 ) ;
#2451 = AXIS2_PLACEMENT_3D ( 'NONE', #378, #1299, #1007 ) ;
#2452 = DIRECTION ( 'NONE',  ( 0.000000000000000000, 0.000000000000000000, -1.000000000000000000 ) ) ;
#2453 = ORIENTED_EDGE ( 'NONE', *, *, #2033, .T. ) ;
#2454 = PRESENTATION_LAYER_ASSIGNMENT (  '', '', ( #1861 ) ) ;
#2455 = FACE_OUTER_BOUND ( 'NONE', #2516, .T. ) ;
#2456 = CARTESIAN_POINT ( 'NONE',  ( 14.00000000000000000, 7.999999999999992895, 5.500000000000001776 ) ) ;
#2457 = ORIENTED_EDGE ( 'NONE', *, *, #2569, .T. ) ;
#2458 = LINE ( 'NONE', #2913, #2827 ) ;
#2459 = CYLINDRICAL_SURFACE ( 'NONE', #2347, 3.000000000000000444 ) ;
#2460 = CARTESIAN_POINT ( 'NONE',  ( 0.000000000000000000, -37.00000000000000000, 0.000000000000000000 ) ) ;
#2461 = ORIENTED_EDGE ( 'NONE', *, *, #2896, .F. ) ;
#2462 = EDGE_CURVE ( 'NONE', #2824, #2764, #2166, .T. ) ;
#2463 = CARTESIAN_POINT ( 'NONE',  ( -6.999999999999997335, 11.00000000000000000, 12.12435565298214435 ) ) ;
#2464 = ORIENTED_EDGE ( 'NONE', *, *, #1386, .T. ) ;
#2465 = DIRECTION ( 'NONE',  ( 0.000000000000000000, 0.000000000000000000, 1.000000000000000000 ) ) ;
#2466 = FACE_OUTER_BOUND ( 'NONE', #134, .T. ) ;
#2467 = VERTEX_POINT ( 'NONE', #1551 ) ;
#2468 = AXIS2_PLACEMENT_3D ( 'NONE', #2667, #879, #1519 ) ;
#2469 = LINE ( 'NONE', #1346, #2545 ) ;
#2470 = CARTESIAN_POINT ( 'NONE',  ( 0.000000000000000000, -36.99999999999999289, 0.000000000000000000 ) ) ;
#2471 = CARTESIAN_POINT ( 'NONE',  ( 0.000000000000000000, 0.000000000000000000, 0.000000000000000000 ) ) ;
#2472 = ORIENTED_EDGE ( 'NONE', *, *, #537, .F. ) ;
#2473 = AXIS2_PLACEMENT_3D ( 'NONE', #373, #1293, #1830 ) ;
#2474 = CARTESIAN_POINT ( 'NONE',  ( 17.75352077758099867, 11.00000000000000000, 9.449999999999997513 ) ) ;
#2475 = DIRECTION ( 'NONE',  ( 0.000000000000000000, 0.000000000000000000, 1.000000000000000000 ) ) ;
#2476 = COLOUR_RGB ( '',0.6470588235294117974, 0.5176470588235293491, 0.000000000000000000 ) ;
#2477 = ORIENTED_EDGE ( 'NONE', *, *, #1745, .F. ) ;
#2478 = ADVANCED_FACE ( 'NONE', ( #869 ), #848, .F. ) ;
#2479 = EDGE_CURVE ( 'NONE', #1322, #2140, #2241, .T. ) ;
#2480 = CARTESIAN_POINT ( 'NONE',  ( 0.000000000000000000, 11.00000000000000000, -20.50000000000000000 ) ) ;
#2481 = FACE_OUTER_BOUND ( 'NONE', #2906, .T. ) ;
#2482 = ORIENTED_EDGE ( 'NONE', *, *, #1863, .T. ) ;
#2483 = DIRECTION ( 'NONE',  ( -0.000000000000000000, 1.000000000000000000, -0.000000000000000000 ) ) ;
#2484 = CARTESIAN_POINT ( 'NONE',  ( -6.999999999999997335, 10.00000000000001599, 17.62435565298214257 ) ) ;
#2485 = SURFACE_STYLE_USAGE ( .BOTH. , #431 ) ;
#2486 = AXIS2_PLACEMENT_3D ( 'NONE', #306, #2162, #1535 ) ;
#2487 = ORIENTED_EDGE ( 'NONE', *, *, #1199, .F. ) ;
#2488 = AXIS2_PLACEMENT_3D ( 'NONE', #2902, #2674, #365 ) ;
#2489 = DIRECTION ( 'NONE',  ( -0.000000000000000000, 1.000000000000000000, -0.000000000000000000 ) ) ;
#2490 = CARTESIAN_POINT ( 'NONE',  ( -17.75352077758099156, 7.000000000000000888, 10.25000000000000888 ) ) ;
#2491 = AXIS2_PLACEMENT_3D ( 'NONE', #1873, #1228, #489 ) ;
#2492 =( NAMED_UNIT ( * ) PLANE_ANGLE_UNIT ( ) SI_UNIT ( $, .RADIAN. ) );
#2493 = ORIENTED_EDGE ( 'NONE', *, *, #518, .F. ) ;
#2494 = TOROIDAL_SURFACE ( 'NONE', #705, 11.50000000000000000, 3.000000000000000000 ) ;
#2495 = DIRECTION ( 'NONE',  ( 0.000000000000000000, 0.000000000000000000, -1.000000000000000000 ) ) ;
#2496 = FACE_OUTER_BOUND ( 'NONE', #1440, .T. ) ;
#2497 = AXIS2_PLACEMENT_3D ( 'NONE', #1912, #1896, #296 ) ;
#2498 = VERTEX_POINT ( 'NONE', #2982 ) ;
#2499 = AXIS2_PLACEMENT_3D ( 'NONE', #1729, #1969, #2670 ) ;
#2500 = EDGE_CURVE ( 'NONE', #2428, #1162, #2258, .T. ) ;
#2501 = DIRECTION ( 'NONE',  ( 1.000000000000000000, -0.000000000000000000, -0.000000000000000000 ) ) ;
#2502 = MECHANICAL_DESIGN_GEOMETRIC_PRESENTATION_REPRESENTATION (  '', ( #2117 ), #2611 ) ;
#2503 = DIRECTION ( 'NONE',  ( -0.000000000000000000, -1.000000000000000000, -0.000000000000000000 ) ) ;
#2504 = EDGE_LOOP ( 'NONE', ( #1688, #1408 ) ) ;
#2505 = DIRECTION ( 'NONE',  ( -0.000000000000000000, -1.000000000000000000, -0.000000000000000000 ) ) ;
#2506 = DIRECTION ( 'NONE',  ( -0.000000000000000000, -1.000000000000000000, -0.000000000000000000 ) ) ;
#2507 = CYLINDRICAL_SURFACE ( 'NONE', #2755, 0.7999999999999986011 ) ;
#2508 = PRODUCT_CONTEXT ( 'NONE', #1363, 'mechanical' ) ;
#2509 = EDGE_LOOP ( 'NONE', ( #732, #969, #439, #2796 ) ) ;
#2510 = CARTESIAN_POINT ( 'NONE',  ( -6.999999999999997335, 7.000000000000000888, 12.12435565298214435 ) ) ;
#2511 = VERTEX_POINT ( 'NONE', #2287 ) ;
#2512 = CARTESIAN_POINT ( 'NONE',  ( 17.75352077758099867, 0.000000000000000000, 11.04999999999999538 ) ) ;
#2513 = ADVANCED_FACE ( 'NONE', ( #856, #1760, #1100, #2026, #2960, #1379, #211, #2701, #2046, #2711, #2687, #617, #1807, #1331 ), #649, .F. ) ;
#2514 = CARTESIAN_POINT ( 'NONE',  ( 0.000000000000000000, 13.99999999999999822, 0.000000000000000000 ) ) ;
#2515 = DIRECTION ( 'NONE',  ( 1.000000000000000000, 0.000000000000000000, 1.224646799147353207E-16 ) ) ;
#2516 = EDGE_LOOP ( 'NONE', ( #2733, #1769, #2422, #1423 ) ) ;
#2517 = CARTESIAN_POINT ( 'NONE',  ( 0.000000000000000000, 10.00000000000001599, 0.000000000000000000 ) ) ;
#2518 = CARTESIAN_POINT ( 'NONE',  ( 17.75352077758099156, 0.000000000000000000, -10.25000000000000533 ) ) ;
#2519 = LINE ( 'NONE', #2550, #2951 ) ;
#2520 = VERTEX_POINT ( 'NONE', #2746 ) ;
#2521 = CIRCLE ( 'NONE', #1693, 22.50000000000000000 ) ;
#2522 = AXIS2_PLACEMENT_3D ( 'NONE', #1252, #2168, #1238 ) ;
#2523 = CIRCLE ( 'NONE', #2390, 3.000000000000002665 ) ;
#2524 = LINE ( 'NONE', #437, #215 ) ;
#2525 = CARTESIAN_POINT ( 'NONE',  ( -25.97553450638511308, 4.508449288133669519, 1.129780745874924719 ) ) ;
#2526 = ORIENTED_EDGE ( 'NONE', *, *, #354, .F. ) ;
#2527 = CARTESIAN_POINT ( 'NONE',  ( -17.75352077758100222, 0.000000000000000000, -11.04999999999998472 ) ) ;
#2528 = DIRECTION ( 'NONE',  ( -0.000000000000000000, 1.000000000000000000, -0.000000000000000000 ) ) ;
#2529 = CARTESIAN_POINT ( 'NONE',  ( 0.000000000000000000, 0.000000000000000000, 0.000000000000000000 ) ) ;
#2530 = DIRECTION ( 'NONE',  ( -0.000000000000000000, -1.000000000000000000, -0.000000000000000000 ) ) ;
#2531 = EDGE_CURVE ( 'NONE', #744, #1748, #1482, .T. ) ;
#2532 = EDGE_LOOP ( 'NONE', ( #687, #1876, #1394, #974 ) ) ;
#2533 = EDGE_CURVE ( 'NONE', #370, #1233, #87, .T. ) ;
#2534 = CARTESIAN_POINT ( 'NONE',  ( -7.000000000000006217, 7.000000000000000888, -12.12435565298213902 ) ) ;
#2535 = CIRCLE ( 'NONE', #2629, 14.49999999999998934 ) ;
#2536 = VERTEX_POINT ( 'NONE', #428 ) ;
#2537 = DIRECTION ( 'NONE',  ( -0.000000000000000000, 1.000000000000000000, -0.000000000000000000 ) ) ;
#2538 = CIRCLE ( 'NONE', #1661, 0.7999999999999986011 ) ;
#2539 = FACE_OUTER_BOUND ( 'NONE', #1803, .T. ) ;
#2540 = CARTESIAN_POINT ( 'NONE',  ( 9.797174393178826150E-17, 11.00000000000000000, -21.30000000000000071 ) ) ;
#2541 = VERTEX_POINT ( 'NONE', #408 ) ;
#2542 = AXIS2_PLACEMENT_3D ( 'NONE', #2470, #5, #395 ) ;
#2543 = VECTOR ( 'NONE', #1120, 1000.000000000000000 ) ;
#2544 = FACE_BOUND ( 'NONE', #546, .T. ) ;
#2545 = VECTOR ( 'NONE', #680, 999.9999999999998863 ) ;
#2546 = CARTESIAN_POINT ( 'NONE',  ( 2.618741794960585849E-15, 0.000000000000000000, 19.70000000000000284 ) ) ;
#2547 = ORIENTED_EDGE ( 'NONE', *, *, #297, .F. ) ;
#2548 = TOROIDAL_SURFACE ( 'NONE', #372, 28.99999999999998934, 3.000000000000001332 ) ;
#2549 = EDGE_CURVE ( 'NONE', #1811, #254, #2469, .T. ) ;
#2550 = CARTESIAN_POINT ( 'NONE',  ( -7.000000000000005329, 7.000000000000000888, -5.624355652982152343 ) ) ;
#2551 = EDGE_LOOP ( 'NONE', ( #1720, #671 ) ) ;
#2552 = DIRECTION ( 'NONE',  ( 0.000000000000000000, 0.000000000000000000, 1.000000000000000000 ) ) ;
#2553 = PRODUCT_DEFINITION_CONTEXT ( 'detailed design', #2693, 'design' ) ;
#2554 = EDGE_CURVE ( 'NONE', #1758, #2747, #2064, .T. ) ;
#2555 = CARTESIAN_POINT ( 'NONE',  ( -7.000000000000006217, 9.999999999999994671, -12.12435565298213902 ) ) ;
#2556 = ORIENTED_EDGE ( 'NONE', *, *, #523, .T. ) ;
#2557 = ORIENTED_EDGE ( 'NONE', *, *, #1391, .T. ) ;
#2558 = DIRECTION ( 'NONE',  ( -1.000000000000000000, 0.000000000000000000, 0.000000000000000000 ) ) ;
#2559 = CARTESIAN_POINT ( 'NONE',  ( -7.000000000000006217, 7.000000000000000888, -18.62435565298212481 ) ) ;
#2560 = FACE_OUTER_BOUND ( 'NONE', #548, .T. ) ;
#2561 = ORIENTED_EDGE ( 'NONE', *, *, #387, .T. ) ;
#2562 =( GEOMETRIC_REPRESENTATION_CONTEXT ( 3 ) GLOBAL_UNCERTAINTY_ASSIGNED_CONTEXT ( ( #1881 ) ) GLOBAL_UNIT_ASSIGNED_CONTEXT ( ( #1684, #797, #1714 ) ) REPRESENTATION_CONTEXT ( 'NONE', 'WORKASPACE' ) );
#2563 = ORIENTED_EDGE ( 'NONE', *, *, #774, .F. ) ;
#2564 = ORIENTED_EDGE ( 'NONE', *, *, #2018, .T. ) ;
#2565 = CARTESIAN_POINT ( 'NONE',  ( -22.48759022865695911, 6.801795387451917030, -0.7516267592287441124 ) ) ;
#2566 = DIRECTION ( 'NONE',  ( 0.000000000000000000, 0.000000000000000000, 1.000000000000000000 ) ) ;
#2567 = EDGE_CURVE ( 'NONE', #2, #2408, #2932, .T. ) ;
#2568 = AXIS2_PLACEMENT_3D ( 'NONE', #2120, #553, #749 ) ;
#2569 = EDGE_CURVE ( 'NONE', #2115, #2536, #192, .T. ) ;
#2570 = CARTESIAN_POINT ( 'NONE',  ( 7.000000000000001776, 7.000000000000000888, 18.62435565298212481 ) ) ;
#2571 = ADVANCED_FACE ( 'NONE', ( #440 ), #753, .T. ) ;
#2572 = EDGE_LOOP ( 'NONE', ( #2453, #2226, #1257, #684 ) ) ;
#2573 = VECTOR ( 'NONE', #128, 1000.000000000000000 ) ;
#2574 = DIRECTION ( 'NONE',  ( 0.000000000000000000, 0.000000000000000000, -1.000000000000000000 ) ) ;
#2575 = CARTESIAN_POINT ( 'NONE',  ( 8.923097140823125379E-16, 0.9999999999999986677, 0.000000000000000000 ) ) ;
#2576 = DIRECTION ( 'NONE',  ( -0.000000000000000000, 1.000000000000000000, -0.000000000000000000 ) ) ;
#2577 = EDGE_LOOP ( 'NONE', ( #472, #529, #536, #1578 ) ) ;
#2578 = EDGE_LOOP ( 'NONE', ( #2812, #2084 ) ) ;
#2579 = UNCERTAINTY_MEASURE_WITH_UNIT (LENGTH_MEASURE( 1.000000000000000082E-05 ), #625, 'distance_accuracy_value', 'NONE');
#2580 = ORIENTED_EDGE ( 'NONE', *, *, #2567, .T. ) ;
#2581 = CIRCLE ( 'NONE', #1796, 5.999999999999991118 ) ;
#2582 = CARTESIAN_POINT ( 'NONE',  ( 0.000000000000000000, 2.343145750507618530, 28.99999999999998934 ) ) ;
#2583 = VERTEX_POINT ( 'NONE', #2305 ) ;
#2584 = EDGE_CURVE ( 'NONE', #1162, #2536, #867, .T. ) ;
#2585 = CARTESIAN_POINT ( 'NONE',  ( 3.673940397442058389E-15, 0.000000000000000000, -29.99999999999999289 ) ) ;
#2586 = EDGE_LOOP ( 'NONE', ( #717, #1429, #735, #2493 ) ) ;
#2587 = CARTESIAN_POINT ( 'NONE',  ( 14.00000000000000000, 10.00000000000001776, 5.500000000000001776 ) ) ;
#2588 = FACE_BOUND ( 'NONE', #2578, .T. ) ;
#2589 = EDGE_CURVE ( 'NONE', #485, #1104, #1407, .T. ) ;
#2590 = AXIS2_PLACEMENT_3D ( 'NONE', #1953, #2197, #2174 ) ;
#2591 = LINE ( 'NONE', #54, #66 ) ;
#2592 = ORIENTED_EDGE ( 'NONE', *, *, #198, .T. ) ;
#2593 = AXIS2_PLACEMENT_3D ( 'NONE', #769, #1315, #2944 ) ;
#2594 = MANIFOLD_SOLID_BREP ( 'Повернуть1', #1457 ) ;
#2595 = CIRCLE ( 'NONE', #520, 6.499999999999984901 ) ;
#2596 = ORIENTED_EDGE ( 'NONE', *, *, #719, .F. ) ;
#2597 = CARTESIAN_POINT ( 'NONE',  ( -22.48154770194216212, 6.692872169808726568, -0.9146966723868694693 ) ) ;
#2598 = CARTESIAN_POINT ( 'NONE',  ( 0.000000000000000000, 200.0000000000000000, 0.000000000000000000 ) ) ;
#2599 = DIRECTION ( 'NONE',  ( 0.000000000000000000, 0.000000000000000000, 1.000000000000000000 ) ) ;
#2600 = VERTEX_POINT ( 'NONE', #722 ) ;
#2601 = CARTESIAN_POINT ( 'NONE',  ( 0.000000000000000000, 11.00000000000000000, -19.70000000000000284 ) ) ;
#2602 = DIRECTION ( 'NONE',  ( -0.000000000000000000, -1.000000000000000000, -0.000000000000000000 ) ) ;
#2603 = LINE ( 'NONE', #532, #109 ) ;
#2604 = DIRECTION ( 'NONE',  ( -0.000000000000000000, 1.000000000000000000, -0.000000000000000000 ) ) ;
#2605 = ORIENTED_EDGE ( 'NONE', *, *, #463, .F. ) ;
#2606 = EDGE_CURVE ( 'NONE', #1420, #2140, #32, .T. ) ;
#2607 = ADVANCED_FACE ( 'NONE', ( #1208 ), #1655, .F. ) ;
#2608 = CIRCLE ( 'NONE', #2609, 6.499999999999984901 ) ;
#2609 = AXIS2_PLACEMENT_3D ( 'NONE', #2684, #1770, #2175 ) ;
#2610 = ORIENTED_EDGE ( 'NONE', *, *, #2676, .T. ) ;
#2611 =( GEOMETRIC_REPRESENTATION_CONTEXT ( 3 ) GLOBAL_UNCERTAINTY_ASSIGNED_CONTEXT ( ( #704 ) ) GLOBAL_UNIT_ASSIGNED_CONTEXT ( ( #1239, #2413, #780 ) ) REPRESENTATION_CONTEXT ( 'NONE', 'WORKASPACE' ) );
#2612 = CARTESIAN_POINT ( 'NONE',  ( 7.041719095097281866E-16, 0.000000000000000000, 5.750000000000000888 ) ) ;
#2613 = DIRECTION ( 'NONE',  ( 0.000000000000000000, 0.000000000000000000, 1.000000000000000000 ) ) ;
#2614 = DIRECTION ( 'NONE',  ( 0.000000000000000000, 0.000000000000000000, -1.000000000000000000 ) ) ;
#2615 = ORIENTED_EDGE ( 'NONE', *, *, #2272, .T. ) ;
#2616 = CARTESIAN_POINT ( 'NONE',  ( -22.48149848076123902, 6.698697002887742613, 0.9227072189007109460 ) ) ;
#2617 = AXIS2_PLACEMENT_3D ( 'NONE', #2534, #2968, #417 ) ;
#2618 = DIRECTION ( 'NONE',  ( -0.000000000000000000, 1.000000000000000000, -0.000000000000000000 ) ) ;
#2619 = PRESENTATION_LAYER_ASSIGNMENT (  '', '', ( #152 ) ) ;
#2620 = ORIENTED_EDGE ( 'NONE', *, *, #2318, .T. ) ;
#2621 = EDGE_CURVE ( 'NONE', #89, #48, #1673, .T. ) ;
#2622 = CARTESIAN_POINT ( 'NONE',  ( 7.000000000000001776, 7.999999999999994671, 6.624355652982140796 ) ) ;
#2623 = ORIENTED_EDGE ( 'NONE', *, *, #2479, .T. ) ;
#2624 = DIRECTION ( 'NONE',  ( 0.000000000000000000, 0.000000000000000000, 1.000000000000000000 ) ) ;
#2625 = EDGE_CURVE ( 'NONE', #89, #474, #1192, .T. ) ;
#2626 = CARTESIAN_POINT ( 'NONE',  ( 0.000000000000000000, 0.000000000000000000, 14.49999999999999467 ) ) ;
#2627 = CARTESIAN_POINT ( 'NONE',  ( 6.999999999999992006, 0.000000000000000000, -12.12435565298214790 ) ) ;
#2628 = EDGE_LOOP ( 'NONE', ( #17, #1728, #976, #2076 ) ) ;
#2629 = AXIS2_PLACEMENT_3D ( 'NONE', #1357, #1160, #207 ) ;
#2630 = DIRECTION ( 'NONE',  ( -0.000000000000000000, 1.000000000000000000, -0.000000000000000000 ) ) ;
#2631 = EDGE_LOOP ( 'NONE', ( #1685, #1185, #1207, #1195 ) ) ;
#2632 = DIRECTION ( 'NONE',  ( -0.000000000000000000, -1.000000000000000000, -0.000000000000000000 ) ) ;
#2633 = CIRCLE ( 'NONE', #886, 0.7999999999999986011 ) ;
#2634 = DIRECTION ( 'NONE',  ( -0.000000000000000000, 1.000000000000000000, -0.000000000000000000 ) ) ;
#2635 = CARTESIAN_POINT ( 'NONE',  ( -26.00000227740413195, 7.000039475008192014, -0.09730189919920108343 ) ) ;
#2636 = AXIS2_PLACEMENT_3D ( 'NONE', #2441, #2419, #320 ) ;
#2637 = ORIENTED_EDGE ( 'NONE', *, *, #1066, .T. ) ;
#2638 = FACE_OUTER_BOUND ( 'NONE', #2370, .T. ) ;
#2639 =( GEOMETRIC_REPRESENTATION_CONTEXT ( 3 ) GLOBAL_UNCERTAINTY_ASSIGNED_CONTEXT ( ( #1434 ) ) GLOBAL_UNIT_ASSIGNED_CONTEXT ( ( #962, #1887, #1871 ) ) REPRESENTATION_CONTEXT ( 'NONE', 'WORKASPACE' ) );
#2640 = AXIS2_PLACEMENT_3D ( 'NONE', #1637, #1, #2566 ) ;
#2641 = CARTESIAN_POINT ( 'NONE',  ( 0.000000000000000000, 7.000000000000002665, -3.000000000000000888 ) ) ;
#2642 = DIRECTION ( 'NONE',  ( 0.000000000000000000, 0.000000000000000000, 1.000000000000000000 ) ) ;
#2643 = ORIENTED_EDGE ( 'NONE', *, *, #1584, .T. ) ;
#2644 = ADVANCED_FACE ( 'NONE', ( #528 ), #88, .T. ) ;
#2645 = ADVANCED_FACE ( 'NONE', ( #2384 ), #1862, .F. ) ;
#2646 = DIRECTION ( 'NONE',  ( 0.000000000000000000, -1.000000000000000000, 0.000000000000000000 ) ) ;
#2647 = ORIENTED_EDGE ( 'NONE', *, *, #2589, .T. ) ;
#2648 = LINE ( 'NONE', #575, #1433 ) ;
#2649 = DIRECTION ( 'NONE',  ( -0.000000000000000000, -1.000000000000000000, -0.000000000000000000 ) ) ;
#2650 = EDGE_LOOP ( 'NONE', ( #1607, #1646, #1155, #2664 ) ) ;
#2651 = FACE_OUTER_BOUND ( 'NONE', #1743, .T. ) ;
#2652 = ORIENTED_EDGE ( 'NONE', *, *, #829, .T. ) ;
#2653 = AXIS2_PLACEMENT_3D ( 'NONE', #639, #185, #2925 ) ;
#2654 = ADVANCED_FACE ( 'NONE', ( #361 ), #557, .F. ) ;
#2655 = ADVANCED_FACE ( 'NONE', ( #584 ), #1527, .F. ) ;
#2656 = LINE ( 'NONE', #1509, #1439 ) ;
#2657 = ORIENTED_EDGE ( 'NONE', *, *, #1979, .F. ) ;
#2658 = CARTESIAN_POINT ( 'NONE',  ( 6.999999999999992895, 9.999999999999994671, -17.62435565298214968 ) ) ;
#2659 = EDGE_CURVE ( 'NONE', #715, #2686, #815, .T. ) ;
#2660 = CIRCLE ( 'NONE', #444, 6.499999999999984901 ) ;
#2661 = AXIS2_PLACEMENT_3D ( 'NONE', #1450, #2154, #1463 ) ;
#2662 = DIRECTION ( 'NONE',  ( 0.000000000000000000, 0.000000000000000000, -1.000000000000000000 ) ) ;
#2663 = AXIS2_PLACEMENT_3D ( 'NONE', #2905, #1474, #153 ) ;
#2664 = ORIENTED_EDGE ( 'NONE', *, *, #1391, .F. ) ;
#2665 = AXIS2_PLACEMENT_3D ( 'NONE', #214, #2515, #1317 ) ;
#2666 = DIRECTION ( 'NONE',  ( 0.000000000000000000, 0.000000000000000000, -1.000000000000000000 ) ) ;
#2667 = CARTESIAN_POINT ( 'NONE',  ( 0.000000000000000000, 0.000000000000000000, 0.000000000000000000 ) ) ;
#2668 = VERTEX_POINT ( 'NONE', #2157 ) ;
#2669 = DIRECTION ( 'NONE',  ( 0.000000000000000000, 0.000000000000000000, 1.000000000000000000 ) ) ;
#2670 = DIRECTION ( 'NONE',  ( 0.000000000000000000, 0.000000000000000000, 1.000000000000000000 ) ) ;
#2671 = VERTEX_POINT ( 'NONE', #1701 ) ;
#2672 = CARTESIAN_POINT ( 'NONE',  ( -7.000000000000005329, 7.000000000000000888, -5.624355652982152343 ) ) ;
#2673 = EDGE_CURVE ( 'NONE', #474, #1748, #2656, .T. ) ;
#2674 = DIRECTION ( 'NONE',  ( 0.000000000000000000, 1.000000000000000000, 0.000000000000000000 ) ) ;
#2675 = AXIS2_PLACEMENT_3D ( 'NONE', #2267, #2329, #2990 ) ;
#2676 = EDGE_CURVE ( 'NONE', #1295, #2671, #2113, .T. ) ;
#2677 = DIRECTION ( 'NONE',  ( 0.000000000000000000, 1.000000000000000000, 0.000000000000000000 ) ) ;
#2678 = ORIENTED_EDGE ( 'NONE', *, *, #2882, .F. ) ;
#2679 = CIRCLE ( 'NONE', #1754, 29.99999999999999289 ) ;
#2680 = CIRCLE ( 'NONE', #1478, 31.99999999999999289 ) ;
#2681 = DIRECTION ( 'NONE',  ( 0.000000000000000000, 0.000000000000000000, 1.000000000000000000 ) ) ;
#2682 = ORIENTED_EDGE ( 'NONE', *, *, #2690, .F. ) ;
#2683 = VECTOR ( 'NONE', #501, 1000.000000000000000 ) ;
#2684 = CARTESIAN_POINT ( 'NONE',  ( -14.00000000000000000, 11.00000000000000000, 1.734723475976807094E-15 ) ) ;
#2685 = CARTESIAN_POINT ( 'NONE',  ( -25.99162316664662953, 4.152449470817838773, -0.6661600516639695213 ) ) ;
#2686 = VERTEX_POINT ( 'NONE', #1282 ) ;
#2687 = FACE_BOUND ( 'NONE', #1459, .T. ) ;
#2688 = DIRECTION ( 'NONE',  ( -0.000000000000000000, 1.000000000000000000, -0.000000000000000000 ) ) ;
#2689 =( NAMED_UNIT ( * ) PLANE_ANGLE_UNIT ( ) SI_UNIT ( $, .RADIAN. ) );
#2690 = EDGE_CURVE ( 'NONE', #1736, #1269, #105, .T. ) ;
#2691 = ORIENTED_EDGE ( 'NONE', *, *, #1941, .F. ) ;
#2692 = ADVANCED_FACE ( 'NONE', ( #2212, #1051 ), #2888, .T. ) ;
#2693 = APPLICATION_CONTEXT ( 'automotive_design' ) ;
#2694 = CARTESIAN_POINT ( 'NONE',  ( -14.00000000000000000, 11.00000000000000000, 6.499999999999986677 ) ) ;
#2695 = DIRECTION ( 'NONE',  ( 1.000000000000000000, 0.000000000000000000, 0.000000000000000000 ) ) ;
#2696 = EDGE_LOOP ( 'NONE', ( #924, #1850, #2006, #999 ) ) ;
#2697 = DIRECTION ( 'NONE',  ( 0.000000000000000000, 1.000000000000000000, 0.000000000000000000 ) ) ;
#2698 = CARTESIAN_POINT ( 'NONE',  ( -25.98924287153053925, 4.198575452605046721, -0.7522632476648074551 ) ) ;
#2699 = ORIENTED_EDGE ( 'NONE', *, *, #610, .F. ) ;
#2700 = COLOUR_RGB ( '',0.7921568627450980005, 0.8196078431372548767, 0.9333333333333333481 ) ;
#2701 = FACE_BOUND ( 'NONE', #2176, .T. ) ;
#2702 = CARTESIAN_POINT ( 'NONE',  ( 17.75352077758099156, 11.00000000000000000, -11.05000000000000426 ) ) ;
#2703 = ORIENTED_EDGE ( 'NONE', *, *, #1122, .F. ) ;
#2704 = ADVANCED_FACE ( 'NONE', ( #766 ), #1390, .F. ) ;
#2705 = DIRECTION ( 'NONE',  ( 0.000000000000000000, 1.000000000000000000, 0.000000000000000000 ) ) ;
#2706 = EDGE_LOOP ( 'NONE', ( #2900, #2592 ) ) ;
#2707 = ADVANCED_FACE ( 'NONE', ( #1742 ), #800, .F. ) ;
#2708 = LINE ( 'NONE', #643, #1425 ) ;
#2709 = CARTESIAN_POINT ( 'NONE',  ( -7.000000000000005329, 11.00000000000000000, -18.62435565298214613 ) ) ;
#2710 = ORIENTED_EDGE ( 'NONE', *, *, #441, .T. ) ;
#2711 = FACE_BOUND ( 'NONE', #1740, .T. ) ;
#2712 = DIRECTION ( 'NONE',  ( 0.000000000000000000, 0.000000000000000000, -1.000000000000000000 ) ) ;
#2713 = DIRECTION ( 'NONE',  ( 0.000000000000000000, 1.000000000000000000, 0.000000000000000000 ) ) ;
#2714 = AXIS2_PLACEMENT_3D ( 'NONE', #388, #2618, #1755 ) ;
#2715 = ORIENTED_EDGE ( 'NONE', *, *, #2844, .F. ) ;
#2716 = FACE_OUTER_BOUND ( 'NONE', #2178, .T. ) ;
#2717 = VECTOR ( 'NONE', #1054, 1000.000000000000000 ) ;
#2718 = CYLINDRICAL_SURFACE ( 'NONE', #217, 14.49999999999999467 ) ;
#2719 = CARTESIAN_POINT ( 'NONE',  ( 6.999999999999992895, 9.999999999999994671, -17.62435565298214968 ) ) ;
#2720 = AXIS2_PLACEMENT_3D ( 'NONE', #2514, #2063, #2079 ) ;
#2721 = PRODUCT_CONTEXT ( 'NONE', #534, 'mechanical' ) ;
#2722 = ORIENTED_EDGE ( 'NONE', *, *, #2462, .T. ) ;
#2723 = CARTESIAN_POINT ( 'NONE',  ( 0.000000000000000000, 2.343145750507618530, 0.000000000000000000 ) ) ;
#2724 = CIRCLE ( 'NONE', #991, 5.500000000000001776 ) ;
#2725 = DIRECTION ( 'NONE',  ( 0.000000000000000000, -0.6789436981129060023, -0.7341903396209807919 ) ) ;
#2726 = CARTESIAN_POINT ( 'NONE',  ( -25.96744181788767492, 4.748559418393896614, 1.301894744484517696 ) ) ;
#2727 = EDGE_CURVE ( 'NONE', #206, #1245, #562, .T. ) ;
#2728 = AXIS2_PLACEMENT_3D ( 'NONE', #1624, #718, #2552 ) ;
#2729 = EDGE_LOOP ( 'NONE', ( #2121, #2346 ) ) ;
#2730 = CARTESIAN_POINT ( 'NONE',  ( -14.00000000000000000, 10.00000000000001599, -5.499999999999998224 ) ) ;
#2731 = AXIS2_PLACEMENT_3D ( 'NONE', #1256, #135, #120 ) ;
#2732 = DIRECTION ( 'NONE',  ( 0.000000000000000000, -0.000000000000000000, 1.000000000000000000 ) ) ;
#2733 = ORIENTED_EDGE ( 'NONE', *, *, #1903, .F. ) ;
#2734 = AXIS2_PLACEMENT_3D ( 'NONE', #2819, #1627, #2773 ) ;
#2735 = DIRECTION ( 'NONE',  ( 0.000000000000000000, -0.000000000000000000, 1.000000000000000000 ) ) ;
#2736 = ORIENTED_EDGE ( 'NONE', *, *, #2844, .T. ) ;
#2737 = CARTESIAN_POINT ( 'NONE',  ( -25.96103243794770421, 5.983164451776995740, -1.423451230619640073 ) ) ;
#2738 = DIRECTION ( 'NONE',  ( 8.659560562354904508E-17, -0.7071067811865500152, 0.7071067811865451302 ) ) ;
#2739 = VERTEX_POINT ( 'NONE', #1496 ) ;
#2740 = SHAPE_REPRESENTATION ( 'КМГПЭУГ 6х0,12-2,0', ( #39 ), #1934 ) ;
#2741 = DIRECTION ( 'NONE',  ( -0.000000000000000000, 1.000000000000000000, -0.000000000000000000 ) ) ;
#2742 = CARTESIAN_POINT ( 'NONE',  ( -25.98114809006321480, 4.370912350974835547, -0.9923348715337755310 ) ) ;
#2743 = ORIENTED_EDGE ( 'NONE', *, *, #2727, .F. ) ;
#2744 = CARTESIAN_POINT ( 'NONE',  ( -6.999999999999997335, 7.000000000000000888, 5.624355652982158560 ) ) ;
#2745 = ADVANCED_FACE ( 'NONE', ( #1268 ), #1036, .F. ) ;
#2746 = CARTESIAN_POINT ( 'NONE',  ( 7.041719095097283838E-16, 11.00000000000000000, 5.750000000000001776 ) ) ;
#2747 = VERTEX_POINT ( 'NONE', #598 ) ;
#2748 = CARTESIAN_POINT ( 'NONE',  ( 0.000000000000000000, 24.20257101886294748, 0.000000000000000000 ) ) ;
#2749 = EDGE_CURVE ( 'NONE', #254, #166, #896, .T. ) ;
#2750 = LINE ( 'NONE', #2546, #921 ) ;
#2751 = ORIENTED_EDGE ( 'NONE', *, *, #667, .T. ) ;
#2752 = CARTESIAN_POINT ( 'NONE',  ( -14.00000000000000000, 7.000000000000000888, -6.499999999999983125 ) ) ;
#2753 = DIRECTION ( 'NONE',  ( 0.000000000000000000, 1.000000000000000000, 0.000000000000000000 ) ) ;
#2754 = VERTEX_POINT ( 'NONE', #2456 ) ;
#2755 = AXIS2_PLACEMENT_3D ( 'NONE', #674, #658, #1388 ) ;
#2756 = CIRCLE ( 'NONE', #583, 3.000000000000000444 ) ;
#2757 = CARTESIAN_POINT ( 'NONE',  ( 0.000000000000000000, 6.999999999999999112, 0.000000000000000000 ) ) ;
#2758 = CIRCLE ( 'NONE', #2665, 2.999999999999998224 ) ;
#2759 = DIRECTION ( 'NONE',  ( 0.000000000000000000, 0.000000000000000000, 1.000000000000000000 ) ) ;
#2760 = CARTESIAN_POINT ( 'NONE',  ( -6.999999999999997335, 10.00000000000001599, 12.12435565298214435 ) ) ;
#2761 = VERTEX_POINT ( 'NONE', #376 ) ;
#2762 = CARTESIAN_POINT ( 'NONE',  ( -22.45497014708064398, 5.016350427895773123, 1.423283786877213908 ) ) ;
#2763 = CARTESIAN_POINT ( 'NONE',  ( 0.000000000000000000, 0.000000000000000000, 0.000000000000000000 ) ) ;
#2764 = VERTEX_POINT ( 'NONE', #542 ) ;
#2765 = EDGE_CURVE ( 'NONE', #1004, #1870, #2595, .T. ) ;
#2766 = CARTESIAN_POINT ( 'NONE',  ( 3.551475717527323241E-15, 13.99999999999999822, -28.99999999999999289 ) ) ;
#2767 = SHAPE_DEFINITION_REPRESENTATION ( #336, #1416 ) ;
#2768 = VECTOR ( 'NONE', #1501, 1000.000000000000000 ) ;
#2769 = ORIENTED_EDGE ( 'NONE', *, *, #1962, .F. ) ;
#2770 = CARTESIAN_POINT ( 'NONE',  ( 0.000000000000000000, 17.00000000000000000, 0.000000000000000000 ) ) ;
#2771 = CONICAL_SURFACE ( 'NONE', #2303, 6.499999999999984901, 0.7853981633974439491 ) ;
#2772 = DIRECTION ( 'NONE',  ( 0.000000000000000000, 0.000000000000000000, 1.000000000000000000 ) ) ;
#2773 = DIRECTION ( 'NONE',  ( 0.000000000000000000, 0.000000000000000000, -1.000000000000000000 ) ) ;
#2774 = ORIENTED_EDGE ( 'NONE', *, *, #2531, .T. ) ;
#2775 = CIRCLE ( 'NONE', #2304, 2.999999999999999112 ) ;
#2776 = AXIS2_PLACEMENT_3D ( 'NONE', #2814, #745, #1234 ) ;
#2777 = CARTESIAN_POINT ( 'NONE',  ( -22.49727820378360832, 4.039484989437412743, 0.3938085519280688507 ) ) ;
#2778 = CARTESIAN_POINT ( 'NONE',  ( 0.000000000000000000, 11.00000000000000000, -25.00000000000002132 ) ) ;
#2779 = DIRECTION ( 'NONE',  ( 0.000000000000000000, 0.000000000000000000, 1.000000000000000000 ) ) ;
#2780 = CARTESIAN_POINT ( 'NONE',  ( 0.000000000000000000, 24.20257101886294748, 0.000000000000000000 ) ) ;
#2781 = ORIENTED_EDGE ( 'NONE', *, *, #610, .T. ) ;
#2782 = CIRCLE ( 'NONE', #1487, 6.500000000000008882 ) ;
#2783 = ADVANCED_BREP_SHAPE_REPRESENTATION ( '', ( #662, #39 ), #1934 ) ;
#2784 = EDGE_CURVE ( 'NONE', #1475, #2668, #1867, .T. ) ;
#2785 = EDGE_CURVE ( 'NONE', #2671, #1295, #1968, .T. ) ;
#2786 = LINE ( 'NONE', #2953, #350 ) ;
#2787 = ORIENTED_EDGE ( 'NONE', *, *, #1276, .T. ) ;
#2788 = EDGE_CURVE ( 'NONE', #1748, #1245, #389, .T. ) ;
#2789 = CYLINDRICAL_SURFACE ( 'NONE', #1076, 1.500000000000000222 ) ;
#2790 = ORIENTED_EDGE ( 'NONE', *, *, #111, .T. ) ;
#2791 = DIRECTION ( 'NONE',  ( 0.000000000000000000, 0.000000000000000000, 1.000000000000000000 ) ) ;
#2792 = DIRECTION ( 'NONE',  ( 0.000000000000000000, 0.000000000000000000, -1.000000000000000000 ) ) ;
#2793 = FACE_BOUND ( 'NONE', #1291, .T. ) ;
#2794 = ORIENTED_EDGE ( 'NONE', *, *, #1164, .T. ) ;
#2795 = STYLED_ITEM ( 'NONE', ( #2279 ), #1553 ) ;
#2796 = ORIENTED_EDGE ( 'NONE', *, *, #825, .T. ) ;
#2797 = DIRECTION ( 'NONE',  ( -0.000000000000000000, 1.000000000000000000, -0.000000000000000000 ) ) ;
#2798 = EDGE_CURVE ( 'NONE', #2032, #1640, #1671, .T. ) ;
#2799 = CARTESIAN_POINT ( 'NONE',  ( -22.49999999999999645, 6.999999999999999112, -0.09916073794578843248 ) ) ;
#2800 = CARTESIAN_POINT ( 'NONE',  ( -17.75352077758100222, 11.00000000000000000, -10.24999999999998579 ) ) ;
#2801 = CARTESIAN_POINT ( 'NONE',  ( 6.999999999999992006, 7.000000000000000888, -12.12435565298214790 ) ) ;
#2802 = AXIS2_PLACEMENT_3D ( 'NONE', #358, #1557, #2437 ) ;
#2803 = ORIENTED_EDGE ( 'NONE', *, *, #441, .F. ) ;
#2804 = ADVANCED_FACE ( 'NONE', ( #2481 ), #147, .T. ) ;
#2805 = TOROIDAL_SURFACE ( 'NONE', #249, 20.49999999999998934, 5.999999999999996447 ) ;
#2806 = SURFACE_SIDE_STYLE ('',( #1629 ) ) ;
#2807 = EDGE_LOOP ( 'NONE', ( #1466, #413, #728, #2100 ) ) ;
#2808 = VECTOR ( 'NONE', #670, 1000.000000000000000 ) ;
#2809 = DIRECTION ( 'NONE',  ( 1.000000000000000000, -0.000000000000000000, -0.000000000000000000 ) ) ;
#2810 = LINE ( 'NONE', #1659, #164 ) ;
#2811 = CARTESIAN_POINT ( 'NONE',  ( 7.000000000000000888, 10.00000000000001599, 17.62435565298214257 ) ) ;
#2812 = ORIENTED_EDGE ( 'NONE', *, *, #2749, .T. ) ;
#2813 = ORIENTED_EDGE ( 'NONE', *, *, #1066, .F. ) ;
#2814 = CARTESIAN_POINT ( 'NONE',  ( 0.000000000000000000, 16.99999999999999645, 0.000000000000000000 ) ) ;
#2815 = UNCERTAINTY_MEASURE_WITH_UNIT (LENGTH_MEASURE( 1.000000000000000082E-05 ), #1125, 'distance_accuracy_value', 'NONE');
#2816 = DIRECTION ( 'NONE',  ( -0.000000000000000000, 1.000000000000000000, -0.000000000000000000 ) ) ;
#2817 = ORIENTED_EDGE ( 'NONE', *, *, #814, .F. ) ;
#2818 = VECTOR ( 'NONE', #2725, 1000.000000000000000 ) ;
#2819 = CARTESIAN_POINT ( 'NONE',  ( 0.000000000000000000, 10.00000000000001599, 0.000000000000000000 ) ) ;
#2820 = AXIS2_PLACEMENT_3D ( 'NONE', #2877, #2677, #787 ) ;
#2821 = ADVANCED_FACE ( 'NONE', ( #677 ), #2253, .F. ) ;
#2822 = CARTESIAN_POINT ( 'NONE',  ( -22.48805883221353952, 4.189134805275709361, 0.7548653607834733270 ) ) ;
#2823 = AXIS2_PLACEMENT_3D ( 'NONE', #1165, #488, #2351 ) ;
#2824 = VERTEX_POINT ( 'NONE', #1325 ) ;
#2825 = DIRECTION ( 'NONE',  ( 0.000000000000000000, 0.000000000000000000, -1.000000000000000000 ) ) ;
#2826 = CARTESIAN_POINT ( 'NONE',  ( 0.000000000000000000, 0.000000000000000000, 0.000000000000000000 ) ) ;
#2827 = VECTOR ( 'NONE', #1270, 999.9999999999998863 ) ;
#2828 = CARTESIAN_POINT ( 'NONE',  ( 2.520770051028797809E-15, 11.00000000000000000, 21.30000000000000071 ) ) ;
#2829 = ORIENTED_EDGE ( 'NONE', *, *, #2589, .F. ) ;
#2830 = AXIS2_PLACEMENT_3D ( 'NONE', #176, #2014, #668 ) ;
#2831 = CONICAL_SURFACE ( 'NONE', #2929, 5.500000000000001776, 0.7853981633974491672 ) ;
#2832 = ORIENTED_EDGE ( 'NONE', *, *, #2238, .T. ) ;
#2833 = CARTESIAN_POINT ( 'NONE',  ( 17.75352077758099867, 11.00000000000000000, 11.04999999999999538 ) ) ;
#2834 = CARTESIAN_POINT ( 'NONE',  ( 0.000000000000000000, 17.00000000000000000, 0.000000000000000000 ) ) ;
#2835 = CARTESIAN_POINT ( 'NONE',  ( 1.589785584802008682E-15, 17.79742898113705607, -11.96316890566128244 ) ) ;
#2836 = CARTESIAN_POINT ( 'NONE',  ( -14.00000000000000000, 11.00000000000000000, 1.734723475976807094E-15 ) ) ;
#2837 = ORIENTED_EDGE ( 'NONE', *, *, #1477, .F. ) ;
#2838 = DIRECTION ( 'NONE',  ( 0.000000000000000000, 0.000000000000000000, -1.000000000000000000 ) ) ;
#2839 = PRODUCT ( 'ПР-1000 заливка антенны', 'ПР-1000 заливка антенны', '', ( #2721 ) ) ;
#2840 = ADVANCED_FACE ( 'NONE', ( #2496 ), #2548, .T. ) ;
#2841 = CARTESIAN_POINT ( 'NONE',  ( 6.999999999999992006, 9.999999999999994671, -12.12435565298214790 ) ) ;
#2842 = ORIENTED_EDGE ( 'NONE', *, *, #427, .F. ) ;
#2843 = ORIENTED_EDGE ( 'NONE', *, *, #1584, .F. ) ;
#2844 = EDGE_CURVE ( 'NONE', #2541, #1702, #2067, .T. ) ;
#2845 = ORIENTED_EDGE ( 'NONE', *, *, #2784, .F. ) ;
#2846 = APPLICATION_CONTEXT ( 'automotive_design' ) ;
#2847 = DIRECTION ( 'NONE',  ( 0.000000000000000000, 1.000000000000000000, 0.000000000000000000 ) ) ;
#2848 = VERTEX_POINT ( 'NONE', #615 ) ;
#2849 = ORIENTED_EDGE ( 'NONE', *, *, #1065, .T. ) ;
#2850 = CARTESIAN_POINT ( 'NONE',  ( 7.000000000000000888, 0.000000000000000000, 12.12435565298214080 ) ) ;
#2851 = ORIENTED_EDGE ( 'NONE', *, *, #1654, .T. ) ;
#2852 = CARTESIAN_POINT ( 'NONE',  ( -22.46839446761297410, 6.413987138108113939, 1.193403407847954290 ) ) ;
#2853 = CIRCLE ( 'NONE', #2144, 0.7999999999999986011 ) ;
#2854 = CARTESIAN_POINT ( 'NONE',  ( 17.75352077758099156, 0.000000000000000000, -11.05000000000000426 ) ) ;
#2855 = PLANE ( 'NONE',  #459 ) ;
#2856 = VECTOR ( 'NONE', #741, 1000.000000000000000 ) ;
#2857 = ADVANCED_FACE ( 'NONE', ( #2466 ), #1756, .F. ) ;
#2858 = EDGE_LOOP ( 'NONE', ( #2472, #2275, #2326, #524 ) ) ;
#2859 = LINE ( 'NONE', #1300, #1078 ) ;
#2860 = DIRECTION ( 'NONE',  ( 1.224646799147351975E-16, 0.000000000000000000, -1.000000000000000000 ) ) ;
#2861 = ADVANCED_FACE ( 'NONE', ( #1995 ), #2831, .F. ) ;
#2862 = VERTEX_POINT ( 'NONE', #2709 ) ;
#2863 = CARTESIAN_POINT ( 'NONE',  ( 14.00000000000000000, 10.00000000000001776, 0.000000000000000000 ) ) ;
#2864 = CYLINDRICAL_SURFACE ( 'NONE', #1471, 5.499999999999998224 ) ;
#2865 = CYLINDRICAL_SURFACE ( 'NONE', #1835, 5.500000000000001776 ) ;
#2866 = PRODUCT_DEFINITION_SHAPE ( 'NONE', 'NONE',  #2992 ) ;
#2867 = SURFACE_STYLE_USAGE ( .BOTH. , #2209 ) ;
#2868 = EDGE_LOOP ( 'NONE', ( #2803, #2149, #2334, #2284 ) ) ;
#2869 = CIRCLE ( 'NONE', #1516, 5.500000000000000000 ) ;
#2870 = DIRECTION ( 'NONE',  ( 0.000000000000000000, 0.000000000000000000, -1.000000000000000000 ) ) ;
#2871 = ORIENTED_EDGE ( 'NONE', *, *, #1259, .T. ) ;
#2872 = DIRECTION ( 'NONE',  ( 0.000000000000000000, 0.000000000000000000, 1.000000000000000000 ) ) ;
#2873 = CARTESIAN_POINT ( 'NONE',  ( 7.000000000000000888, 7.000000000000000888, 5.624355652982155895 ) ) ;
#2874 = AXIS2_PLACEMENT_3D ( 'NONE', #876, #1793, #2264 ) ;
#2875 = DIRECTION ( 'NONE',  ( 0.000000000000000000, 0.000000000000000000, -1.000000000000000000 ) ) ;
#2876 = CIRCLE ( 'NONE', #1566, 5.499999999999998224 ) ;
#2877 = CARTESIAN_POINT ( 'NONE',  ( -6.999999999999997335, 10.00000000000001599, 12.12435565298214435 ) ) ;
#2878 = VECTOR ( 'NONE', #679, 1000.000000000000000 ) ;
#2879 = DIRECTION ( 'NONE',  ( 0.000000000000000000, 0.000000000000000000, 1.000000000000000000 ) ) ;
#2880 = ORIENTED_EDGE ( 'NONE', *, *, #2899, .T. ) ;
#2881 = CIRCLE ( 'NONE', #1914, 0.7999999999999986011 ) ;
#2882 = EDGE_CURVE ( 'NONE', #2210, #2848, #1625, .T. ) ;
#2883 = EDGE_CURVE ( 'NONE', #2115, #2428, #1998, .T. ) ;
#2884 = CARTESIAN_POINT ( 'NONE',  ( 17.75352077758099867, 11.00000000000000000, 10.24999999999999645 ) ) ;
#2885 = CIRCLE ( 'NONE', #1575, 13.99999999999999822 ) ;
#2886 = EDGE_LOOP ( 'NONE', ( #2251, #1223, #1406, #559 ) ) ;
#2887 = EDGE_CURVE ( 'NONE', #2092, #166, #1652, .T. ) ;
#2888 = PLANE ( 'NONE',  #998 ) ;
#2889 = ORIENTED_EDGE ( 'NONE', *, *, #641, .T. ) ;
#2890 = LINE ( 'NONE', #2658, #801 ) ;
#2891 = CYLINDRICAL_SURFACE ( 'NONE', #1133, 5.750000000000000888 ) ;
#2892 = CARTESIAN_POINT ( 'NONE',  ( -25.98400791685583044, 6.699068337655464056, 0.9222261022419740994 ) ) ;
#2893 = CARTESIAN_POINT ( 'NONE',  ( 0.000000000000000000, 0.000000000000000000, 31.99999999999998579 ) ) ;
#2894 = EDGE_LOOP ( 'NONE', ( #1377, #1966 ) ) ;
#2895 = FACE_OUTER_BOUND ( 'NONE', #2412, .T. ) ;
#2896 = EDGE_CURVE ( 'NONE', #761, #494, #2015, .T. ) ;
#2897 = ORIENTED_EDGE ( 'NONE', *, *, #1900, .T. ) ;
#2898 = DIRECTION ( 'NONE',  ( -0.000000000000000000, -1.000000000000000000, -0.000000000000000000 ) ) ;
#2899 = EDGE_CURVE ( 'NONE', #2668, #1475, #173, .T. ) ;
#2900 = ORIENTED_EDGE ( 'NONE', *, *, #2333, .T. ) ;
#2901 = FACE_OUTER_BOUND ( 'NONE', #307, .T. ) ;
#2902 = CARTESIAN_POINT ( 'NONE',  ( -7.000000000000006217, 9.999999999999994671, -12.12435565298213902 ) ) ;
#2903 = DIRECTION ( 'NONE',  ( -1.000000000000000000, 0.000000000000000000, 0.000000000000000000 ) ) ;
#2904 =( GEOMETRIC_REPRESENTATION_CONTEXT ( 3 ) GLOBAL_UNCERTAINTY_ASSIGNED_CONTEXT ( ( #1667 ) ) GLOBAL_UNIT_ASSIGNED_CONTEXT ( ( #653, #2689, #888 ) ) REPRESENTATION_CONTEXT ( 'NONE', 'WORKASPACE' ) );
#2905 = CARTESIAN_POINT ( 'NONE',  ( 0.000000000000000000, 0.000000000000000000, 0.000000000000000000 ) ) ;
#2906 = EDGE_LOOP ( 'NONE', ( #592, #2647, #1109, #595 ) ) ;
#2907 = FACE_OUTER_BOUND ( 'NONE', #1045, .T. ) ;
#2908 = PRODUCT_CONTEXT ( 'NONE', #893, 'mechanical' ) ;
#2909 = VERTEX_POINT ( 'NONE', #484 ) ;
#2910 = LINE ( 'NONE', #1247, #1494 ) ;
#2911 = CARTESIAN_POINT ( 'NONE',  ( -25.95669470483482399, 5.302059040189060823, 1.500000000000000000 ) ) ;
#2912 = VERTEX_POINT ( 'NONE', #2540 ) ;
#2913 = CARTESIAN_POINT ( 'NONE',  ( -6.999999999999996447, 10.00000000000001599, 6.624355652982144349 ) ) ;
#2914 = VECTOR ( 'NONE', #1897, 1000.000000000000000 ) ;
#2915 = EDGE_CURVE ( 'NONE', #1497, #1707, #2782, .T. ) ;
#2916 = EDGE_CURVE ( 'NONE', #144, #242, #946, .T. ) ;
#2917 = TOROIDAL_SURFACE ( 'NONE', #506, 2.999999999999998224, 2.999999999999998224 ) ;
#2918 = DIRECTION ( 'NONE',  ( 0.000000000000000000, 0.000000000000000000, 1.000000000000000000 ) ) ;
#2919 = AXIS2_PLACEMENT_3D ( 'NONE', #2748, #682, #669 ) ;
#2920 = SURFACE_STYLE_FILL_AREA ( #2065 ) ;
#2921 = ORIENTED_EDGE ( 'NONE', *, *, #1711, .F. ) ;
#2922 = CIRCLE ( 'NONE', #1664, 22.50000000000000000 ) ;
#2923 = VECTOR ( 'NONE', #425, 1000.000000000000114 ) ;
#2924 = CARTESIAN_POINT ( 'NONE',  ( 17.75352077758099867, 7.000000000000000888, 9.449999999999997513 ) ) ;
#2925 = DIRECTION ( 'NONE',  ( 1.000000000000000000, 0.000000000000000000, 0.000000000000000000 ) ) ;
#2926 = ORIENTED_EDGE ( 'NONE', *, *, #954, .F. ) ;
#2927 = CIRCLE ( 'NONE', #1571, 28.99999999999999289 ) ;
#2928 = DIRECTION ( 'NONE',  ( 0.000000000000000000, 0.000000000000000000, -1.000000000000000000 ) ) ;
#2929 = AXIS2_PLACEMENT_3D ( 'NONE', #1297, #2941, #438 ) ;
#2930 = DIRECTION ( 'NONE',  ( -0.000000000000000000, -1.000000000000000000, -0.000000000000000000 ) ) ;
#2931 = EDGE_LOOP ( 'NONE', ( #516, #755, #1949, #2959 ) ) ;
#2932 = LINE ( 'NONE', #2512, #609 ) ;
#2933 = PRODUCT_RELATED_PRODUCT_CATEGORY ( 'part', '', ( #2839 ) ) ;
#2934 = CYLINDRICAL_SURFACE ( 'NONE', #1751, 5.500000000000000000 ) ;
#2935 = CARTESIAN_POINT ( 'NONE',  ( 0.000000000000000000, 24.20257101886294748, 0.000000000000000000 ) ) ;
#2936 = ORIENTED_EDGE ( 'NONE', *, *, #1404, .T. ) ;
#2937 = EDGE_CURVE ( 'NONE', #1322, #2296, #1815, .T. ) ;
#2938 = DIRECTION ( 'NONE',  ( 0.000000000000000000, 0.000000000000000000, 1.000000000000000000 ) ) ;
#2939 = ORIENTED_EDGE ( 'NONE', *, *, #537, .T. ) ;
#2940 = DIRECTION ( 'NONE',  ( 0.000000000000000000, 0.000000000000000000, 1.000000000000000000 ) ) ;
#2941 = DIRECTION ( 'NONE',  ( 0.000000000000000000, 1.000000000000000000, 0.000000000000000000 ) ) ;
#2942 = EDGE_LOOP ( 'NONE', ( #2921, #2254 ) ) ;
#2943 =( GEOMETRIC_REPRESENTATION_CONTEXT ( 3 ) GLOBAL_UNCERTAINTY_ASSIGNED_CONTEXT ( ( #2379 ) ) GLOBAL_UNIT_ASSIGNED_CONTEXT ( ( #570, #527, #1222 ) ) REPRESENTATION_CONTEXT ( 'NONE', 'WORKASPACE' ) );
#2944 = DIRECTION ( 'NONE',  ( 0.000000000000000000, 0.000000000000000000, -1.000000000000000000 ) ) ;
#2945 = CARTESIAN_POINT ( 'NONE',  ( 0.000000000000000000, 200.0000000000000000, -3.000000000000000444 ) ) ;
#2946 = DIRECTION ( 'NONE',  ( 0.000000000000000000, 1.000000000000000000, 0.000000000000000000 ) ) ;
#2947 = ORIENTED_EDGE ( 'NONE', *, *, #2784, .T. ) ;
#2948 = CIRCLE ( 'NONE', #968, 0.7999999999999986011 ) ;
#2949 = DIRECTION ( 'NONE',  ( 0.000000000000000000, 0.000000000000000000, 1.000000000000000000 ) ) ;
#2950 = DIRECTION ( 'NONE',  ( 0.000000000000000000, 1.000000000000000000, 0.000000000000000000 ) ) ;
#2951 = VECTOR ( 'NONE', #2738, 1000.000000000000114 ) ;
#2952 = ADVANCED_FACE ( 'NONE', ( #286 ), #2364, .F. ) ;
#2953 = CARTESIAN_POINT ( 'NONE',  ( 2.755455298081544778E-15, 0.000000000000000000, 22.50000000000000000 ) ) ;
#2954 = APPLICATION_PROTOCOL_DEFINITION ( 'draft international standard', 'automotive_design', 1998, #2693 ) ;
#2955 = CONICAL_SURFACE ( 'NONE', #2148, 5.036831094338717563, 0.8244733813000826306 ) ;
#2956 = ORIENTED_EDGE ( 'NONE', *, *, #2354, .T. ) ;
#2957 = CYLINDRICAL_SURFACE ( 'NONE', #1955, 3.000000000000000444 ) ;
#2958 = CARTESIAN_POINT ( 'NONE',  ( 0.000000000000000000, 2.343145750507618530, 0.000000000000000000 ) ) ;
#2959 = ORIENTED_EDGE ( 'NONE', *, *, #2916, .F. ) ;
#2960 = FACE_BOUND ( 'NONE', #616, .T. ) ;
#2961 = DIRECTION ( 'NONE',  ( 0.000000000000000000, 0.000000000000000000, 1.000000000000000000 ) ) ;
#2962 = FACE_OUTER_BOUND ( 'NONE', #1182, .T. ) ;
#2963 = VECTOR ( 'NONE', #2816, 1000.000000000000000 ) ;
#2964 = ORIENTED_EDGE ( 'NONE', *, *, #1798, .F. ) ;
#2965 = DIRECTION ( 'NONE',  ( 0.000000000000000000, 1.000000000000000000, 0.000000000000000000 ) ) ;
#2966 = AXIS2_PLACEMENT_3D ( 'NONE', #1264, #2442, #2875 ) ;
#2967 = CARTESIAN_POINT ( 'NONE',  ( -25.95726603348593997, 5.697262142982579824, -1.490204523295148853 ) ) ;
#2968 = DIRECTION ( 'NONE',  ( -0.000000000000000000, -1.000000000000000000, -0.000000000000000000 ) ) ;
#2969 = AXIS2_PLACEMENT_3D ( 'NONE', #740, #713, #757 ) ;
#2970 = ORIENTED_EDGE ( 'NONE', *, *, #1512, .F. ) ;
#2971 = EDGE_CURVE ( 'NONE', #2583, #2824, #565, .T. ) ;
#2972 = EDGE_CURVE ( 'NONE', #1341, #360, #2885, .T. ) ;
#2973 = CARTESIAN_POINT ( 'NONE',  ( 0.000000000000000000, 0.000000000000000000, -26.00000000000000355 ) ) ;
#2974 = AXIS2_PLACEMENT_3D ( 'NONE', #1773, #2012, #406 ) ;
#2975 = CARTESIAN_POINT ( 'NONE',  ( 0.000000000000000000, 200.0000000000000000, 0.000000000000000000 ) ) ;
#2976 = CARTESIAN_POINT ( 'NONE',  ( -25.99999556045937155, 4.000076952060549473, -0.1002500176061254938 ) ) ;
#2977 = VECTOR ( 'NONE', #1115, 1000.000000000000000 ) ;
#2978 = ORIENTED_EDGE ( 'NONE', *, *, #1918, .F. ) ;
#2979 = ADVANCED_FACE ( 'NONE', ( #2316 ), #948, .F. ) ;
#2980 = DIRECTION ( 'NONE',  ( 0.000000000000000000, -0.7071067811865505703, -0.7071067811865444641 ) ) ;
#2981 = VECTOR ( 'NONE', #2043, 999.9999999999998863 ) ;
#2982 = CARTESIAN_POINT ( 'NONE',  ( 0.000000000000000000, -31.00000000000000000, 31.99999999999998579 ) ) ;
#2983 = VERTEX_POINT ( 'NONE', #1161 ) ;
#2984 = CARTESIAN_POINT ( 'NONE',  ( 6.999999999999992006, 8.000000000000008882, -12.12435565298214790 ) ) ;
#2985 = B_SPLINE_CURVE_WITH_KNOTS ( 'NONE', 3,
 ( #1636, #2799, #328, #763, #1418, #1682, #2565, #2597, #2380, #731, #2153, #73, #1915, #1884 ),
 .UNSPECIFIED., .F., .F.,
 ( 4, 2, 2, 2, 2, 2, 4 ),
 ( 0.000000000000000000, 0.0002932535811745858251, 0.0005865071623491716502, 0.0008797607435237574753, 0.001173014324698343300, 0.001759521487047516469, 0.002346028649396689637 ),
 .UNSPECIFIED. ) ;
#2986 = DIRECTION ( 'NONE',  ( 0.000000000000000000, 1.000000000000000000, 0.000000000000000000 ) ) ;
#2987 = ORIENTED_EDGE ( 'NONE', *, *, #1993, .F. ) ;
#2988 = CARTESIAN_POINT ( 'NONE',  ( 17.75352077758099156, 7.000000000000000888, -9.450000000000006395 ) ) ;
#2989 = FACE_OUTER_BOUND ( 'NONE', #2631, .T. ) ;
#2990 = DIRECTION ( 'NONE',  ( 0.000000000000000000, 0.000000000000000000, 1.000000000000000000 ) ) ;
#2991 = NEXT_ASSEMBLY_USAGE_OCCURRENCE ( 'NAUO1', ' ', ' ', #1059, #219, $ ) ;
#2992 = NEXT_ASSEMBLY_USAGE_OCCURRENCE ( 'NAUO2', ' ', ' ', #1059, #2414, $ ) ;
#2993 = NEXT_ASSEMBLY_USAGE_OCCURRENCE ( 'NAUO3', ' ', ' ', #1059, #1290, $ ) ;
ENDSEC;
END-ISO-10303-21;
