ISO-10303-21;
HEADER;
FILE_DESCRIPTION (( 'STEP AP214' ),
    '1' );
FILE_NAME ('Крепление антенны в сборе.STEP',
    '2026-08-18T11:06:06',
    ( '' ),
    ( '' ),
    'SwSTEP 2.0',
    'SolidWorks 2021',
    '' );
FILE_SCHEMA (( 'AUTOMOTIVE_DESIGN' ));
ENDSEC;

DATA;
#1 = MECHANICAL_DESIGN_GEOMETRIC_PRESENTATION_REPRESENTATION (  '', ( #898 ), #1921 ) ;
#2 = DIRECTION ( 'NONE',  ( 1.156471023545240599E-16, 3.009265538105054016E-36, 1.000000000000000000 ) ) ;
#3 = DIRECTION ( 'NONE',  ( -0.7071067811865474617, 0.7071067811865474617, 1.348118117066088494E-20 ) ) ;
#4 = DIRECTION ( 'NONE',  ( -1.000000000000000000, -1.865879172627004853E-36, -8.470329472542997748E-22 ) ) ;
#5 = DIRECTION ( 'NONE',  ( -6.397590658963344466E-20, -1.000000000000000000, -1.906526924835733357E-20 ) ) ;
#6 = ORIENTED_EDGE ( 'NONE', *, *, #2919, .F. ) ;
#7 = ORIENTED_EDGE ( 'NONE', *, *, #1883, .T. ) ;
#8 = CARTESIAN_POINT ( 'NONE',  ( 1.594512950166008913, 32.20251224002040402, 43.97152514522942823 ) ) ;
#9 = EDGE_CURVE ( 'NONE', #817, #3205, #2567, .T. ) ;
#10 =( NAMED_UNIT ( * ) PLANE_ANGLE_UNIT ( ) SI_UNIT ( $, .RADIAN. ) );
#11 = CARTESIAN_POINT ( 'NONE',  ( -4.906357651277835075, 37.03665473929511620, 42.59502146918769938 ) ) ;
#12 = CARTESIAN_POINT ( 'NONE',  ( -5.980402438248359154, 36.62870149614776949, 43.59170074709417975 ) ) ;
#13 = EDGE_LOOP ( 'NONE', ( #1047, #2712, #2125, #2960, #2741 ) ) ;
#14 = LINE ( 'NONE', #543, #3040 ) ;
#15 = ADVANCED_FACE ( 'NONE', ( #3472 ), #353, .F. ) ;
#16 = VECTOR ( 'NONE', #2553, 1000.000000000000000 ) ;
#17 = ORIENTED_EDGE ( 'NONE', *, *, #614, .F. ) ;
#18 = DIRECTION ( 'NONE',  ( 6.397590658963344466E-20, 1.000000000000000000, 1.906526924835733357E-20 ) ) ;
#19 = AXIS2_PLACEMENT_3D ( 'NONE', #2512, #18, #1624 ) ;
#20 = ORIENTED_EDGE ( 'NONE', *, *, #3014, .T. ) ;
#21 = CARTESIAN_POINT ( 'NONE',  ( 2.067951531382570128E-22, 4.000000000000000000, 0.000000000000000000 ) ) ;
#22 = DIRECTION ( 'NONE',  ( 6.397590658963414281E-20, 1.000000000000000000, 1.906526924835742084E-20 ) ) ;
#23 = ORIENTED_EDGE ( 'NONE', *, *, #2106, .F. ) ;
#24 = CARTESIAN_POINT ( 'NONE',  ( 43.00000000000002132, 83.00000000000000000, 1.582417347613658819E-18 ) ) ;
#25 = CARTESIAN_POINT ( 'NONE',  ( -33.03981334098129707, 83.00000000000000000, -27.52036944506950533 ) ) ;
#26 = CARTESIAN_POINT ( 'NONE',  ( 28.84441020371194142, 4.000000000000000000, -3.000000000000003553 ) ) ;
#27 = DIRECTION ( 'NONE',  ( 0.000000000000000000, 0.000000000000000000, -1.000000000000000000 ) ) ;
#28 = ORIENTED_EDGE ( 'NONE', *, *, #1712, .T. ) ;
#29 = CIRCLE ( 'NONE', #1891, 44.00000000000002842 ) ;
#30 = CARTESIAN_POINT ( 'NONE',  ( 5.118072527170678462E-19, 8.000000000000000000, 1.525221539868586926E-19 ) ) ;
#31 = CARTESIAN_POINT ( 'NONE',  ( -4.999999999999999112, 38.00000000000000711, 32.11308144666283226 ) ) ;
#32 = ORIENTED_EDGE ( 'NONE', *, *, #695, .F. ) ;
#33 = ORIENTED_EDGE ( 'NONE', *, *, #2287, .F. ) ;
#34 = B_SPLINE_CURVE_WITH_KNOTS ( 'NONE', 3,
 ( #3266, #1073, #3231, #2984 ),
 .UNSPECIFIED., .F., .F.,
 ( 4, 4 ),
 ( 2.602085213965210642E-18, 0.0008322413886670324262 ),
 .UNSPECIFIED. ) ;
#35 = ORIENTED_EDGE ( 'NONE', *, *, #2745, .F. ) ;
#36 = DIRECTION ( 'NONE',  ( 6.397590658963344466E-20, 1.000000000000000000, 1.906526924835733357E-20 ) ) ;
#37 = EDGE_CURVE ( 'NONE', #338, #2139, #844, .T. ) ;
#38 = AXIS2_PLACEMENT_3D ( 'NONE', #2152, #1014, #3209 ) ;
#39 = EDGE_CURVE ( 'NONE', #3482, #1063, #2971, .T. ) ;
#40 = CARTESIAN_POINT ( 'NONE',  ( -4.999999999999999112, 58.00000000000000000, 42.57933784517401676 ) ) ;
#41 = CARTESIAN_POINT ( 'NONE',  ( -5.379844929692862543, 38.00000000000000711, 42.90941019062233153 ) ) ;
#42 = CARTESIAN_POINT ( 'NONE',  ( -44.00000000000000000, 82.00000000000001421, 5.389790017730363122E-15 ) ) ;
#43 = EDGE_LOOP ( 'NONE', ( #314, #3332 ) ) ;
#44 = ORIENTED_EDGE ( 'NONE', *, *, #1423, .F. ) ;
#45 = CARTESIAN_POINT ( 'NONE',  ( 3.246649957832818512, 32.90373412710207646, 43.88037786673373830 ) ) ;
#46 = CARTESIAN_POINT ( 'NONE',  ( -32.90615214731306537, 82.91298616867288729, -27.81679481294403189 ) ) ;
#47 = CIRCLE ( 'NONE', #2376, 6.600000000000022737 ) ;
#48 = ORIENTED_EDGE ( 'NONE', *, *, #977, .F. ) ;
#49 = VECTOR ( 'NONE', #1097, 1000.000000000000000 ) ;
#50 = CARTESIAN_POINT ( 'NONE',  ( 26.51650429449560775, 9.027796614315156034E-36, -29.51650429449549762 ) ) ;
#51 = CARTESIAN_POINT ( 'NONE',  ( -3.765695204447979894, 34.69461937486756398, 32.28193267041380921 ) ) ;
#52 = CARTESIAN_POINT ( 'NONE',  ( 4.048705853854078995, 35.06577696022937829, 42.72466208347516670 ) ) ;
#53 = ORIENTED_EDGE ( 'NONE', *, *, #784, .F. ) ;
#54 = CARTESIAN_POINT ( 'NONE',  ( 5.246024340349944075E-18, 82.00000000000001421, 1.563352078365301762E-18 ) ) ;
#55 = ORIENTED_EDGE ( 'NONE', *, *, #1111, .T. ) ;
#56 =( NAMED_UNIT ( * ) SI_UNIT ( $, .STERADIAN. ) SOLID_ANGLE_UNIT ( ) );
#57 = EDGE_LOOP ( 'NONE', ( #2209, #197, #729, #2521, #964, #1864 ) ) ;
#58 = APPLICATION_PROTOCOL_DEFINITION ( 'draft international standard', 'automotive_design', 1998, #773 ) ;
#59 = CYLINDRICAL_SURFACE ( 'NONE', #153, 2.499999999999998668 ) ;
#60 = EDGE_CURVE ( 'NONE', #2277, #3094, #1988, .T. ) ;
#61 = DIRECTION ( 'NONE',  ( 8.470329472542997748E-22, -3.009265538105054016E-36, -1.000000000000000000 ) ) ;
#62 = DIRECTION ( 'NONE',  ( -1.865879172627007192E-36, -1.000000000000000000, -3.009265538105058025E-36 ) ) ;
#63 = ADVANCED_FACE ( 'NONE', ( #2168 ), #2707, .F. ) ;
#64 = CARTESIAN_POINT ( 'NONE',  ( -4.932732556678026015, 37.17848132255439708, 42.59063704479849122 ) ) ;
#65 = AXIS2_PLACEMENT_3D ( 'NONE', #407, #1054, #754 ) ;
#66 =( NAMED_UNIT ( * ) SI_UNIT ( $, .STERADIAN. ) SOLID_ANGLE_UNIT ( ) );
#67 = CARTESIAN_POINT ( 'NONE',  ( -4.239339746782708751, 35.34832034324384153, 42.69803861865251804 ) ) ;
#68 = CARTESIAN_POINT ( 'NONE',  ( 26.51662262032568407, 83.00000000000000000, 26.51638596813738147 ) ) ;
#69 = ORIENTED_EDGE ( 'NONE', *, *, #3193, .F. ) ;
#70 = DIRECTION ( 'NONE',  ( -6.397590658963317985E-20, -1.000000000000000000, -1.906526924835734862E-20 ) ) ;
#71 = ORIENTED_EDGE ( 'NONE', *, *, #2177, .T. ) ;
#72 = ORIENTED_EDGE ( 'NONE', *, *, #453, .T. ) ;
#73 = AXIS2_PLACEMENT_3D ( 'NONE', #1300, #1021, #2397 ) ;
#74 = DIRECTION ( 'NONE',  ( -6.397590658963344466E-20, -1.000000000000000000, -1.906526924835733357E-20 ) ) ;
#75 = CIRCLE ( 'NONE', #3396, 2.100000000000000977 ) ;
#76 = ADVANCED_FACE ( 'NONE', ( #1858 ), #2105, .T. ) ;
#77 = PRESENTATION_STYLE_ASSIGNMENT (( #2283 ) ) ;
#78 = DIRECTION ( 'NONE',  ( 6.397590658963344466E-20, 1.000000000000000000, 1.906526924835750209E-20 ) ) ;
#79 = AXIS2_PLACEMENT_3D ( 'NONE', #2471, #250, #374 ) ;
#80 = CARTESIAN_POINT ( 'NONE',  ( 5.000000000000000000, 38.00000000000000711, 50.00000000000000000 ) ) ;
#81 = EDGE_CURVE ( 'NONE', #2969, #228, #175, .T. ) ;
#82 = CARTESIAN_POINT ( 'NONE',  ( 2.168139790543782475, 32.38316971947713085, 43.94693984923194563 ) ) ;
#83 = CARTESIAN_POINT ( 'NONE',  ( 29.78444685063684361, 82.51073952483457674, 31.69094700478707693 ) ) ;
#84 = CARTESIAN_POINT ( 'NONE',  ( -4.495611810728124880, 35.80538709954051058, 42.66038397955428962 ) ) ;
#85 = VERTEX_POINT ( 'NONE', #3502 ) ;
#86 = ADVANCED_FACE ( 'NONE', ( #3288 ), #1316, .F. ) ;
#87 = DIRECTION ( 'NONE',  ( -1.000000000000000000, 0.000000000000000000, 0.000000000000000000 ) ) ;
#88 = VERTEX_POINT ( 'NONE', #26 ) ;
#89 = CYLINDRICAL_SURFACE ( 'NONE', #3260, 3.099999999999998757 ) ;
#90 = CYLINDRICAL_SURFACE ( 'NONE', #3578, 2.100000000000000977 ) ;
#91 = PRODUCT_CONTEXT ( 'NONE', #753, 'mechanical' ) ;
#92 = CARTESIAN_POINT ( 'NONE',  ( 1.611901432765239006, 33.26624704742901883, 42.95657177529432857 ) ) ;
#93 = CARTESIAN_POINT ( 'NONE',  ( -29.01638596813748094, 58.00000000000000000, 26.51662262032558104 ) ) ;
#94 = CIRCLE ( 'NONE', #2362, 2.499999999999998668 ) ;
#95 = AXIS2_PLACEMENT_3D ( 'NONE', #388, #1496, #2586 ) ;
#96 = VERTEX_POINT ( 'NONE', #3090 ) ;
#97 = CARTESIAN_POINT ( 'NONE',  ( -26.51638596813748450, 79.50000000000000000, 26.51662262032558104 ) ) ;
#98 = CARTESIAN_POINT ( 'NONE',  ( -0.3974236007283438732, 32.00933355319445184, 43.99866469860944562 ) ) ;
#99 = CARTESIAN_POINT ( 'NONE',  ( 27.52066431482229802, 83.00000000000000000, 33.03956772826890642 ) ) ;
#100 = CARTESIAN_POINT ( 'NONE',  ( 4.291573797262675284E-15, 83.00000000000000000, 35.00000000000000000 ) ) ;
#101 = CARTESIAN_POINT ( 'NONE',  ( 4.000000000000006217, 83.00000000000000000, 35.00000000000000000 ) ) ;
#102 = EDGE_CURVE ( 'NONE', #3370, #1084, #199, .T. ) ;
#103 = FILL_AREA_STYLE ('',( #719 ) ) ;
#104 = VERTEX_POINT ( 'NONE', #3252 ) ;
#105 = CIRCLE ( 'NONE', #1349, 2.499999999999998668 ) ;
#106 = CIRCLE ( 'NONE', #3138, 3.099999999999998757 ) ;
#107 = EDGE_CURVE ( 'NONE', #104, #3438, #1516, .T. ) ;
#108 = DIRECTION ( 'NONE',  ( -1.000000000000000000, 0.000000000000000000, 0.000000000000000000 ) ) ;
#109 = ORIENTED_EDGE ( 'NONE', *, *, #548, .T. ) ;
#110 = DIRECTION ( 'NONE',  ( -1.865879172627007192E-36, -1.000000000000000000, -3.009265538105058025E-36 ) ) ;
#111 = DIRECTION ( 'NONE',  ( 6.397590658963344466E-20, 1.000000000000000000, 1.906526924835733357E-20 ) ) ;
#112 = LINE ( 'NONE', #1754, #131 ) ;
#113 = CARTESIAN_POINT ( 'NONE',  ( 5.118072527170678462E-19, 8.000000000000000000, 1.525221539868586926E-19 ) ) ;
#114 = DIRECTION ( 'NONE',  ( -8.470329472542997748E-22, 3.009265538105054016E-36, 1.000000000000000000 ) ) ;
#115 = CARTESIAN_POINT ( 'NONE',  ( 29.80308663282015402, 82.49814945971324676, -31.69584040300401639 ) ) ;
#116 = EDGE_LOOP ( 'NONE', ( #3198, #2737 ) ) ;
#117 = AXIS2_PLACEMENT_3D ( 'NONE', #3394, #1477, #1213 ) ;
#118 = EDGE_CURVE ( 'NONE', #494, #143, #3270, .T. ) ;
#119 = CARTESIAN_POINT ( 'NONE',  ( 3.973033441308617242, 34.94698406982244876, 32.25675665928253721 ) ) ;
#120 = EDGE_LOOP ( 'NONE', ( #1033, #1329 ) ) ;
#121 = PLANE ( 'NONE',  #2041 ) ;
#122 = EDGE_CURVE ( 'NONE', #3370, #1172, #2391, .T. ) ;
#123 = CARTESIAN_POINT ( 'NONE',  ( -26.51662262032568762, 58.00000000000000000, -26.51638596813737792 ) ) ;
#124 = CARTESIAN_POINT ( 'NONE',  ( 3.678614628903921437E-18, 57.49999999999997868, 1.096252981780546265E-18 ) ) ;
#125 = AXIS2_PLACEMENT_3D ( 'NONE', #3079, #2481, #1700 ) ;
#126 = FACE_OUTER_BOUND ( 'NONE', #2379, .T. ) ;
#127 = DIRECTION ( 'NONE',  ( 0.000000000000000000, 3.009265538105054350E-36, 1.000000000000000000 ) ) ;
#128 = ORIENTED_EDGE ( 'NONE', *, *, #3309, .F. ) ;
#129 = CARTESIAN_POINT ( 'NONE',  ( 29.00000000000002842, 8.000000000000000000, -2.646977960169688560E-20 ) ) ;
#130 = AXIS2_PLACEMENT_3D ( 'NONE', #3150, #717, #1819 ) ;
#131 = VECTOR ( 'NONE', #2341, 1000.000000000000000 ) ;
#132 = DIRECTION ( 'NONE',  ( -6.397590658963344466E-20, -1.000000000000000000, -1.906526924835733357E-20 ) ) ;
#133 = CARTESIAN_POINT ( 'NONE',  ( -3.267426465392863300, 34.21514595419584737, 42.82086684728763970 ) ) ;
#134 = CARTESIAN_POINT ( 'NONE',  ( 28.97337172488604295, 82.63935797026444163, -32.26141388623735651 ) ) ;
#135 = LINE ( 'NONE', #924, #1155 ) ;
#136 = EDGE_LOOP ( 'NONE', ( #1051, #2039, #777, #2242 ) ) ;
#137 = CARTESIAN_POINT ( 'NONE',  ( 0.7038270935451559351, 32.03875323192465885, 43.99448329374032340 ) ) ;
#138 = ORIENTED_EDGE ( 'NONE', *, *, #3087, .T. ) ;
#139 = DIRECTION ( 'NONE',  ( 6.397590658963344466E-20, 1.000000000000000000, 1.906526924835733357E-20 ) ) ;
#140 = EDGE_LOOP ( 'NONE', ( #364, #2347 ) ) ;
#141 = CARTESIAN_POINT ( 'NONE',  ( 26.51638596813748094, 8.000000000000000000, -26.51662262032558459 ) ) ;
#142 = DIRECTION ( 'NONE',  ( -1.000000000000000000, 0.000000000000000000, 0.000000000000000000 ) ) ;
#143 = VERTEX_POINT ( 'NONE', #3496 ) ;
#144 = CARTESIAN_POINT ( 'NONE',  ( 4.587084476673696898, 36.00867766198734188, 42.64624154329317918 ) ) ;
#145 = EDGE_CURVE ( 'NONE', #2969, #1994, #3510, .T. ) ;
#146 = AXIS2_PLACEMENT_3D ( 'NONE', #3130, #2573, #2306 ) ;
#147 =( REPRESENTATION_RELATIONSHIP ('NONE','NONE', #1526, #3264 ) REPRESENTATION_RELATIONSHIP_WITH_TRANSFORMATION ( #1735 )SHAPE_REPRESENTATION_RELATIONSHIP( ) );
#148 = DIRECTION ( 'NONE',  ( -0.000000000000000000, 1.000000000000000000, -0.000000000000000000 ) ) ;
#149 = VERTEX_POINT ( 'NONE', #2954 ) ;
#150 = LINE ( 'NONE', #3479, #2457 ) ;
#151 = ADVANCED_FACE ( 'NONE', ( #3042 ), #300, .T. ) ;
#152 = VECTOR ( 'NONE', #2437, 1000.000000000000000 ) ;
#153 = AXIS2_PLACEMENT_3D ( 'NONE', #956, #2821, #675 ) ;
#154 = CARTESIAN_POINT ( 'NONE',  ( 0.2059833934599830940, 32.00014887934625563, 43.99997893125288329 ) ) ;
#155 = VERTEX_POINT ( 'NONE', #1150 ) ;
#156 = DIRECTION ( 'NONE',  ( -1.000000000000000000, 0.000000000000000000, 0.000000000000000000 ) ) ;
#157 = FACE_OUTER_BOUND ( 'NONE', #515, .T. ) ;
#158 = DIRECTION ( 'NONE',  ( 0.000000000000000000, 0.000000000000000000, 1.000000000000000000 ) ) ;
#159 = VERTEX_POINT ( 'NONE', #606 ) ;
#160 = B_SPLINE_CURVE_WITH_KNOTS ( 'NONE', 3,
 ( #1905, #540, #989, #1808, #2142, #848, #1409, #599, #2524, #2275, #247, #2489, #46, #25 ),
 .UNSPECIFIED., .F., .F.,
 ( 4, 2, 2, 2, 2, 2, 4 ),
 ( 3.469446951953614189E-18, 0.002008868142489645542, 0.003013302213734465277, 0.004017736284979285012, 0.006026604427468930554, 0.007031038498713757662, 0.008035472569958583902 ),
 .UNSPECIFIED. ) ;
#161 = AXIS2_PLACEMENT_3D ( 'NONE', #1222, #1817, #114 ) ;
#162 = AXIS2_PLACEMENT_3D ( 'NONE', #1293, #3210, #740 ) ;
#163 = EDGE_LOOP ( 'NONE', ( #351, #3268, #2333, #176 ) ) ;
#164 = DIRECTION ( 'NONE',  ( -1.000000000000000000, 6.397590658963344466E-20, 0.000000000000000000 ) ) ;
#165 = CYLINDRICAL_SURFACE ( 'NONE', #2743, 3.099999999999998757 ) ;
#166 = ADVANCED_FACE ( 'NONE', ( #1967 ), #3124, .T. ) ;
#167 = ORIENTED_EDGE ( 'NONE', *, *, #614, .T. ) ;
#168 = CARTESIAN_POINT ( 'NONE',  ( -1.986473736327825312, 33.41081300121415865, 42.93397186245346120 ) ) ;
#169 = CARTESIAN_POINT ( 'NONE',  ( -4.999999999999999112, 38.00000000000000711, 32.11308144666283226 ) ) ;
#170 = CARTESIAN_POINT ( 'NONE',  ( -0.1968818874701712685, 31.99985456825540808, 44.00002059807999188 ) ) ;
#171 = EDGE_CURVE ( 'NONE', #96, #2077, #344, .T. ) ;
#172 = CARTESIAN_POINT ( 'NONE',  ( 44.00000000000002842, 8.000000000000000000, 0.000000000000000000 ) ) ;
#173 = CARTESIAN_POINT ( 'NONE',  ( -3.209006532598207784, 34.16558989883028374, 42.82722771620272795 ) ) ;
#174 = EDGE_LOOP ( 'NONE', ( #1975, #3452 ) ) ;
#175 = LINE ( 'NONE', #1586, #1440 ) ;
#176 = ORIENTED_EDGE ( 'NONE', *, *, #971, .F. ) ;
#177 = CARTESIAN_POINT ( 'NONE',  ( 26.51662262032568407, 79.50000000000000000, 26.51638596813738147 ) ) ;
#178 = DIRECTION ( 'NONE',  ( 1.865879172627007192E-36, 1.000000000000000000, 3.009265538105058025E-36 ) ) ;
#179 = CARTESIAN_POINT ( 'NONE',  ( -4.989892238787864365, 34.49885409408236114, 43.71628419009958577 ) ) ;
#180 = CARTESIAN_POINT ( 'NONE',  ( 3.613535661910324492, 34.54246496028360269, 42.78090549587339098 ) ) ;
#181 = CARTESIAN_POINT ( 'NONE',  ( 3.759080229456640776, 34.70212254334665403, 42.76279004642098869 ) ) ;
#182 = EDGE_LOOP ( 'NONE', ( #1588, #1463, #1502, #3051, #1670, #3549, #1898 ) ) ;
#183 = DIRECTION ( 'NONE',  ( -6.397590658963344466E-20, -1.000000000000000000, -1.906526924835733357E-20 ) ) ;
#184 = CARTESIAN_POINT ( 'NONE',  ( 5.000000000000000000, 38.00000000000000711, 42.57933784517401676 ) ) ;
#185 = FACE_BOUND ( 'NONE', #2381, .T. ) ;
#186 = VECTOR ( 'NONE', #2766, 1000.000000000000000 ) ;
#187 = CARTESIAN_POINT ( 'NONE',  ( -2.933199843870013535, 33.95055622927816330, 42.85571056751474117 ) ) ;
#188 = LINE ( 'NONE', #263, #186 ) ;
#189 = EDGE_LOOP ( 'NONE', ( #3070, #3058, #874, #1714, #2065 ) ) ;
#190 = EDGE_CURVE ( 'NONE', #2263, #3021, #2796, .T. ) ;
#191 = CARTESIAN_POINT ( 'NONE',  ( 26.51638596813748094, 58.00000000000000000, -26.51662262032558459 ) ) ;
#192 = CARTESIAN_POINT ( 'NONE',  ( -26.51638596813748450, 58.00000000000000000, 26.51662262032558104 ) ) ;
#193 = VECTOR ( 'NONE', #691, 1000.000000000000000 ) ;
#194 = CARTESIAN_POINT ( 'NONE',  ( 29.61662262032568194, 58.00000000000000000, 26.51638596813738147 ) ) ;
#195 = ORIENTED_EDGE ( 'NONE', *, *, #2270, .T. ) ;
#196 = CARTESIAN_POINT ( 'NONE',  ( 31.00000000000000711, 83.00000000000000000, -1.651929077366917560E-15 ) ) ;
#197 = ORIENTED_EDGE ( 'NONE', *, *, #1951, .T. ) ;
#198 = CARTESIAN_POINT ( 'NONE',  ( 3.156658620253840031, 34.12243144748069312, 42.83282802282745649 ) ) ;
#199 = B_SPLINE_CURVE_WITH_KNOTS ( 'NONE', 3,
 ( #821, #1635, #3593, #2204, #1421, #3307, #886, #2506, #11, #1156, #309, #1710, #836, #1920, #3028, #560, #2827, #2057, #665, #84, #3168, #3390, #3112, #67, #1195, #3402, #2012, #1227, #395, #2307, #945, #1762, #2592, #2346, #1782, #3448, #980, #485, #1307, #2160, #2665, #1527, #2621, #2101, #466, #762, #1548, #133, #3195, #173, #2409, #2640, #3498, #1042, #2119, #3230, #187, #3512, #3010, #2466, #1684, #3360, #1092, #1632, #815, #1667, #2765, #3567, #2734, #833, #1648, #262, #281, #1416, #2783, #1151, #1953, #2338, #3440, #610, #1510, #1810, #3459, #1010, #2583, #438, #1541, #1286, #3477, #324, #2383, #3490, #3082, #957, #2047, #1771, #3176, #731, #1790, #2884, #454, #1102, #782, #1371, #752, #2942, #1590, #803, #3294, #2112, #2693, #1623, #1571, #3020, #198, #2675, #2474, #2454, #514, #2440, #2713, #3001, #3505, #180, #1067, #2147, #545, #566, #2496, #315, #1979, #3098, #2264, #621, #1453, #1717, #52, #1946, #3313, #3598, #1426, #1927, #3036, #1960, #1657, #2225, #1675, #3074, #1600, #1362, #1325, #1904, #3550, #2199, #1060, #2738, #2722, #2181, #819, #490, #1137, #2217, #2141 ),
 .UNSPECIFIED., .F., .F.,
 ( 4, 2, 1, 1, 2, 2, 2, 1, 1, 1, 2, 2, 2, 2, 1, 1, 2, 2, 2, 1, 1, 1, 1, 2, 2, 2, 2, 2, 2, 2, 1, 1, 2, 2, 2, 1, 1, 2, 2, 2, 2, 1, 1, 2, 2, 2, 1, 1, 2, 2, 2, 2, 1, 2, 2, 2, 1, 1, 1, 2, 2, 2, 2, 1, 1, 2, 2, 2, 1, 1, 1, 2, 2, 2, 2, 2, 2, 2, 1, 1, 1, 2, 2, 2, 1, 1, 2, 2, 2, 2, 1, 1, 2, 2, 2, 1, 1, 2, 2, 4 ),
 ( 0.000000000000000000, 0.03124999999995622946, 0.04687499999993498950, 0.05468749999992502525, 0.05859374999992070232, 0.06249999999991638633, 0.09374999999988614663, 0.1093749999998703398, 0.1171874999998624572, 0.1210937499998579192, 0.1230468749998562122, 0.1249999999998545053, 0.1562499999998412659, 0.1718749999998352151, 0.1796874999998316069, 0.1835937499998298583, 0.1855468749998284428, 0.1874999999998269995, 0.2031249999998158418, 0.2109374999998102906, 0.2148437499998075983, 0.2167968749998063216, 0.2177734374998060995, 0.2182617187498059885, 0.2187499999998058497, 0.2343749999997956635, 0.2421874999997905842, 0.2499999999997855049, 0.2656249999997746802, 0.2734374999997692957, 0.2773437499997665201, 0.2792968749997656874, 0.2802734374997652433, 0.2812499999997647993, 0.2968749999997519762, 0.3046874999997451483, 0.3085937499997417621, 0.3105468749997400968, 0.3124999999997384870, 0.3437499999997112865, 0.3593749999996977418, 0.3671874999996906364, 0.3710937499996871392, 0.3730468749996853628, 0.3749999999996836419, 0.4062499999996603273, 0.4218749999996486699, 0.4296874999996428968, 0.4335937499996400657, 0.4374999999996371791, 0.4999999999995923261, 0.5312499999995698996, 0.5468749999995587974, 0.5546874999995531352, 0.5624999999995474731, 0.5937499999995249356, 0.6093749999995137223, 0.6171874999995079492, 0.6210937499995049516, 0.6230468749995036193, 0.6249999999995021760, 0.6562499999994803046, 0.6718749999994696465, 0.6796874999994646505, 0.6835937499994625410, 0.6855468749994614308, 0.6874999999994603206, 0.7031249999994511057, 0.7109374999994464428, 0.7148437499994437783, 0.7167968749994424460, 0.7177734374994418909, 0.7187499999994412248, 0.7343749999994318989, 0.7421874999994273470, 0.7499999999994226840, 0.7656249999994140243, 0.7734374999994095834, 0.7773437499994079181, 0.7792968749994071409, 0.7802734374994074740, 0.7807617187494084732, 0.7812499999994094724, 0.7968749999994484412, 0.8046874999994673150, 0.8085937499994761968, 0.8105468749994806377, 0.8124999999994850786, 0.8437499999995595745, 0.8593749999995967670, 0.8671874999996154187, 0.8710937499996239675, 0.8730468749996290745, 0.8749999999996340705, 0.9062499999997208899, 0.9218749999997649658, 0.9296874999997876143, 0.9335937499997997158, 0.9374999999998117062, 1.000000000000000000 ),
 .UNSPECIFIED. ) ;
#200 = FACE_BOUND ( 'NONE', #601, .T. ) ;
#201 = CARTESIAN_POINT ( 'NONE',  ( 26.51650429449560775, 0.000000000000000000, -26.51650429449550472 ) ) ;
#202 =( NAMED_UNIT ( * ) PLANE_ANGLE_UNIT ( ) SI_UNIT ( $, .RADIAN. ) );
#203 = CARTESIAN_POINT ( 'NONE',  ( -3.591655208935680577, 34.52051601376619772, 42.78351288756766735 ) ) ;
#204 = CIRCLE ( 'NONE', #1846, 2.499999999999998668 ) ;
#205 = FACE_OUTER_BOUND ( 'NONE', #1379, .T. ) ;
#206 = CARTESIAN_POINT ( 'NONE',  ( 26.51638596813748094, 79.50000000000000000, -29.61662262032558601 ) ) ;
#207 = CARTESIAN_POINT ( 'NONE',  ( -33.03981334098129707, 83.00000000000000000, -27.52036944506950533 ) ) ;
#208 = DIRECTION ( 'NONE',  ( 0.000000000000000000, 0.000000000000000000, 1.000000000000000000 ) ) ;
#209 = VERTEX_POINT ( 'NONE', #2801 ) ;
#210 = VERTEX_POINT ( 'NONE', #2536 ) ;
#211 = CARTESIAN_POINT ( 'NONE',  ( -0.1960348801560277687, 32.00225317047801354, 43.99967809815412068 ) ) ;
#212 = CARTESIAN_POINT ( 'NONE',  ( 6.090062826617244518, 37.21500401162997917, 43.57650204029295793 ) ) ;
#213 = CARTESIAN_POINT ( 'NONE',  ( 5.246024340349944075E-18, 82.00000000000001421, 1.563352078365301762E-18 ) ) ;
#214 = EDGE_CURVE ( 'NONE', #155, #1569, #1876, .T. ) ;
#215 = CIRCLE ( 'NONE', #342, 44.00000000000000000 ) ;
#216 = EDGE_LOOP ( 'NONE', ( #1134, #2272 ) ) ;
#217 = FACE_OUTER_BOUND ( 'NONE', #1012, .T. ) ;
#218 = ORIENTED_EDGE ( 'NONE', *, *, #1481, .F. ) ;
#219 = EDGE_CURVE ( 'NONE', #1466, #950, #3101, .T. ) ;
#220 = CARTESIAN_POINT ( 'NONE',  ( -2.439204922355100891, 32.49297567082187044, 43.93243620050270692 ) ) ;
#221 = VERTEX_POINT ( 'NONE', #3178 ) ;
#222 = CARTESIAN_POINT ( 'NONE',  ( -23.41638596813748308, 58.00000000000000000, 26.51662262032558104 ) ) ;
#223 = CARTESIAN_POINT ( 'NONE',  ( -0.5695443350497451096, 33.03185742655016099, 42.99468145151072918 ) ) ;
#224 = AXIS2_PLACEMENT_3D ( 'NONE', #2135, #132, #791 ) ;
#225 = UNCERTAINTY_MEASURE_WITH_UNIT (LENGTH_MEASURE( 1.000000000000000082E-05 ), #533, 'distance_accuracy_value', 'NONE');
#226 = LINE ( 'NONE', #1015, #385 ) ;
#227 = CARTESIAN_POINT ( 'NONE',  ( 44.00000000000000000, 82.00000000000001421, 1.344101482009192432E-18 ) ) ;
#228 = VERTEX_POINT ( 'NONE', #1289 ) ;
#229 = CARTESIAN_POINT ( 'NONE',  ( 2.984116520130634775, 32.75549456382773172, 43.89878032446758738 ) ) ;
#230 = PLANE ( 'NONE',  #1351 ) ;
#231 = CARTESIAN_POINT ( 'NONE',  ( 4.000000000000006217, 83.00000000000000000, 35.00000000000000000 ) ) ;
#232 = CARTESIAN_POINT ( 'NONE',  ( 0.000000000000000000, 0.000000000000000000, 0.000000000000000000 ) ) ;
#233 = EDGE_LOOP ( 'NONE', ( #2985, #946 ) ) ;
#234 = CARTESIAN_POINT ( 'NONE',  ( -6.139534789078586741, 58.00000000000000000, 43.56955488151896816 ) ) ;
#235 = DIRECTION ( 'NONE',  ( 1.000000000000000000, 0.000000000000000000, 0.000000000000000000 ) ) ;
#236 = EDGE_CURVE ( 'NONE', #1908, #1872, #620, .T. ) ;
#237 = ADVANCED_FACE ( 'NONE', ( #3141 ), #441, .F. ) ;
#238 = CARTESIAN_POINT ( 'NONE',  ( 0.1669457591814682840, 33.00012209333220881, 42.99997963836570136 ) ) ;
#239 = DIRECTION ( 'NONE',  ( -1.865879172627007192E-36, -1.000000000000000000, -3.009265538105058025E-36 ) ) ;
#240 = CARTESIAN_POINT ( 'NONE',  ( 26.51662262032568407, 8.000000000000000000, 26.51638596813738147 ) ) ;
#241 = CARTESIAN_POINT ( 'NONE',  ( 43.49999999999998579, 58.00000000000000000, 1.101019299092636059E-18 ) ) ;
#242 = CARTESIAN_POINT ( 'NONE',  ( -5.759689859385724198, 38.00000000000000711, 43.23948253607065340 ) ) ;
#243 = ORIENTED_EDGE ( 'NONE', *, *, #2247, .F. ) ;
#244 = VERTEX_POINT ( 'NONE', #409 ) ;
#245 = CARTESIAN_POINT ( 'NONE',  ( 6.139534789078584964, 38.00000000000000711, 43.56955488151896816 ) ) ;
#246 = CARTESIAN_POINT ( 'NONE',  ( 39.00000000000000000, 83.00000000000000000, -2.141549481160254209E-15 ) ) ;
#247 = CARTESIAN_POINT ( 'NONE',  ( -32.43777118806565340, 82.69817287614579016, -28.68699712769312882 ) ) ;
#248 = CYLINDRICAL_SURFACE ( 'NONE', #2831, 44.00000000000002842 ) ;
#249 = EDGE_LOOP ( 'NONE', ( #1413, #1125, #265, #1417 ) ) ;
#250 = DIRECTION ( 'NONE',  ( -6.397590658963344466E-20, -1.000000000000000000, -1.906526924835733357E-20 ) ) ;
#251 = CIRCLE ( 'NONE', #2232, 3.000000000000006217 ) ;
#252 = DIRECTION ( 'NONE',  ( -1.000000000000000000, 0.000000000000000000, 7.359432928386428427E-15 ) ) ;
#253 = AXIS2_PLACEMENT_3D ( 'NONE', #3335, #1659, #254 ) ;
#254 = DIRECTION ( 'NONE',  ( 8.470329472542996808E-22, 0.000000000000000000, -1.000000000000000000 ) ) ;
#255 = VERTEX_POINT ( 'NONE', #426 ) ;
#256 = ADVANCED_FACE ( 'NONE', ( #126 ), #2904, .T. ) ;
#257 = CARTESIAN_POINT ( 'NONE',  ( -1.605030413268100586, 33.26391125141226723, 42.95694259211987287 ) ) ;
#258 = DIRECTION ( 'NONE',  ( 1.000000000000000000, 4.070746120447194766E-36, 1.156487964204185685E-16 ) ) ;
#259 = CIRCLE ( 'NONE', #1105, 2.499999999999998668 ) ;
#260 = DIRECTION ( 'NONE',  ( -1.000000000000000000, -1.865879172627004853E-36, -8.470329472542997748E-22 ) ) ;
#261 = EDGE_CURVE ( 'NONE', #2873, #1301, #1210, .T. ) ;
#262 = CARTESIAN_POINT ( 'NONE',  ( -1.920575247868363533, 33.38356156300114463, 42.93819455499939863 ) ) ;
#263 = CARTESIAN_POINT ( 'NONE',  ( 2.100000000000001865, 0.000000000000000000, -3.308722450212110699E-21 ) ) ;
#264 = ORIENTED_EDGE ( 'NONE', *, *, #1246, .T. ) ;
#265 = ORIENTED_EDGE ( 'NONE', *, *, #3464, .T. ) ;
#266 = CARTESIAN_POINT ( 'NONE',  ( 3.071673519639234851, 32.80399084591400083, 43.89273658480014717 ) ) ;
#267 = CARTESIAN_POINT ( 'NONE',  ( 5.816693815218680008, 36.06980292380451658, 43.61386899034082631 ) ) ;
#268 = CARTESIAN_POINT ( 'NONE',  ( -24.01662262032568762, 58.00000000000000000, -26.51638596813737792 ) ) ;
#269 = PRODUCT ( 'Держатель USBL (скоба)', 'Держатель USBL (скоба)', '', ( #91 ) ) ;
#270 = ORIENTED_EDGE ( 'NONE', *, *, #412, .F. ) ;
#271 = CIRCLE ( 'NONE', #816, 43.00000000000002132 ) ;
#272 = VECTOR ( 'NONE', #1244, 1000.000000000000000 ) ;
#273 = APPLICATION_PROTOCOL_DEFINITION ( 'draft international standard', 'automotive_design', 1998, #585 ) ;
#274 = CARTESIAN_POINT ( 'NONE',  ( -1.527624173143503850, 33.23838271591831983, 42.96100956503726565 ) ) ;
#275 = CARTESIAN_POINT ( 'NONE',  ( -29.61662262032568549, 79.50000000000000000, -26.51638596813737792 ) ) ;
#276 = EDGE_CURVE ( 'NONE', #2368, #1259, #3492, .T. ) ;
#277 = AXIS2_PLACEMENT_3D ( 'NONE', #630, #2767, #595 ) ;
#278 = DIRECTION ( 'NONE',  ( 0.000000000000000000, 1.000000000000000000, 0.000000000000000000 ) ) ;
#279 = AXIS2_PLACEMENT_3D ( 'NONE', #1852, #1579, #447 ) ;
#280 = DIRECTION ( 'NONE',  ( 6.397590658963344466E-20, 1.000000000000000000, 1.906526924835733357E-20 ) ) ;
#281 = CARTESIAN_POINT ( 'NONE',  ( -1.753486158224912383, 33.31446413138028362, 42.94890165811345639 ) ) ;
#282 = DIRECTION ( 'NONE',  ( -6.397590658963344466E-20, -1.000000000000000000, -1.906526924835733357E-20 ) ) ;
#283 = ORIENTED_EDGE ( 'NONE', *, *, #1167, .T. ) ;
#284 = ORIENTED_EDGE ( 'NONE', *, *, #145, .T. ) ;
#285 = EDGE_CURVE ( 'NONE', #3462, #935, #2716, .T. ) ;
#286 = CARTESIAN_POINT ( 'NONE',  ( 1.979264984605580757, 32.31949652846481058, 43.95556169264674651 ) ) ;
#287 = CARTESIAN_POINT ( 'NONE',  ( -24.01662262032568762, 58.00000000000000000, -26.51638596813737792 ) ) ;
#288 = DIRECTION ( 'NONE',  ( 0.000000000000000000, 0.000000000000000000, 1.000000000000000000 ) ) ;
#289 = CARTESIAN_POINT ( 'NONE',  ( 32.76977908997760380, 82.82437027687302589, -28.11897029658365454 ) ) ;
#290 = CARTESIAN_POINT ( 'NONE',  ( 26.51638596813748094, 58.00000000000000000, -26.51662262032558459 ) ) ;
#291 = ORIENTED_EDGE ( 'NONE', *, *, #1498, .F. ) ;
#292 = CARTESIAN_POINT ( 'NONE',  ( 35.00000000000000000, 83.00000000000000000, -2.141549481160254209E-15 ) ) ;
#293 = ADVANCED_FACE ( 'NONE', ( #3558 ), #165, .F. ) ;
#294 = ORIENTED_EDGE ( 'NONE', *, *, #3245, .T. ) ;
#295 = ORIENTED_EDGE ( 'NONE', *, *, #418, .T. ) ;
#296 = APPLICATION_PROTOCOL_DEFINITION ( 'draft international standard', 'automotive_design', 1998, #1331 ) ;
#297 = DIRECTION ( 'NONE',  ( -1.000000000000000000, 0.000000000000000000, 0.000000000000000000 ) ) ;
#298 = AXIS2_PLACEMENT_3D ( 'NONE', #968, #1720, #403 ) ;
#299 = AXIS2_PLACEMENT_3D ( 'NONE', #1130, #572, #61 ) ;
#300 = PLANE ( 'NONE',  #3329 ) ;
#301 = CARTESIAN_POINT ( 'NONE',  ( 26.51638596813748094, 79.50000000000000000, -26.51662262032558459 ) ) ;
#302 = CARTESIAN_POINT ( 'NONE',  ( 4.000000000000006217, 58.00000000000000000, 35.00000000000000000 ) ) ;
#303 = CARTESIAN_POINT ( 'NONE',  ( 26.51638596813748094, 58.00000000000000000, -26.51662262032558459 ) ) ;
#304 = DIRECTION ( 'NONE',  ( 6.397590658963344466E-20, 1.000000000000000000, 1.906526924835733357E-20 ) ) ;
#305 = DIRECTION ( 'NONE',  ( -1.000000000000000000, 0.000000000000000000, 0.000000000000000000 ) ) ;
#306 = DIRECTION ( 'NONE',  ( -0.7071067811865426878, -0.7071067811865524577, 8.658212444237807015E-17 ) ) ;
#307 = EDGE_LOOP ( 'NONE', ( #1676, #627, #1507, #1460 ) ) ;
#308 = FILL_AREA_STYLE_COLOUR ( '', #2964 ) ;
#309 = CARTESIAN_POINT ( 'NONE',  ( -4.833422576730330711, 36.70979398730042220, 42.60708447566272383 ) ) ;
#310 = ADVANCED_FACE ( 'NONE', ( #1334 ), #2170, .F. ) ;
#311 = EDGE_LOOP ( 'NONE', ( #294, #1461 ) ) ;
#312 = CARTESIAN_POINT ( 'NONE',  ( 3.710602582198740537E-18, 58.00000000000000000, 1.105785616404725467E-18 ) ) ;
#313 = AXIS2_PLACEMENT_3D ( 'NONE', #3380, #3322, #692 ) ;
#314 = ORIENTED_EDGE ( 'NONE', *, *, #1622, .T. ) ;
#316 = ADVANCED_FACE ( 'NONE', ( #2458 ), #2190, .F. ) ;
#315 = CARTESIAN_POINT ( 'NONE',  ( 3.849533267489457344, 34.80920375119521992, 42.75115091991992955 ) ) ;
#317 = AXIS2_PLACEMENT_3D ( 'NONE', #2910, #1783, #2291 ) ;
#318 = VECTOR ( 'NONE', #2026, 1000.000000000000000 ) ;
#319 = LINE ( 'NONE', #2613, #2530 ) ;
#320 = CARTESIAN_POINT ( 'NONE',  ( -5.000000000000000000, 38.00000000000000711, 42.57933784517401676 ) ) ;
#321 = CARTESIAN_POINT ( 'NONE',  ( 2.501552336752547845, 33.66999231705518980, 42.89517451063480991 ) ) ;
#322 = CARTESIAN_POINT ( 'NONE',  ( -2.100000000000001865, 0.000000000000000000, 1.654361225106055350E-21 ) ) ;
#323 = FILL_AREA_STYLE ('',( #607 ) ) ;
#324 = CARTESIAN_POINT ( 'NONE',  ( 1.131214135989216052, 33.12712644284355434, 42.97896484188484578 ) ) ;
#325 = DIRECTION ( 'NONE',  ( 1.865879172627007192E-36, 1.000000000000000000, 3.009265538105058025E-36 ) ) ;
#326 = ORIENTED_EDGE ( 'NONE', *, *, #2415, .F. ) ;
#327 = ORIENTED_EDGE ( 'NONE', *, *, #1418, .F. ) ;
#328 = CARTESIAN_POINT ( 'NONE',  ( 5.594273268819703659, 35.52030852749181378, 43.64298454688745466 ) ) ;
#329 = LINE ( 'NONE', #1462, #642 ) ;
#330 = CARTESIAN_POINT ( 'NONE',  ( -6.056936627389023720, 37.01417759948212449, 43.58111685319513384 ) ) ;
#331 = ORIENTED_EDGE ( 'NONE', *, *, #634, .T. ) ;
#332 = PLANE ( 'NONE',  #1492 ) ;
#333 = VECTOR ( 'NONE', #1364, 1000.000000000000000 ) ;
#334 = FACE_OUTER_BOUND ( 'NONE', #2197, .T. ) ;
#335 = EDGE_CURVE ( 'NONE', #1509, #2236, #506, .T. ) ;
#336 = CARTESIAN_POINT ( 'NONE',  ( -4.339234049219912848, 35.49447043224287057, 32.20954034449524528 ) ) ;
#337 = VERTEX_POINT ( 'NONE', #2876 ) ;
#338 = VERTEX_POINT ( 'NONE', #448 ) ;
#339 = ADVANCED_FACE ( 'NONE', ( #2622 ), #1646, .T. ) ;
#340 = DIRECTION ( 'NONE',  ( 0.000000000000000000, 0.000000000000000000, 1.000000000000000000 ) ) ;
#341 = DIRECTION ( 'NONE',  ( 6.397590658963414281E-20, 1.000000000000000000, 1.906526924835742084E-20 ) ) ;
#342 = AXIS2_PLACEMENT_3D ( 'NONE', #2030, #3144, #1336 ) ;
#343 = CARTESIAN_POINT ( 'NONE',  ( 4.291573797262675284E-15, 83.00000000000000000, 35.00000000000000000 ) ) ;
#344 = LINE ( 'NONE', #2518, #2516 ) ;
#345 = FACE_BOUND ( 'NONE', #1777, .T. ) ;
#346 = CARTESIAN_POINT ( 'NONE',  ( 5.709578389934579334, 35.79198710818414497, 43.62799817243283940 ) ) ;
#347 = COLOUR_RGB ( '',0.7921568627450980005, 0.8196078431372548767, 0.9333333333333333481 ) ;
#348 = CARTESIAN_POINT ( 'NONE',  ( -6.139534455938175483, 37.90078461129792231, 43.56955488111911023 ) ) ;
#349 = ORIENTED_EDGE ( 'NONE', *, *, #2950, .T. ) ;
#350 = CARTESIAN_POINT ( 'NONE',  ( 4.492151571141243416, 35.78013949223793588, 32.18830013704580040 ) ) ;
#351 = ORIENTED_EDGE ( 'NONE', *, *, #571, .F. ) ;
#352 = SHAPE_REPRESENTATION_RELATIONSHIP ( 'NONE' , 'NONE' ,  #3264, #1314 ) ;
#353 = CYLINDRICAL_SURFACE ( 'NONE', #2396, 3.099999999999998757 ) ;
#354 = VERTEX_POINT ( 'NONE', #3131 ) ;
#355 = EDGE_CURVE ( 'NONE', #3094, #1809, #135, .T. ) ;
#356 = CIRCLE ( 'NONE', #2513, 2.999999999999999112 ) ;
#357 = ORIENTED_EDGE ( 'NONE', *, *, #897, .F. ) ;
#358 = ORIENTED_EDGE ( 'NONE', *, *, #2330, .F. ) ;
#359 = PRODUCT_CONTEXT ( 'NONE', #585, 'mechanical' ) ;
#360 = EDGE_CURVE ( 'NONE', #1994, #966, #1591, .T. ) ;
#361 = DIRECTION ( 'NONE',  ( 1.000000000000000000, 0.000000000000000000, 0.000000000000000000 ) ) ;
#362 = CARTESIAN_POINT ( 'NONE',  ( -26.51638596813748450, 79.50000000000000000, 23.41662262032558317 ) ) ;
#363 = DIRECTION ( 'NONE',  ( -1.000000000000000000, 0.000000000000000000, -8.881784197001252323E-16 ) ) ;
#364 = ORIENTED_EDGE ( 'NONE', *, *, #1400, .T. ) ;
#365 = CARTESIAN_POINT ( 'NONE',  ( 3.710602582198740537E-18, 58.00000000000000000, 1.105785616404725467E-18 ) ) ;
#366 = LINE ( 'NONE', #2053, #16 ) ;
#367 = PRODUCT_DEFINITION_FORMATION_WITH_SPECIFIED_SOURCE ( 'ANY', '', #2991, .NOT_KNOWN. ) ;
#368 = CARTESIAN_POINT ( 'NONE',  ( 5.216961559551643646, 34.83066429601817759, 43.68976831327111654 ) ) ;
#369 = CARTESIAN_POINT ( 'NONE',  ( 28.11897029658377178, 82.82437027687301168, 32.76977908997748301 ) ) ;
#370 = CARTESIAN_POINT ( 'NONE',  ( 28.68699712769326382, 82.69817287614580437, -32.43777118806554682 ) ) ;
#371 =( REPRESENTATION_RELATIONSHIP ('NONE','NONE', #1526, #3264 ) REPRESENTATION_RELATIONSHIP_WITH_TRANSFORMATION ( #1432 )SHAPE_REPRESENTATION_RELATIONSHIP( ) );
#372 = DIRECTION ( 'NONE',  ( -8.470329472542996808E-22, 0.000000000000000000, 1.000000000000000000 ) ) ;
#373 = ORIENTED_EDGE ( 'NONE', *, *, #790, .T. ) ;
#374 = DIRECTION ( 'NONE',  ( -1.000000000000000000, 0.000000000000000000, 0.000000000000000000 ) ) ;
#375 = CARTESIAN_POINT ( 'NONE',  ( 2.062525685765398631, 33.44227466345299149, 32.43484259616885623 ) ) ;
#376 = ORIENTED_EDGE ( 'NONE', *, *, #453, .F. ) ;
#377 = DIRECTION ( 'NONE',  ( -8.470329472542997748E-22, 3.009265538105054016E-36, 1.000000000000000000 ) ) ;
#378 = CLOSED_SHELL ( 'NONE', ( #2488, #1687, #676, #818, #774, #1395, #2480, #1923, #151, #3596, #1250, #2377, #3503, #1947, #3285, #2632, #1578, #2655, #882, #2510, #1828, #166, #1755 ) ) ;
#379 = DIRECTION ( 'NONE',  ( -8.470329472542997748E-22, 3.009265538105054016E-36, 1.000000000000000000 ) ) ;
#380 = EDGE_LOOP ( 'NONE', ( #2292, #430 ) ) ;
#381 = CARTESIAN_POINT ( 'NONE',  ( -28.97337172488603940, 82.63935797026442742, 32.26141388623734230 ) ) ;
#382 = AXIS2_PLACEMENT_3D ( 'NONE', #576, #2500, #2603 ) ;
#383 = SHAPE_DEFINITION_REPRESENTATION ( #2357, #1526 ) ;
#384 = CARTESIAN_POINT ( 'NONE',  ( 1.058229659308475012, 33.11257348495923480, 42.98135449359114801 ) ) ;
#385 = VECTOR ( 'NONE', #483, 1000.000000000000000 ) ;
#386 = DIRECTION ( 'NONE',  ( 0.000000000000000000, 0.000000000000000000, 1.000000000000000000 ) ) ;
#387 = EDGE_CURVE ( 'NONE', #3411, #2619, #674, .T. ) ;
#388 = CARTESIAN_POINT ( 'NONE',  ( -26.51638596813748450, 58.00000000000000000, 26.51662262032558104 ) ) ;
#389 = CIRCLE ( 'NONE', #2237, 4.000000000000001776 ) ;
#390 = CARTESIAN_POINT ( 'NONE',  ( -4.733779413461969732, 36.38817392515072413, 42.62314678229834897 ) ) ;
#391 = DIRECTION ( 'NONE',  ( -1.865879172627007192E-36, -1.000000000000000000, -3.009265538105058025E-36 ) ) ;
#392 = CARTESIAN_POINT ( 'NONE',  ( 6.139534789078585852, 58.00000000000000000, 43.56955488151896816 ) ) ;
#393 = EDGE_CURVE ( 'NONE', #2110, #228, #2859, .T. ) ;
#394 = CARTESIAN_POINT ( 'NONE',  ( 29.51673806520934562, 82.54674915295795756, 31.89130067616560638 ) ) ;
#395 = CARTESIAN_POINT ( 'NONE',  ( -4.114024947805139831, 35.15745962618650111, 42.71568894327537436 ) ) ;
#396 = LINE ( 'NONE', #101, #272 ) ;
#397 = DIRECTION ( 'NONE',  ( -6.397590658963344466E-20, -1.000000000000000000, -1.906526924835733357E-20 ) ) ;
#398 = ORIENTED_EDGE ( 'NONE', *, *, #1906, .F. ) ;
#399 = ORIENTED_EDGE ( 'NONE', *, *, #3538, .F. ) ;
#400 =( LENGTH_UNIT ( ) NAMED_UNIT ( * ) SI_UNIT ( .MILLI., .METRE. ) );
#401 = AXIS2_PLACEMENT_3D ( 'NONE', #2363, #1786, #3435 ) ;
#402 = ORIENTED_EDGE ( 'NONE', *, *, #190, .F. ) ;
#403 = DIRECTION ( 'NONE',  ( 0.000000000000000000, 3.009265538105054684E-36, 1.000000000000000000 ) ) ;
#404 = CARTESIAN_POINT ( 'NONE',  ( -39.00000000000000000, 83.00000000000000000, 6.920836832530159771E-15 ) ) ;
#405 = CARTESIAN_POINT ( 'NONE',  ( 2.066012514472839179, 33.44607556012908134, 42.92856084960816077 ) ) ;
#406 = CARTESIAN_POINT ( 'NONE',  ( 3.678614628903921437E-18, 57.49999999999997868, 1.096252981780546265E-18 ) ) ;
#407 = CARTESIAN_POINT ( 'NONE',  ( 26.51650429449560775, 8.000000000000000000, -26.51650429449550472 ) ) ;
#408 = CIRCLE ( 'NONE', #583, 42.99999999999997868 ) ;
#409 = CARTESIAN_POINT ( 'NONE',  ( 29.61638596813747881, 79.50000000000000000, -26.51662262032558459 ) ) ;
#410 = CARTESIAN_POINT ( 'NONE',  ( -5.000000000000000000, 38.00000000000000711, 42.57933784517401676 ) ) ;
#411 = CARTESIAN_POINT ( 'NONE',  ( -2.100000000000001865, 0.000000000000000000, -28.92386557844579187 ) ) ;
#412 = EDGE_CURVE ( 'NONE', #1555, #1719, #1765, .T. ) ;
#413 = CARTESIAN_POINT ( 'NONE',  ( 5.461120407240442454, 35.25665860261025131, 43.65980324458971040 ) ) ;
#414 = CARTESIAN_POINT ( 'NONE',  ( 28.69383981443530018, 82.68735280253285680, 32.45120131155486121 ) ) ;
#415 = DIRECTION ( 'NONE',  ( 1.156487964204185685E-16, -3.009265538105054350E-36, -1.000000000000000000 ) ) ;
#416 = SURFACE_STYLE_FILL_AREA ( #103 ) ;
#417 = VERTEX_POINT ( 'NONE', #2120 ) ;
#418 = EDGE_CURVE ( 'NONE', #210, #915, #2968, .T. ) ;
#419 = CARTESIAN_POINT ( 'NONE',  ( 2.212396282144338144, 33.51311079834807316, 32.42493352247727501 ) ) ;
#420 = PRESENTATION_LAYER_ASSIGNMENT (  '', '', ( #1962 ) ) ;
#421 = AXIS2_PLACEMENT_3D ( 'NONE', #40, #3382, #1495 ) ;
#422 = ORIENTED_EDGE ( 'NONE', *, *, #598, .F. ) ;
#423 = EDGE_CURVE ( 'NONE', #705, #984, #251, .T. ) ;
#424 = CARTESIAN_POINT ( 'NONE',  ( -24.01662262032568762, 8.000000000000000000, -26.51638596813737792 ) ) ;
#425 = ORIENTED_EDGE ( 'NONE', *, *, #2913, .T. ) ;
#426 = CARTESIAN_POINT ( 'NONE',  ( 28.84441020371193432, 8.000000000000000000, -3.000000000000003553 ) ) ;
#427 = ORIENTED_EDGE ( 'NONE', *, *, #1848, .T. ) ;
#428 = FACE_OUTER_BOUND ( 'NONE', #1744, .T. ) ;
#429 = DIRECTION ( 'NONE',  ( -6.397590658963344466E-20, -1.000000000000000000, -1.906526924835733357E-20 ) ) ;
#430 = ORIENTED_EDGE ( 'NONE', *, *, #1375, .F. ) ;
#431 = AXIS2_PLACEMENT_3D ( 'NONE', #1100, #1909, #252 ) ;
#432 = COLOUR_RGB ( '',0.7921568627450980005, 0.8196078431372548767, 0.9333333333333333481 ) ;
#433 = EDGE_CURVE ( 'NONE', #686, #3327, #737, .T. ) ;
#434 = ORIENTED_EDGE ( 'NONE', *, *, #756, .T. ) ;
#435 = ORIENTED_EDGE ( 'NONE', *, *, #335, .F. ) ;
#436 = EDGE_CURVE ( 'NONE', #2594, #2063, #3267, .T. ) ;
#437 = CARTESIAN_POINT ( 'NONE',  ( -5.504065910365188330, 35.33984126022049566, 43.65440612627676842 ) ) ;
#438 = CARTESIAN_POINT ( 'NONE',  ( 0.6931330431152774585, 33.04708051601862451, 42.99213845777953225 ) ) ;
#439 = DIRECTION ( 'NONE',  ( -6.397590658963344466E-20, -1.000000000000000000, -1.906526924835733357E-20 ) ) ;
#440 = ORIENTED_EDGE ( 'NONE', *, *, #2308, .F. ) ;
#441 = CONICAL_SURFACE ( 'NONE', #908, 3.099999999999998757, 0.7853981633974512766 ) ;
#442 = CARTESIAN_POINT ( 'NONE',  ( 26.51662262032568407, 58.00000000000000000, 26.51638596813738147 ) ) ;
#443 = CIRCLE ( 'NONE', #3163, 29.00000000000002132 ) ;
#444 = CARTESIAN_POINT ( 'NONE',  ( 3.678614628903921437E-18, 57.49999999999997868, 1.096252981780546265E-18 ) ) ;
#445 = CARTESIAN_POINT ( 'NONE',  ( 4.999999999999999112, 58.00000000000000000, 42.57933784517401676 ) ) ;
#446 = AXIS2_PLACEMENT_3D ( 'NONE', #141, #726, #2399 ) ;
#447 = DIRECTION ( 'NONE',  ( -1.000000000000000000, 0.000000000000000000, 0.000000000000000000 ) ) ;
#448 = CARTESIAN_POINT ( 'NONE',  ( -26.51662262032568762, 83.00000000000000000, -33.11638596813740065 ) ) ;
#449 = ORIENTED_EDGE ( 'NONE', *, *, #1481, .T. ) ;
#450 = FILL_AREA_STYLE_COLOUR ( '', #2048 ) ;
#451 = DIRECTION ( 'NONE',  ( -6.397590658963344466E-20, -1.000000000000000000, -1.906526924835733357E-20 ) ) ;
#452 = ORIENTED_EDGE ( 'NONE', *, *, #2986, .F. ) ;
#453 = EDGE_CURVE ( 'NONE', #3117, #828, #188, .T. ) ;
#454 = CARTESIAN_POINT ( 'NONE',  ( 2.411185945198993430, 33.61903246449865179, 42.90259641249858191 ) ) ;
#455 = CARTESIAN_POINT ( 'NONE',  ( 4.553934911480030934, 35.93400726653743504, 42.65136114712093018 ) ) ;
#456 = EDGE_CURVE ( 'NONE', #2752, #828, #443, .T. ) ;
#457 = CARTESIAN_POINT ( 'NONE',  ( -35.00000000000000000, 83.00000000000000000, 6.430978112871219178E-15 ) ) ;
#458 = DIRECTION ( 'NONE',  ( 1.000000000000000000, 0.000000000000000000, 0.000000000000000000 ) ) ;
#459 = CARTESIAN_POINT ( 'NONE',  ( -1.835019219450849004, 33.34818101518569478, 42.94367690673522020 ) ) ;
#460 = DIRECTION ( 'NONE',  ( -1.000000000000000000, 3.389762957561651020E-37, 1.156471023545240599E-16 ) ) ;
#461 = DIRECTION ( 'NONE',  ( 1.000000000000000000, 0.000000000000000000, 0.000000000000000000 ) ) ;
#462 = AXIS2_PLACEMENT_3D ( 'NONE', #873, #3034, #2244 ) ;
#463 = CARTESIAN_POINT ( 'NONE',  ( 26.51650429449560775, -9.027796614315154697E-36, -23.51650429449551183 ) ) ;
#464 = CARTESIAN_POINT ( 'NONE',  ( -1.588064238152653518, 32.20087940367655932, 43.97175197161698890 ) ) ;
#465 = LINE ( 'NONE', #2159, #1459 ) ;
#466 = CARTESIAN_POINT ( 'NONE',  ( -3.457209821779027248, 34.38623860165270685, 42.79949912253346866 ) ) ;
#467 = ORIENTED_EDGE ( 'NONE', *, *, #1016, .F. ) ;
#468 = CIRCLE ( 'NONE', #3295, 6.600000000000022737 ) ;
#469 = CARTESIAN_POINT ( 'NONE',  ( -1.099034407676060088, 32.09609919635340702, 43.98638248560243369 ) ) ;
#470 = FACE_OUTER_BOUND ( 'NONE', #116, .T. ) ;
#471 = VERTEX_POINT ( 'NONE', #1405 ) ;
#472 = CARTESIAN_POINT ( 'NONE',  ( -26.51638596813748450, 8.000000000000000000, 26.51662262032558104 ) ) ;
#473 = LINE ( 'NONE', #3455, #3433 ) ;
#474 = AXIS2_PLACEMENT_3D ( 'NONE', #669, #2939, #158 ) ;
#475 = AXIS2_PLACEMENT_3D ( 'NONE', #1057, #3250, #775 ) ;
#476 = ORIENTED_EDGE ( 'NONE', *, *, #3303, .F. ) ;
#477 = CONTEXT_DEPENDENT_SHAPE_REPRESENTATION ( #147, #3226 ) ;
#478 = EDGE_CURVE ( 'NONE', #3438, #3370, #3374, .T. ) ;
#479 = DIRECTION ( 'NONE',  ( -6.397590658963290300E-20, -1.000000000000000000, -1.906526924835719514E-20 ) ) ;
#480 = CARTESIAN_POINT ( 'NONE',  ( -18.93023260546068443, 58.00000000000000000, 21.78477831374882712 ) ) ;
#481 = EDGE_CURVE ( 'NONE', #1809, #2501, #563, .T. ) ;
#482 = CARTESIAN_POINT ( 'NONE',  ( -4.999999999999999112, 57.49999999999997868, 32.11308144666283226 ) ) ;
#483 = DIRECTION ( 'NONE',  ( 8.659560562354953812E-17, 0.7071067811865456854, -0.7071067811865493491 ) ) ;
#484 = CARTESIAN_POINT ( 'NONE',  ( 28.84441020371194142, 8.000000000000000000, -3.000000000000003553 ) ) ;
#485 = CARTESIAN_POINT ( 'NONE',  ( -3.864343907301273084, 34.82717020803832497, 42.74922538639895464 ) ) ;
#486 = DIRECTION ( 'NONE',  ( 1.865879172627007192E-36, 1.000000000000000000, 3.009265538105058025E-36 ) ) ;
#487 = DIRECTION ( 'NONE',  ( -6.397590658963344466E-20, -1.000000000000000000, -1.906526924835733357E-20 ) ) ;
#488 = EDGE_LOOP ( 'NONE', ( #1859, #467, #1437, #3097 ) ) ;
#489 = CARTESIAN_POINT ( 'NONE',  ( -1.875780351129618051, 32.28605933107291293, 43.96010268678953992 ) ) ;
#490 = CARTESIAN_POINT ( 'NONE',  ( 4.899858053675401059, 37.00409809652884263, 42.59609889268219973 ) ) ;
#491 = CIRCLE ( 'NONE', #2560, 43.50000000000002132 ) ;
#492 = PRODUCT_DEFINITION_SHAPE ( 'NONE', 'NONE',  #3601 ) ;
#493 = CYLINDRICAL_SURFACE ( 'NONE', #3119, 2.499999999999998668 ) ;
#494 = VERTEX_POINT ( 'NONE', #1439 ) ;
#495 = CARTESIAN_POINT ( 'NONE',  ( -32.50000000000000711, 8.499999999999992895, 3.980731251114094916E-15 ) ) ;
#496 = EDGE_LOOP ( 'NONE', ( #765, #2151, #1924, #1122 ) ) ;
#497 = CARTESIAN_POINT ( 'NONE',  ( -4.479713710547614802, 33.89590241780577173, 43.77141501822877245 ) ) ;
#498 = FACE_BOUND ( 'NONE', #3169, .T. ) ;
#499 = DIRECTION ( 'NONE',  ( -1.000000000000000000, 0.000000000000000000, -1.776356839400250465E-15 ) ) ;
#500 = CARTESIAN_POINT ( 'NONE',  ( -24.01638596813748450, 8.000000000000000000, 26.51662262032558104 ) ) ;
#501 = CARTESIAN_POINT ( 'NONE',  ( 26.51662262032568407, 79.50000000000000000, 26.51638596813738147 ) ) ;
#502 = CARTESIAN_POINT ( 'NONE',  ( -43.49999999999998579, 58.00000000000000000, 5.358930765568761959E-15 ) ) ;
#503 = AXIS2_PLACEMENT_3D ( 'NONE', #520, #812, #1896 ) ;
#504 = EDGE_CURVE ( 'NONE', #3554, #1634, #1969, .T. ) ;
#505 = LINE ( 'NONE', #172, #2493 ) ;
#506 = CIRCLE ( 'NONE', #317, 3.099999999999998757 ) ;
#507 = DIRECTION ( 'NONE',  ( 1.865879172627007192E-36, 1.000000000000000000, 3.009265538105058025E-36 ) ) ;
#508 = VERTEX_POINT ( 'NONE', #2195 ) ;
#509 = ORIENTED_EDGE ( 'NONE', *, *, #2817, .F. ) ;
#510 = EDGE_CURVE ( 'NONE', #2215, #149, #1488, .T. ) ;
#511 = AXIS2_PLACEMENT_3D ( 'NONE', #1178, #667, #2814 ) ;
#512 = CARTESIAN_POINT ( 'NONE',  ( 26.51650429449560775, 8.000000000000000000, -23.51650429449551183 ) ) ;
#513 = ORIENTED_EDGE ( 'NONE', *, *, #171, .F. ) ;
#514 = CARTESIAN_POINT ( 'NONE',  ( 3.269373074572565763, 34.21611099030845793, 42.82070136128309912 ) ) ;
#515 = EDGE_LOOP ( 'NONE', ( #1890, #3186, #3251, #2246 ) ) ;
#516 = LINE ( 'NONE', #1612, #2541 ) ;
#517 = VECTOR ( 'NONE', #776, 1000.000000000000000 ) ;
#518 = CARTESIAN_POINT ( 'NONE',  ( -2.100000000000001865, 0.000000000000000000, 1.654361225106055350E-21 ) ) ;
#519 = DIRECTION ( 'NONE',  ( 8.470329472542997748E-22, 0.000000000000000000, -1.000000000000000000 ) ) ;
#520 = CARTESIAN_POINT ( 'NONE',  ( -26.51638596813748450, 83.00000000000000000, 26.51662262032558104 ) ) ;
#521 = CIRCLE ( 'NONE', #2591, 2.499999999999998668 ) ;
#522 = EDGE_CURVE ( 'NONE', #2786, #2752, #2084, .T. ) ;
#523 = DIRECTION ( 'NONE',  ( -6.397590658963344466E-20, -1.000000000000000000, -1.906526924835733357E-20 ) ) ;
#524 = ORIENTED_EDGE ( 'NONE', *, *, #3559, .F. ) ;
#525 = AXIS2_PLACEMENT_3D ( 'NONE', #442, #2841, #1757 ) ;
#526 = ADVANCED_FACE ( 'NONE', ( #976 ), #3497, .T. ) ;
#527 = EDGE_LOOP ( 'NONE', ( #1814, #1196, #1520, #3346 ) ) ;
#528 = ORIENTED_EDGE ( 'NONE', *, *, #219, .F. ) ;
#529 = CARTESIAN_POINT ( 'NONE',  ( 23.41638596813747952, 79.50000000000000000, -26.51662262032558459 ) ) ;
#530 = B_SPLINE_CURVE_WITH_KNOTS ( 'NONE', 3,
 ( #2515, #1237, #2001, #877, #1508, #953, #2299, #2023, #2852, #381, #3157, #2249, #1965, #2795 ),
 .UNSPECIFIED., .F., .F.,
 ( 4, 2, 2, 2, 2, 2, 4 ),
 ( 3.469446951953614189E-18, 0.002008868142489639904, 0.003013302213734457037, 0.004017736284979273736, 0.006026604427468921880, 0.007031038498713754192, 0.008035472569958585637 ),
 .UNSPECIFIED. ) ;
#531 = DIRECTION ( 'NONE',  ( 0.7548294247255817879, -6.079620987327111619E-20, 0.6559211382235270449 ) ) ;
#532 = VECTOR ( 'NONE', #397, 1000.000000000000000 ) ;
#533 =( LENGTH_UNIT ( ) NAMED_UNIT ( * ) SI_UNIT ( .MILLI., .METRE. ) );
#534 = CARTESIAN_POINT ( 'NONE',  ( 0.5731925282011096634, 33.03229429736550316, 42.99460879465208762 ) ) ;
#535 = UNCERTAINTY_MEASURE_WITH_UNIT (LENGTH_MEASURE( 1.000000000000000082E-05 ), #400, 'distance_accuracy_value', 'NONE');
#536 = LINE ( 'NONE', #649, #1669 ) ;
#537 = CARTESIAN_POINT ( 'NONE',  ( 4.000000000000001776, 83.00000000000000000, -35.00000000000000000 ) ) ;
#538 = CARTESIAN_POINT ( 'NONE',  ( -51.89691115697975476, 4.000000000000000000, -3.000000000000003109 ) ) ;
#539 = ORIENTED_EDGE ( 'NONE', *, *, #1372, .F. ) ;
#540 = CARTESIAN_POINT ( 'NONE',  ( -28.11897029658378244, 82.82437027687302589, -32.76977908997749012 ) ) ;
#541 = DIRECTION ( 'NONE',  ( -8.470329472542997748E-22, 3.009265538105054016E-36, 1.000000000000000000 ) ) ;
#542 = ORIENTED_EDGE ( 'NONE', *, *, #2089, .F. ) ;
#543 = CARTESIAN_POINT ( 'NONE',  ( -51.89691115697976187, 4.000000000000000000, 2.500000000000000888 ) ) ;
#544 = EDGE_CURVE ( 'NONE', #1146, #3257, #2349, .T. ) ;
#545 = CARTESIAN_POINT ( 'NONE',  ( 3.784947253706083092, 34.73269046894928636, 42.75947193182665274 ) ) ;
#546 = VECTOR ( 'NONE', #1641, 1000.000000000000000 ) ;
#547 = DIRECTION ( 'NONE',  ( -1.000000000000000000, 0.000000000000000000, 0.000000000000000000 ) ) ;
#548 = EDGE_CURVE ( 'NONE', #1566, #2453, #366, .T. ) ;
#549 = ORIENTED_EDGE ( 'NONE', *, *, #2896, .T. ) ;
#550 = FACE_OUTER_BOUND ( 'NONE', #1452, .T. ) ;
#551 = LINE ( 'NONE', #1476, #829 ) ;
#552 = CARTESIAN_POINT ( 'NONE',  ( -2.891211307832095511E-16, 0.000000000000000000, 2.499999999999996891 ) ) ;
#553 = DIRECTION ( 'NONE',  ( -1.000000000000000000, 0.000000000000000000, 0.000000000000000000 ) ) ;
#554 = DIRECTION ( 'NONE',  ( -1.000000000000000000, 0.000000000000000000, 0.000000000000000000 ) ) ;
#555 = EDGE_LOOP ( 'NONE', ( #888, #2186, #2758, #542 ) ) ;
#556 = CARTESIAN_POINT ( 'NONE',  ( 2.536871141455554923, 32.53529074098680240, 43.92689935016496605 ) ) ;
#557 = CARTESIAN_POINT ( 'NONE',  ( 5.982396202822837239, 36.63701840417197531, 43.59142687246446002 ) ) ;
#558 = LINE ( 'NONE', #24, #941 ) ;
#559 = LINE ( 'NONE', #3573, #3410 ) ;
#560 = CARTESIAN_POINT ( 'NONE',  ( -4.633992986307097439, 36.12217631481232871, 42.63892208473619405 ) ) ;
#561 = ORIENTED_EDGE ( 'NONE', *, *, #145, .F. ) ;
#562 = CYLINDRICAL_SURFACE ( 'NONE', #1651, 3.999999999999996447 ) ;
#563 = CIRCLE ( 'NONE', #1829, 4.000000000000001776 ) ;
#564 = APPLICATION_CONTEXT ( 'automotive_design' ) ;
#565 = CIRCLE ( 'NONE', #511, 44.00000000000000000 ) ;
#566 = CARTESIAN_POINT ( 'NONE',  ( 3.817743175587874571, 34.77120434735948606, 42.75526194594668539 ) ) ;
#567 = ORIENTED_EDGE ( 'NONE', *, *, #412, .T. ) ;
#568 = EDGE_CURVE ( 'NONE', #1084, #1428, #2071, .T. ) ;
#569 = ORIENTED_EDGE ( 'NONE', *, *, #1750, .T. ) ;
#570 = CARTESIAN_POINT ( 'NONE',  ( -1.758727913325581982, 33.31881048359675646, 42.94827627845837981 ) ) ;
#571 = EDGE_CURVE ( 'NONE', #1301, #1903, #939, .T. ) ;
#572 = DIRECTION ( 'NONE',  ( 1.000000000000000000, 1.865879172627004853E-36, 8.470329472542997748E-22 ) ) ;
#573 = ORIENTED_EDGE ( 'NONE', *, *, #3480, .T. ) ;
#574 = CARTESIAN_POINT ( 'NONE',  ( 0.000000000000000000, 0.000000000000000000, 0.000000000000000000 ) ) ;
#575 = DIRECTION ( 'NONE',  ( 8.470329472542997748E-22, -3.009265538105054016E-36, -1.000000000000000000 ) ) ;
#576 = CARTESIAN_POINT ( 'NONE',  ( 5.118072527170678462E-19, 8.000000000000000000, 1.525221539868586926E-19 ) ) ;
#577 = LINE ( 'NONE', #1192, #3246 ) ;
#578 = VERTEX_POINT ( 'NONE', #1497 ) ;
#579 = CARTESIAN_POINT ( 'NONE',  ( 3.741396660887884362, 33.24178595485876997, 43.84071712995785219 ) ) ;
#580 = DIRECTION ( 'NONE',  ( -1.000000000000000000, 0.000000000000000000, 0.000000000000000000 ) ) ;
#581 = CARTESIAN_POINT ( 'NONE',  ( 4.959672652142887550, 37.34552193476199733, 42.58613346130911026 ) ) ;
#582 = ORIENTED_EDGE ( 'NONE', *, *, #285, .F. ) ;
#583 = AXIS2_PLACEMENT_3D ( 'NONE', #1666, #1917, #2235 ) ;
#584 = ORIENTED_EDGE ( 'NONE', *, *, #3041, .F. ) ;
#585 = APPLICATION_CONTEXT ( 'automotive_design' ) ;
#586 = VERTEX_POINT ( 'NONE', #1560 ) ;
#587 = CARTESIAN_POINT ( 'NONE',  ( -33.00000000000000711, 8.000000000000000000, 4.041486959340253418E-15 ) ) ;
#588 = DIRECTION ( 'NONE',  ( 1.000000000000000000, 0.000000000000000000, 0.000000000000000000 ) ) ;
#589 = CIRCLE ( 'NONE', #2944, 43.49999999999998579 ) ;
#590 = ADVANCED_FACE ( 'NONE', ( #205 ), #911, .T. ) ;
#591 = DIRECTION ( 'NONE',  ( 0.000000000000000000, 0.000000000000000000, 1.000000000000000000 ) ) ;
#592 = CIRCLE ( 'NONE', #1964, 3.099999999999998757 ) ;
#593 = CARTESIAN_POINT ( 'NONE',  ( 44.00000000000000000, 57.49999999999999289, 6.291538851957919236E-19 ) ) ;
#594 = CARTESIAN_POINT ( 'NONE',  ( 5.310000246939576882E-18, 83.00000000000000000, -35.00000000000000000 ) ) ;
#595 = DIRECTION ( 'NONE',  ( 1.000000000000000000, 0.000000000000000000, 0.000000000000000000 ) ) ;
#596 = EDGE_LOOP ( 'NONE', ( #2849, #2609, #1650, #1881 ) ) ;
#597 = ORIENTED_EDGE ( 'NONE', *, *, #3355, .F. ) ;
#598 = EDGE_CURVE ( 'NONE', #3021, #1074, #2718, .T. ) ;
#599 = CARTESIAN_POINT ( 'NONE',  ( -31.27069429446712689, 82.45004785744933429, -30.31821257823655458 ) ) ;
#600 = DIRECTION ( 'NONE',  ( 0.7071067811865474617, 0.7071067811865474617, 8.660908680471999536E-17 ) ) ;
#601 = EDGE_LOOP ( 'NONE', ( #3376, #1164 ) ) ;
#602 = DIRECTION ( 'NONE',  ( -6.397590658963344466E-20, -1.000000000000000000, -1.906526924835733357E-20 ) ) ;
#603 = APPLICATION_PROTOCOL_DEFINITION ( 'draft international standard', 'automotive_design', 1998, #1157 ) ;
#604 = CIRCLE ( 'NONE', #2614, 33.00000000000000711 ) ;
#605 = VECTOR ( 'NONE', #3564, 1000.000000000000000 ) ;
#606 = CARTESIAN_POINT ( 'NONE',  ( 26.51662262032568407, 83.00000000000000000, 19.91638596813735873 ) ) ;
#607 = FILL_AREA_STYLE_COLOUR ( '', #3371 ) ;
#608 = ORIENTED_EDGE ( 'NONE', *, *, #718, .T. ) ;
#609 = DIRECTION ( 'NONE',  ( 8.470329472542997748E-22, -3.009265538105054016E-36, -1.000000000000000000 ) ) ;
#610 = CARTESIAN_POINT ( 'NONE',  ( -0.9956078888625867762, 33.10008194304336371, 42.98340636859925468 ) ) ;
#611 = CARTESIAN_POINT ( 'NONE',  ( 26.51650429449560775, 8.000000000000000000, -29.51650429449549762 ) ) ;
#612 = CARTESIAN_POINT ( 'NONE',  ( -44.00000000000000000, 57.49999999999999289, 5.389075070133549120E-15 ) ) ;
#613 = ORIENTED_EDGE ( 'NONE', *, *, #285, .T. ) ;
#614 = EDGE_CURVE ( 'NONE', #1597, #768, #2949, .T. ) ;
#615 = EDGE_LOOP ( 'NONE', ( #926, #2994, #53, #422 ) ) ;
#616 = CARTESIAN_POINT ( 'NONE',  ( 31.69094700478717996, 82.51073952483457674, -29.78444685063673347 ) ) ;
#617 = CARTESIAN_POINT ( 'NONE',  ( -6.119453193931486901, 37.50509256065643626, 43.57238110175813262 ) ) ;
#618 = ORIENTED_EDGE ( 'NONE', *, *, #544, .T. ) ;
#619 = EDGE_CURVE ( 'NONE', #686, #3517, #1088, .T. ) ;
#620 = CIRCLE ( 'NONE', #1535, 44.00000000000002842 ) ;
#621 = CARTESIAN_POINT ( 'NONE',  ( 3.863008390169688333, 34.82554346591603434, 42.74939923914842410 ) ) ;
#622 = AXIS2_PLACEMENT_3D ( 'NONE', #2679, #2423, #805 ) ;
#623 = EDGE_LOOP ( 'NONE', ( #954, #851 ) ) ;
#624 = DIRECTION ( 'NONE',  ( -1.000000000000000000, 0.000000000000000000, 0.000000000000000000 ) ) ;
#625 = CIRCLE ( 'NONE', #446, 2.499999999999998668 ) ;
#626 = DIRECTION ( 'NONE',  ( -0.000000000000000000, 1.000000000000000000, -0.000000000000000000 ) ) ;
#627 = ORIENTED_EDGE ( 'NONE', *, *, #571, .T. ) ;
#628 = CARTESIAN_POINT ( 'NONE',  ( 3.111191580727287853, 34.08501462865002196, 42.83768491909322762 ) ) ;
#629 = CARTESIAN_POINT ( 'NONE',  ( 0.000000000000000000, 83.00000000000000000, -25.00000000000000000 ) ) ;
#630 = CARTESIAN_POINT ( 'NONE',  ( 5.310000246939576882E-18, 83.00000000000000000, 1.582417347613658819E-18 ) ) ;
#631 = ORIENTED_EDGE ( 'NONE', *, *, #2660, .T. ) ;
#632 = CARTESIAN_POINT ( 'NONE',  ( 2.719035067446038845, 32.61693377528989402, 43.91626312751089500 ) ) ;
#633 = AXIS2_PLACEMENT_3D ( 'NONE', #1839, #451, #3170 ) ;
#634 = EDGE_CURVE ( 'NONE', #966, #1994, #2517, .T. ) ;
#635 = SURFACE_STYLE_USAGE ( .BOTH. , #885 ) ;
#636 = CARTESIAN_POINT ( 'NONE',  ( -6.099382354978978071, 37.30776942457644196, 43.57519521467582280 ) ) ;
#637 = ORIENTED_EDGE ( 'NONE', *, *, #1087, .F. ) ;
#638 = VECTOR ( 'NONE', #944, 1000.000000000000000 ) ;
#639 = DIRECTION ( 'NONE',  ( -6.397590658963290300E-20, -1.000000000000000000, -1.906526924835719514E-20 ) ) ;
#640 = EDGE_CURVE ( 'NONE', #2453, #354, #150, .T. ) ;
#641 = AXIS2_PLACEMENT_3D ( 'NONE', #3588, #22, #3359 ) ;
#642 = VECTOR ( 'NONE', #600, 1000.000000000000114 ) ;
#643 = CARTESIAN_POINT ( 'NONE',  ( 26.51662262032568407, 79.50000000000000000, 29.61638596813738289 ) ) ;
#644 = ORIENTED_EDGE ( 'NONE', *, *, #1132, .T. ) ;
#645 = ORIENTED_EDGE ( 'NONE', *, *, #2313, .F. ) ;
#646 = DIRECTION ( 'NONE',  ( -6.397590658963344466E-20, -1.000000000000000000, -1.906526924835733357E-20 ) ) ;
#647 = VECTOR ( 'NONE', #3263, 1000.000000000000000 ) ;
#648 = CARTESIAN_POINT ( 'NONE',  ( 44.00000000000002842, 0.000000000000000000, 0.000000000000000000 ) ) ;
#649 = CARTESIAN_POINT ( 'NONE',  ( 44.00000000000002842, 4.000000000000000000, 0.000000000000000000 ) ) ;
#650 = CARTESIAN_POINT ( 'NONE',  ( -43.00000000000002132, 83.00000000000000000, 5.267563653681235271E-15 ) ) ;
#651 = CARTESIAN_POINT ( 'NONE',  ( 27.81679481294416689, 82.91298616867288729, -32.90615214731294458 ) ) ;
#652 = DIRECTION ( 'NONE',  ( 0.000000000000000000, 1.000000000000000000, 0.000000000000000000 ) ) ;
#653 = EDGE_LOOP ( 'NONE', ( #2473, #2083 ) ) ;
#654 = CARTESIAN_POINT ( 'NONE',  ( 29.01638596813747739, 8.000000000000000000, -26.51662262032558459 ) ) ;
#655 = EDGE_LOOP ( 'NONE', ( #2296, #1131, #2624, #2103 ) ) ;
#656 = EDGE_CURVE ( 'NONE', #209, #1172, #2174, .T. ) ;
#657 = ORIENTED_EDGE ( 'NONE', *, *, #1072, .F. ) ;
#658 = PRODUCT_CONTEXT ( 'NONE', #1135, 'mechanical' ) ;
#659 = CYLINDRICAL_SURFACE ( 'NONE', #2404, 3.099999999999998757 ) ;
#660 = EDGE_CURVE ( 'NONE', #221, #494, #970, .T. ) ;
#661 = FACE_BOUND ( 'NONE', #380, .T. ) ;
#662 = CONICAL_SURFACE ( 'NONE', #3600, 43.49999999999998579, 0.7853981633974552734 ) ;
#663 = PRODUCT_DEFINITION_FORMATION_WITH_SPECIFIED_SOURCE ( 'ANY', '', #1076, .NOT_KNOWN. ) ;
#664 = CARTESIAN_POINT ( 'NONE',  ( -3.093788605857135110, 32.75751096494787618, 43.89748200190076233 ) ) ;
#665 = CARTESIAN_POINT ( 'NONE',  ( -4.561315167719515173, 35.94667593565343822, 42.65025928738084104 ) ) ;
#666 = ORIENTED_EDGE ( 'NONE', *, *, #3248, .T. ) ;
#667 = DIRECTION ( 'NONE',  ( -6.397590658963290300E-20, -1.000000000000000000, -1.906526924835719514E-20 ) ) ;
#668 = ORIENTED_EDGE ( 'NONE', *, *, #2313, .T. ) ;
#669 = CARTESIAN_POINT ( 'NONE',  ( 26.51638596813748094, 79.50000000000000000, -26.51662262032558459 ) ) ;
#670 = ORIENTED_EDGE ( 'NONE', *, *, #3064, .T. ) ;
#671 = CARTESIAN_POINT ( 'NONE',  ( -23.41638596813748308, 79.50000000000000000, 26.51662262032558104 ) ) ;
#672 = DIRECTION ( 'NONE',  ( 1.000000000000000000, 0.000000000000000000, 0.000000000000000000 ) ) ;
#673 = CARTESIAN_POINT ( 'NONE',  ( -51.89691115697975476, 4.000000000000000000, -3.000000000000003109 ) ) ;
#674 = CIRCLE ( 'NONE', #2692, 6.600000000000022737 ) ;
#675 = DIRECTION ( 'NONE',  ( 1.000000000000000000, 0.000000000000000000, 0.000000000000000000 ) ) ;
#676 = ADVANCED_FACE ( 'NONE', ( #2498 ), #1627, .F. ) ;
#677 = ORIENTED_EDGE ( 'NONE', *, *, #660, .F. ) ;
#678 = FACE_OUTER_BOUND ( 'NONE', #307, .T. ) ;
#679 = EDGE_CURVE ( 'NONE', #2869, #1324, #3563, .T. ) ;
#680 = AXIS2_PLACEMENT_3D ( 'NONE', #343, #959, #936 ) ;
#681 = CARTESIAN_POINT ( 'NONE',  ( -4.445291646780254347, 35.70954797395391012, 42.66786766581631696 ) ) ;
#682 = DIRECTION ( 'NONE',  ( 0.000000000000000000, 1.000000000000000000, 0.000000000000000000 ) ) ;
#683 = CARTESIAN_POINT ( 'NONE',  ( 5.506112188478565095, 35.34393138791475764, 43.65414750154053536 ) ) ;
#684 = CARTESIAN_POINT ( 'NONE',  ( -5.506248862005172384, 35.33864104244894122, 43.65421484402380514 ) ) ;
#685 = CARTESIAN_POINT ( 'NONE',  ( -35.00000000000000000, 83.00000000000000000, 6.430978112871219178E-15 ) ) ;
#686 = VERTEX_POINT ( 'NONE', #275 ) ;
#687 = ORIENTED_EDGE ( 'NONE', *, *, #1775, .F. ) ;
#688 = AXIS2_PLACEMENT_3D ( 'NONE', #213, #2706, #2992 ) ;
#689 = ORIENTED_EDGE ( 'NONE', *, *, #60, .T. ) ;
#690 = LINE ( 'NONE', #1098, #333 ) ;
#691 = DIRECTION ( 'NONE',  ( 8.659560562354957510E-17, 0.7071067811865453523, -0.7071067811865496822 ) ) ;
#692 = DIRECTION ( 'NONE',  ( -1.000000000000000000, 0.000000000000000000, 0.000000000000000000 ) ) ;
#693 = CIRCLE ( 'NONE', #3582, 2.499999999999998668 ) ;
#694 = CARTESIAN_POINT ( 'NONE',  ( 3.710602582198740537E-18, 58.00000000000000000, 1.105785616404725467E-18 ) ) ;
#695 = EDGE_CURVE ( 'NONE', #2077, #1938, #1108, .T. ) ;
#696 = DIRECTION ( 'NONE',  ( -1.000000000000000000, 0.000000000000000000, 0.000000000000000000 ) ) ;
#697 = CARTESIAN_POINT ( 'NONE',  ( 32.26141388623746309, 82.63935797026441321, 28.97337172488591506 ) ) ;
#698 = DIRECTION ( 'NONE',  ( 1.000000000000000000, 0.000000000000000000, 0.000000000000000000 ) ) ;
#699 = FACE_OUTER_BOUND ( 'NONE', #1148, .T. ) ;
#700 = SURFACE_SIDE_STYLE ('',( #416 ) ) ;
#701 = ORIENTED_EDGE ( 'NONE', *, *, #1537, .F. ) ;
#702 = EDGE_CURVE ( 'NONE', #1236, #1394, #75, .T. ) ;
#703 = CARTESIAN_POINT ( 'NONE',  ( -2.507665039613600211, 33.66184125769930802, 32.40427076977268683 ) ) ;
#704 =( GEOMETRIC_REPRESENTATION_CONTEXT ( 3 ) GLOBAL_UNCERTAINTY_ASSIGNED_CONTEXT ( ( #787 ) ) GLOBAL_UNIT_ASSIGNED_CONTEXT ( ( #1528, #1228, #2623 ) ) REPRESENTATION_CONTEXT ( 'NONE', 'WORKASPACE' ) );
#705 = VERTEX_POINT ( 'NONE', #3340 ) ;
#706 =( NAMED_UNIT ( * ) PLANE_ANGLE_UNIT ( ) SI_UNIT ( $, .RADIAN. ) );
#707 = CIRCLE ( 'NONE', #1066, 3.099999999999998757 ) ;
#708 = FACE_OUTER_BOUND ( 'NONE', #2432, .T. ) ;
#709 = EDGE_LOOP ( 'NONE', ( #859, #349, #2302, #2911 ) ) ;
#710 = CARTESIAN_POINT ( 'NONE',  ( 0.000000000000000000, 83.00000000000000000, -22.00000000000000355 ) ) ;
#711 = DIRECTION ( 'NONE',  ( -1.865879172627007192E-36, -1.000000000000000000, -3.009265538105058025E-36 ) ) ;
#712 = LINE ( 'NONE', #2044, #759 ) ;
#713 = DIRECTION ( 'NONE',  ( 6.397590658963414281E-20, 1.000000000000000000, 1.906526924835742084E-20 ) ) ;
#714 = CARTESIAN_POINT ( 'NONE',  ( 43.89760813529596817, 4.000000000000000000, -3.000000000000003997 ) ) ;
#715 = CARTESIAN_POINT ( 'NONE',  ( -26.51638596813748450, 58.00000000000000000, 26.51662262032558104 ) ) ;
#716 = DIRECTION ( 'NONE',  ( -8.470329472542996808E-22, 0.000000000000000000, 1.000000000000000000 ) ) ;
#717 = DIRECTION ( 'NONE',  ( -6.397590658963317985E-20, -1.000000000000000000, -1.906526924835734862E-20 ) ) ;
#718 = EDGE_CURVE ( 'NONE', #586, #1505, #1932, .T. ) ;
#719 = FILL_AREA_STYLE_COLOUR ( '', #347 ) ;
#720 = ORIENTED_EDGE ( 'NONE', *, *, #2465, .F. ) ;
#721 =( GEOMETRIC_REPRESENTATION_CONTEXT ( 3 ) GLOBAL_UNCERTAINTY_ASSIGNED_CONTEXT ( ( #2443 ) ) GLOBAL_UNIT_ASSIGNED_CONTEXT ( ( #910, #1925, #1199 ) ) REPRESENTATION_CONTEXT ( 'NONE', 'WORKASPACE' ) );
#722 = CYLINDRICAL_SURFACE ( 'NONE', #401, 3.099999999999998757 ) ;
#723 = ADVANCED_FACE ( 'NONE', ( #917 ), #1266, .T. ) ;
#724 = DIRECTION ( 'NONE',  ( -1.000000000000000000, 0.000000000000000000, 0.000000000000000000 ) ) ;
#725 = ORIENTED_EDGE ( 'NONE', *, *, #1451, .T. ) ;
#726 = DIRECTION ( 'NONE',  ( 6.397590658963344466E-20, 1.000000000000000000, 1.906526924835733357E-20 ) ) ;
#727 = CARTESIAN_POINT ( 'NONE',  ( 43.50000000000002132, 8.000000000000000000, 5.357987034740970285E-15 ) ) ;
#728 = DIRECTION ( 'NONE',  ( -6.397590658963290300E-20, -1.000000000000000000, -1.906526924835719514E-20 ) ) ;
#729 = ORIENTED_EDGE ( 'NONE', *, *, #1001, .T. ) ;
#730 = VERTEX_POINT ( 'NONE', #3102 ) ;
#731 = CARTESIAN_POINT ( 'NONE',  ( 1.907917519950619534, 33.37831891942668250, 42.93900673902975029 ) ) ;
#732 = AXIS2_PLACEMENT_3D ( 'NONE', #2037, #3153, #2646 ) ;
#733 = CARTESIAN_POINT ( 'NONE',  ( 0.000000000000000000, 0.000000000000000000, 0.000000000000000000 ) ) ;
#734 = CARTESIAN_POINT ( 'NONE',  ( 5.000000000000000000, 38.00000000000000711, 50.00000000000000000 ) ) ;
#735 = CARTESIAN_POINT ( 'NONE',  ( 2.100000000000002309, 0.000000000000000000, -33.00000000000004263 ) ) ;
#736 = DIRECTION ( 'NONE',  ( -6.397590658963317985E-20, -1.000000000000000000, -1.906526924835734862E-20 ) ) ;
#737 = CIRCLE ( 'NONE', #1992, 3.099999999999998757 ) ;
#738 = CARTESIAN_POINT ( 'NONE',  ( -4.999999999999998224, 57.66665118518458399, 32.28174054988514996 ) ) ;
#739 = VECTOR ( 'NONE', #2382, 999.9999999999998863 ) ;
#740 = DIRECTION ( 'NONE',  ( -1.000000000000000000, 0.000000000000000000, 0.000000000000000000 ) ) ;
#741 = CARTESIAN_POINT ( 'NONE',  ( -26.51662262032568762, 83.00000000000000000, -26.51638596813737792 ) ) ;
#742 = ORIENTED_EDGE ( 'NONE', *, *, #3064, .F. ) ;
#743 = ADVANCED_FACE ( 'NONE', ( #1239 ), #1214, .F. ) ;
#744 = DIRECTION ( 'NONE',  ( -6.397590658963344466E-20, -1.000000000000000000, -1.906526924835733357E-20 ) ) ;
#745 = CARTESIAN_POINT ( 'NONE',  ( -5.637345843023493508, 58.00000000000000000, 43.13316974030711037 ) ) ;
#746 = ORIENTED_EDGE ( 'NONE', *, *, #1001, .F. ) ;
#747 = DIRECTION ( 'NONE',  ( 6.397590658963344466E-20, 1.000000000000000000, 1.906526924835733357E-20 ) ) ;
#748 = EDGE_CURVE ( 'NONE', #2940, #1597, #2836, .T. ) ;
#749 = DIRECTION ( 'NONE',  ( -6.397590658963344466E-20, -1.000000000000000000, -1.906526924835733357E-20 ) ) ;
#750 = EDGE_LOOP ( 'NONE', ( #1247, #3234, #3393, #884 ) ) ;
#751 = AXIS2_PLACEMENT_3D ( 'NONE', #860, #1893, #1912 ) ;
#752 = CARTESIAN_POINT ( 'NONE',  ( 2.715431676079062662, 33.80151288623851968, 42.87636594712049742 ) ) ;
#753 = APPLICATION_CONTEXT ( 'automotive_design' ) ;
#754 = DIRECTION ( 'NONE',  ( 0.000000000000000000, 0.000000000000000000, 1.000000000000000000 ) ) ;
#755 = EDGE_LOOP ( 'NONE', ( #677, #1348, #3196, #1248, #357, #3110, #1958, #243 ) ) ;
#756 = EDGE_CURVE ( 'NONE', #2492, #1566, #112, .T. ) ;
#757 = ORIENTED_EDGE ( 'NONE', *, *, #1519, .T. ) ;
#758 = CARTESIAN_POINT ( 'NONE',  ( -4.999999999999999112, 58.00000000000000000, 32.61901286060021476 ) ) ;
#759 = VECTOR ( 'NONE', #1249, 1000.000000000000000 ) ;
#760 = AXIS2_PLACEMENT_3D ( 'NONE', #1985, #78, #2620 ) ;
#761 = DIRECTION ( 'NONE',  ( 1.865879172627007192E-36, 1.000000000000000000, 3.009265538105058025E-36 ) ) ;
#762 = CARTESIAN_POINT ( 'NONE',  ( -3.387753526316847896, 34.32170633948111060, 42.80744771138538596 ) ) ;
#763 = DIRECTION ( 'NONE',  ( -1.000000000000000000, 0.000000000000000000, 0.000000000000000000 ) ) ;
#764 = ORIENTED_EDGE ( 'NONE', *, *, #1423, .T. ) ;
#765 = ORIENTED_EDGE ( 'NONE', *, *, #2834, .F. ) ;
#766 = DIRECTION ( 'NONE',  ( -1.000000000000000000, 0.000000000000000000, 0.000000000000000000 ) ) ;
#767 = MECHANICAL_DESIGN_GEOMETRIC_PRESENTATION_REPRESENTATION (  '', ( #1243 ), #2213 ) ;
#768 = VERTEX_POINT ( 'NONE', #3441 ) ;
#769 = EDGE_LOOP ( 'NONE', ( #3025, #2704, #1055, #3066 ) ) ;
#770 = FACE_BOUND ( 'NONE', #174, .T. ) ;
#771 = ADVANCED_FACE ( 'NONE', ( #2067, #3177, #2403, #770, #2148 ), #1811, .T. ) ;
#772 = DIRECTION ( 'NONE',  ( 0.000000000000000000, 1.000000000000000000, 0.000000000000000000 ) ) ;
#773 = APPLICATION_CONTEXT ( 'automotive_design' ) ;
#774 = ADVANCED_FACE ( 'NONE', ( #3522 ), #2695, .F. ) ;
#775 = DIRECTION ( 'NONE',  ( 0.000000000000000000, 0.000000000000000000, 1.000000000000000000 ) ) ;
#776 = DIRECTION ( 'NONE',  ( 0.7071067811865524577, -0.7071067811865426878, -1.348118117066074200E-20 ) ) ;
#777 = ORIENTED_EDGE ( 'NONE', *, *, #1519, .F. ) ;
#778 = ORIENTED_EDGE ( 'NONE', *, *, #522, .T. ) ;
#779 = CIRCLE ( 'NONE', #1081, 3.099999999999998757 ) ;
#780 = CARTESIAN_POINT ( 'NONE',  ( 2.100000000000001865, 8.000000000000000000, -3.308722450212110699E-21 ) ) ;
#781 = ORIENTED_EDGE ( 'NONE', *, *, #1087, .T. ) ;
#782 = CARTESIAN_POINT ( 'NONE',  ( 2.594887460334025509, 33.72584522515121108, 42.88711369246286154 ) ) ;
#783 = PRODUCT_DEFINITION_CONTEXT ( 'detailed design', #1157, 'design' ) ;
#784 = EDGE_CURVE ( 'NONE', #1074, #1640, #1490, .T. ) ;
#785 = ORIENTED_EDGE ( 'NONE', *, *, #1841, .T. ) ;
#786 = CARTESIAN_POINT ( 'NONE',  ( -24.01638596813748450, 58.00000000000000000, 26.51662262032558104 ) ) ;
#787 = UNCERTAINTY_MEASURE_WITH_UNIT (LENGTH_MEASURE( 1.000000000000000082E-05 ), #1528, 'distance_accuracy_value', 'NONE');
#788 = CARTESIAN_POINT ( 'NONE',  ( -26.51638596813748450, 79.50000000000000000, 26.51662262032558104 ) ) ;
#789 = VECTOR ( 'NONE', #2408, 1000.000000000000000 ) ;
#790 = EDGE_CURVE ( 'NONE', #3356, #686, #1385, .T. ) ;
#791 = DIRECTION ( 'NONE',  ( 1.000000000000000000, 0.000000000000000000, 0.000000000000000000 ) ) ;
#792 = ORIENTED_EDGE ( 'NONE', *, *, #928, .T. ) ;
#793 = CARTESIAN_POINT ( 'NONE',  ( 4.000000000000001776, 83.00000000000000000, -35.00000000000000000 ) ) ;
#794 = ORIENTED_EDGE ( 'NONE', *, *, #2224, .T. ) ;
#795 = VECTOR ( 'NONE', #3273, 1000.000000000000000 ) ;
#796 = CARTESIAN_POINT ( 'NONE',  ( 0.4048677469418354158, 32.00986145602684019, 43.99858875103848987 ) ) ;
#797 = FACE_OUTER_BOUND ( 'NONE', #1674, .T. ) ;
#798 = CARTESIAN_POINT ( 'NONE',  ( -26.51662262032568762, 58.00000000000000000, -26.51638596813737792 ) ) ;
#799 = ORIENTED_EDGE ( 'NONE', *, *, #1206, .F. ) ;
#800 = DIRECTION ( 'NONE',  ( -6.397590658963344466E-20, -1.000000000000000000, -1.906526924835733357E-20 ) ) ;
#801 = EDGE_LOOP ( 'NONE', ( #2721, #3406, #1688, #1245 ) ) ;
#802 = CARTESIAN_POINT ( 'NONE',  ( -2.159554241677181796, 32.38257265107159810, 43.94707327730367297 ) ) ;
#803 = CARTESIAN_POINT ( 'NONE',  ( 2.773047301531688547, 33.83943609235719663, 42.87104845652542906 ) ) ;
#804 = SHAPE_REPRESENTATION ( 'Держатель USBL (проставка)', ( #2616 ), #1083 ) ;
#805 = DIRECTION ( 'NONE',  ( 0.000000000000000000, 0.000000000000000000, 1.000000000000000000 ) ) ;
#806 = LINE ( 'NONE', #1626, #3569 ) ;
#807 =( NAMED_UNIT ( * ) SI_UNIT ( $, .STERADIAN. ) SOLID_ANGLE_UNIT ( ) );
#808 = AXIS2_PLACEMENT_3D ( 'NONE', #574, #1380, #2484 ) ;
#809 = DIRECTION ( 'NONE',  ( 0.000000000000000000, 0.000000000000000000, -1.000000000000000000 ) ) ;
#810 = DIRECTION ( 'NONE',  ( 6.397590658963344466E-20, 1.000000000000000000, 1.906526924835733357E-20 ) ) ;
#811 = DIRECTION ( 'NONE',  ( -0.000000000000000000, 1.000000000000000000, -0.000000000000000000 ) ) ;
#812 = DIRECTION ( 'NONE',  ( -6.397590658963344466E-20, -1.000000000000000000, -1.906526924835733357E-20 ) ) ;
#813 = DIRECTION ( 'NONE',  ( -6.397590658963344466E-20, -1.000000000000000000, -1.906526924835733357E-20 ) ) ;
#814 = ORIENTED_EDGE ( 'NONE', *, *, #1718, .F. ) ;
#815 = CARTESIAN_POINT ( 'NONE',  ( -2.261590726390616979, 33.53996420489443864, 42.91432666708360699 ) ) ;
#816 = AXIS2_PLACEMENT_3D ( 'NONE', #1468, #2463, #1112 ) ;
#817 = VERTEX_POINT ( 'NONE', #1572 ) ;
#818 = ADVANCED_FACE ( 'NONE', ( #3507 ), #2080, .F. ) ;
#819 = CARTESIAN_POINT ( 'NONE',  ( 4.896133900714112919, 36.98596794184802405, 42.59671594599084443 ) ) ;
#820 =( LENGTH_UNIT ( ) NAMED_UNIT ( * ) SI_UNIT ( .MILLI., .METRE. ) );
#821 = CARTESIAN_POINT ( 'NONE',  ( -5.000000000000000000, 38.00000000000000711, 42.57933784517401676 ) ) ;
#822 = CARTESIAN_POINT ( 'NONE',  ( -29.00000000000002842, 0.000000000000000000, -2.646977960169688560E-20 ) ) ;
#823 = VECTOR ( 'NONE', #1618, 1000.000000000000000 ) ;
#824 = ORIENTED_EDGE ( 'NONE', *, *, #3197, .F. ) ;
#825 = EDGE_CURVE ( 'NONE', #2205, #1970, #2175, .T. ) ;
#826 = FACE_OUTER_BOUND ( 'NONE', #2417, .T. ) ;
#827 = AXIS2_PLACEMENT_3D ( 'NONE', #2579, #1181, #87 ) ;
#828 = VERTEX_POINT ( 'NONE', #3434 ) ;
#829 = VECTOR ( 'NONE', #2314, 1000.000000000000000 ) ;
#830 = DIRECTION ( 'NONE',  ( 1.000000000000000000, 0.000000000000000000, 0.000000000000000000 ) ) ;
#831 = CARTESIAN_POINT ( 'NONE',  ( 0.8160822214558689502, 33.06637018278076567, 42.98895693956874453 ) ) ;
#832 = DIRECTION ( 'NONE',  ( 0.000000000000000000, 0.000000000000000000, 1.000000000000000000 ) ) ;
#833 = CARTESIAN_POINT ( 'NONE',  ( -1.945032906857213861, 33.39381571039051977, 42.93660802080582783 ) ) ;
#834 = EDGE_LOOP ( 'NONE', ( #1768, #644, #2564, #3118 ) ) ;
#835 = EDGE_CURVE ( 'NONE', #3356, #338, #1391, .T. ) ;
#836 = CARTESIAN_POINT ( 'NONE',  ( -4.724000643479004502, 36.35804322157368773, 42.62473427546841265 ) ) ;
#837 = ORIENTED_EDGE ( 'NONE', *, *, #756, .F. ) ;
#838 = LINE ( 'NONE', #2711, #2915 ) ;
#839 = CARTESIAN_POINT ( 'NONE',  ( -4.000000000000001776, 58.00000000000000000, -35.00000000000000000 ) ) ;
#840 = EDGE_CURVE ( 'NONE', #417, #3139, #3002, .T. ) ;
#841 = AXIS2_PLACEMENT_3D ( 'NONE', #1742, #2844, #1034 ) ;
#842 = ORIENTED_EDGE ( 'NONE', *, *, #393, .T. ) ;
#843 = ORIENTED_EDGE ( 'NONE', *, *, #1498, .T. ) ;
#844 = CIRCLE ( 'NONE', #732, 6.600000000000019185 ) ;
#845 = ORIENTED_EDGE ( 'NONE', *, *, #3538, .T. ) ;
#846 = EDGE_LOOP ( 'NONE', ( #376, #757, #2193, #1806, #3290, #1136, #1251, #44, #1955, #539, #32, #1152, #2034 ) ) ;
#847 = CARTESIAN_POINT ( 'NONE',  ( 3.244752318460208951, 32.90544729324535922, 43.88028184701515499 ) ) ;
#848 = CARTESIAN_POINT ( 'NONE',  ( -30.30561599761304237, 82.46219495699394031, -31.26057783454855965 ) ) ;
#849 = DIRECTION ( 'NONE',  ( 0.000000000000000000, 1.000000000000000000, 0.000000000000000000 ) ) ;
#850 = CARTESIAN_POINT ( 'NONE',  ( 0.000000000000000000, 8.000000000000000000, 0.000000000000000000 ) ) ;
#851 = ORIENTED_EDGE ( 'NONE', *, *, #1718, .T. ) ;
#852 = CARTESIAN_POINT ( 'NONE',  ( 26.51650429449560775, 8.000000000000000000, -23.51650429449550828 ) ) ;
#853 = AXIS2_PLACEMENT_3D ( 'NONE', #2952, #3530, #1071 ) ;
#854 = DIRECTION ( 'NONE',  ( -1.000000000000000000, 0.000000000000000000, 0.000000000000000000 ) ) ;
#855 = AXIS2_PLACEMENT_3D ( 'NONE', #2462, #3297, #1493 ) ;
#856 = DIRECTION ( 'NONE',  ( 0.000000000000000000, 0.000000000000000000, -1.000000000000000000 ) ) ;
#857 = EDGE_CURVE ( 'NONE', #1745, #2222, #1831, .T. ) ;
#858 = VERTEX_POINT ( 'NONE', #529 ) ;
#859 = ORIENTED_EDGE ( 'NONE', *, *, #2460, .F. ) ;
#860 = CARTESIAN_POINT ( 'NONE',  ( -26.51638596813748450, 79.50000000000000000, 26.51662262032558104 ) ) ;
#861 = CARTESIAN_POINT ( 'NONE',  ( -0.8950469745936091570, 33.08008260165785686, 42.98669209576777916 ) ) ;
#862 = CARTESIAN_POINT ( 'NONE',  ( -33.00000000000002842, 58.00000000000000000, 1.105785616404725467E-18 ) ) ;
#863 = ORIENTED_EDGE ( 'NONE', *, *, #544, .F. ) ;
#864 = VECTOR ( 'NONE', #3424, 1000.000000000000000 ) ;
#865 = CARTESIAN_POINT ( 'NONE',  ( 4.289974399597935512E-15, 58.00000000000000000, 35.00000000000000000 ) ) ;
#866 = ORIENTED_EDGE ( 'NONE', *, *, #1091, .F. ) ;
#867 = VERTEX_POINT ( 'NONE', #1165 ) ;
#868 = CARTESIAN_POINT ( 'NONE',  ( 31.89130067616571651, 82.54674915295797177, -29.51673806520923904 ) ) ;
#869 = CARTESIAN_POINT ( 'NONE',  ( -5.844107739018015835, 36.15860260256305025, 43.61017388237974046 ) ) ;
#870 = EDGE_LOOP ( 'NONE', ( #2386, #2367, #549, #3212 ) ) ;
#871 = CARTESIAN_POINT ( 'NONE',  ( 39.00000000000000000, 83.00000000000000000, -2.141787797025858744E-15 ) ) ;
#872 = CIRCLE ( 'NONE', #2759, 32.50000000000000711 ) ;
#873 = CARTESIAN_POINT ( 'NONE',  ( 26.51638596813748094, 79.50000000000000000, -26.51662262032558459 ) ) ;
#874 = ORIENTED_EDGE ( 'NONE', *, *, #1989, .T. ) ;
#875 = DIRECTION ( 'NONE',  ( -1.000000000000000000, -1.865879172627004853E-36, -8.470329472542997748E-22 ) ) ;
#876 = ORIENTED_EDGE ( 'NONE', *, *, #1598, .T. ) ;
#877 = CARTESIAN_POINT ( 'NONE',  ( -31.89130067616571651, 82.54674915295794335, 29.51673806520922483 ) ) ;
#878 = EDGE_CURVE ( 'NONE', #3454, #1277, #3354, .T. ) ;
#879 = VECTOR ( 'NONE', #3369, 1000.000000000000000 ) ;
#880 = CARTESIAN_POINT ( 'NONE',  ( 2.891194764219844450E-16, 8.000000000000000000, 2.499999999999996891 ) ) ;
#881 = AXIS2_PLACEMENT_3D ( 'NONE', #3069, #2523, #2787 ) ;
#882 = ADVANCED_FACE ( 'NONE', ( #826 ), #932, .T. ) ;
#883 = DIRECTION ( 'NONE',  ( -8.470329472542996808E-22, 3.009265538105053682E-36, 1.000000000000000000 ) ) ;
#884 = ORIENTED_EDGE ( 'NONE', *, *, #2420, .F. ) ;
#885 = SURFACE_SIDE_STYLE ('',( #3366 ) ) ;
#886 = CARTESIAN_POINT ( 'NONE',  ( -4.918281710280284713, 37.09947822470889633, 42.59304244415640994 ) ) ;
#887 = CARTESIAN_POINT ( 'NONE',  ( 0.000000000000000000, 83.00000000000000000, -22.00000000000000355 ) ) ;
#888 = ORIENTED_EDGE ( 'NONE', *, *, #2270, .F. ) ;
#889 = DIRECTION ( 'NONE',  ( 1.000000000000000000, 0.000000000000000000, 0.000000000000000000 ) ) ;
#890 = SURFACE_STYLE_USAGE ( .BOTH. , #2794 ) ;
#891 = EDGE_LOOP ( 'NONE', ( #2813, #3085, #1653, #3037 ) ) ;
#892 = CARTESIAN_POINT ( 'NONE',  ( 5.637345843023493508, 58.00000000000000000, 43.13316974030711037 ) ) ;
#893 = FACE_OUTER_BOUND ( 'NONE', #3599, .T. ) ;
#894 = CARTESIAN_POINT ( 'NONE',  ( 2.915835795930497909, 33.93741800152125876, 42.85747569156514913 ) ) ;
#895 = DIRECTION ( 'NONE',  ( 6.397590658963344466E-20, 1.000000000000000000, 1.906526924835733357E-20 ) ) ;
#896 = AXIS2_PLACEMENT_3D ( 'NONE', #3203, #2419, #2671 ) ;
#897 = EDGE_CURVE ( 'NONE', #2580, #3206, #2294, .T. ) ;
#898 = STYLED_ITEM ( 'NONE', ( #1061 ), #2933 ) ;
#899 =( LENGTH_UNIT ( ) NAMED_UNIT ( * ) SI_UNIT ( .MILLI., .METRE. ) );
#900 = CARTESIAN_POINT ( 'NONE',  ( -6.139534789078590293, 38.00000000000000711, 43.56955488151896816 ) ) ;
#901 = CARTESIAN_POINT ( 'NONE',  ( 4.999999999999999112, 58.00000000000000000, 42.57933784517401676 ) ) ;
#902 = EDGE_CURVE ( 'NONE', #2145, #1394, #3426, .T. ) ;
#903 = CARTESIAN_POINT ( 'NONE',  ( 5.437952060118832866E-19, 8.499999999999980460, 1.620547886110370525E-19 ) ) ;
#904 = DIRECTION ( 'NONE',  ( 0.000000000000000000, 0.000000000000000000, 1.000000000000000000 ) ) ;
#905 = ORIENTED_EDGE ( 'NONE', *, *, #2085, .F. ) ;
#906 = DIRECTION ( 'NONE',  ( -0.7071067811865474617, 0.7071067811865474617, 1.348118117066094061E-20 ) ) ;
#907 = PLANE ( 'NONE',  #2218 ) ;
#908 = AXIS2_PLACEMENT_3D ( 'NONE', #2872, #2855, #386 ) ;
#909 = VERTEX_POINT ( 'NONE', #671 ) ;
#910 =( LENGTH_UNIT ( ) NAMED_UNIT ( * ) SI_UNIT ( .MILLI., .METRE. ) );
#911 = CONICAL_SURFACE ( 'NONE', #1038, 43.00000000000002132, 0.7853981633974415066 ) ;
#912 = ORIENTED_EDGE ( 'NONE', *, *, #1304, .F. ) ;
#913 = AXIS2_PLACEMENT_3D ( 'NONE', #1281, #1330, #3486 ) ;
#914 = DIRECTION ( 'NONE',  ( 1.865879172627007192E-36, 1.000000000000000000, 3.009265538105058025E-36 ) ) ;
#915 = VERTEX_POINT ( 'NONE', #2868 ) ;
#916 = CONTEXT_DEPENDENT_SHAPE_REPRESENTATION ( #371, #492 ) ;
#917 = FACE_OUTER_BOUND ( 'NONE', #769, .T. ) ;
#918 = ORIENTED_EDGE ( 'NONE', *, *, #2995, .F. ) ;
#919 = PLANE ( 'NONE',  #1225 ) ;
#920 = CARTESIAN_POINT ( 'NONE',  ( -4.918593098624847393, 37.09770523300701228, 42.59299362112500376 ) ) ;
#921 = LINE ( 'NONE', #650, #1188 ) ;
#922 = CONICAL_SURFACE ( 'NONE', #1727, 32.50000000000000711, 0.7853981633974482790 ) ;
#923 = PLANE ( 'NONE',  #1279 ) ;
#924 = CARTESIAN_POINT ( 'NONE',  ( -3.999999999999997335, 83.00000000000000000, 35.00000000000000000 ) ) ;
#925 = EDGE_CURVE ( 'NONE', #2492, #1233, #1769, .T. ) ;
#926 = ORIENTED_EDGE ( 'NONE', *, *, #1304, .T. ) ;
#927 = CIRCLE ( 'NONE', #2006, 32.50000000000000711 ) ;
#928 = EDGE_CURVE ( 'NONE', #1693, #3457, #2628, .T. ) ;
#929 = LINE ( 'NONE', #3154, #2025 ) ;
#930 = CIRCLE ( 'NONE', #2935, 44.00000000000000000 ) ;
#931 = ORIENTED_EDGE ( 'NONE', *, *, #825, .T. ) ;
#932 = PLANE ( 'NONE',  #2861 ) ;
#933 = AXIS2_PLACEMENT_3D ( 'NONE', #2979, #2965, #499 ) ;
#934 = ORIENTED_EDGE ( 'NONE', *, *, #1665, .F. ) ;
#935 = VERTEX_POINT ( 'NONE', #892 ) ;
#936 = DIRECTION ( 'NONE',  ( 1.000000000000000000, 0.000000000000000000, 0.000000000000000000 ) ) ;
#937 = DIRECTION ( 'NONE',  ( 1.865879172627007192E-36, 1.000000000000000000, 3.009265538105058025E-36 ) ) ;
#938 = PLANE ( 'NONE',  #421 ) ;
#939 = LINE ( 'NONE', #3145, #1317 ) ;
#940 = CIRCLE ( 'NONE', #1564, 3.099999999999998757 ) ;
#941 = VECTOR ( 'NONE', #3013, 1000.000000000000000 ) ;
#942 = CARTESIAN_POINT ( 'NONE',  ( -1.972038472170601464, 32.31455598524919992, 43.95620529279320721 ) ) ;
#943 = CARTESIAN_POINT ( 'NONE',  ( 4.999999999999999112, 57.66665118518458399, 32.28174054988514996 ) ) ;
#944 = DIRECTION ( 'NONE',  ( -6.397590658963344466E-20, -1.000000000000000000, -1.906526924835733357E-20 ) ) ;
#945 = CARTESIAN_POINT ( 'NONE',  ( -3.997434339886684285, 34.99630668908844910, 42.73161362611342184 ) ) ;
#946 = ORIENTED_EDGE ( 'NONE', *, *, #2950, .F. ) ;
#947 = EDGE_CURVE ( 'NONE', #3205, #1672, #3100, .T. ) ;
#948 = CARTESIAN_POINT ( 'NONE',  ( -23.41638596813748308, 83.00000000000000000, 26.51662262032558104 ) ) ;
#949 = DIRECTION ( 'NONE',  ( -6.397590658963344466E-20, -1.000000000000000000, -1.906526924835733357E-20 ) ) ;
#950 = VERTEX_POINT ( 'NONE', #2078 ) ;
#951 = FACE_OUTER_BOUND ( 'NONE', #1875, .T. ) ;
#952 = EDGE_CURVE ( 'NONE', #1672, #3181, #625, .T. ) ;
#953 = CARTESIAN_POINT ( 'NONE',  ( -31.26057783454868400, 82.46219495699395452, 30.30561599761292868 ) ) ;
#954 = ORIENTED_EDGE ( 'NONE', *, *, #2590, .T. ) ;
#955 = SHAPE_DEFINITION_REPRESENTATION ( #3537, #804 ) ;
#956 = CARTESIAN_POINT ( 'NONE',  ( 26.51662262032568407, 58.00000000000000000, 26.51638596813738147 ) ) ;
#957 = CARTESIAN_POINT ( 'NONE',  ( 1.778287417786416746, 33.32658272983717040, 42.94705852892513320 ) ) ;
#958 = CARTESIAN_POINT ( 'NONE',  ( 3.710602582198740537E-18, 58.00000000000000000, -35.00000000000000000 ) ) ;
#959 = DIRECTION ( 'NONE',  ( -6.397590658963344466E-20, -1.000000000000000000, -1.906526924835733357E-20 ) ) ;
#960 = VECTOR ( 'NONE', #3219, 1000.000000000000000 ) ;
#961 = PRODUCT_DEFINITION_FORMATION_WITH_SPECIFIED_SOURCE ( 'ANY', '', #269, .NOT_KNOWN. ) ;
#962 = APPLICATION_CONTEXT ( 'automotive_design' ) ;
#963 = CARTESIAN_POINT ( 'NONE',  ( 30.55766956963814351, 82.44997612459839331, 31.03137784590850856 ) ) ;
#964 = ORIENTED_EDGE ( 'NONE', *, *, #3179, .T. ) ;
#965 = CARTESIAN_POINT ( 'NONE',  ( -0.6550471483123043726, 33.03217969894524231, 32.49500253891208956 ) ) ;
#966 = VERTEX_POINT ( 'NONE', #495 ) ;
#967 = ORIENTED_EDGE ( 'NONE', *, *, #1140, .T. ) ;
#968 = CARTESIAN_POINT ( 'NONE',  ( -26.51650429449560420, 0.000000000000000000, -26.51650429449550828 ) ) ;
#969 = LINE ( 'NONE', #1327, #1398 ) ;
#970 = CIRCLE ( 'NONE', #1880, 43.00000000000002132 ) ;
#971 = EDGE_CURVE ( 'NONE', #1903, #3099, #3275, .T. ) ;
#972 = AXIS2_PLACEMENT_3D ( 'NONE', #1267, #3223, #2384 ) ;
#973 = CARTESIAN_POINT ( 'NONE',  ( 0.000000000000000000, 83.00000000000000000, -25.00000000000000000 ) ) ;
#974 = FACE_BOUND ( 'NONE', #2547, .T. ) ;
#975 = FACE_OUTER_BOUND ( 'NONE', #1355, .T. ) ;
#976 = FACE_OUTER_BOUND ( 'NONE', #1022, .T. ) ;
#977 = EDGE_CURVE ( 'NONE', #2594, #3363, #1262, .T. ) ;
#978 = CARTESIAN_POINT ( 'NONE',  ( -4.616818543005063447, 34.04007447702826283, 43.75729987533672016 ) ) ;
#979 = CARTESIAN_POINT ( 'NONE',  ( 31.27069429446712689, 82.45004785744932008, 30.31821257823655458 ) ) ;
#980 = CARTESIAN_POINT ( 'NONE',  ( -3.866876536881512116, 34.83025651340918927, 42.74889564969728895 ) ) ;
#981 = CARTESIAN_POINT ( 'NONE',  ( 39.00000000000000000, 58.00000000000000000, -2.141787797025858744E-15 ) ) ;
#982 = DIRECTION ( 'NONE',  ( 1.000000000000000000, 0.000000000000000000, 0.000000000000000000 ) ) ;
#983 = PRESENTATION_STYLE_ASSIGNMENT (( #1515 ) ) ;
#984 = VERTEX_POINT ( 'NONE', #1023 ) ;
#985 = ORIENTED_EDGE ( 'NONE', *, *, #1598, .F. ) ;
#986 = ORIENTED_EDGE ( 'NONE', *, *, #679, .F. ) ;
#987 = CIRCLE ( 'NONE', #688, 44.00000000000000000 ) ;
#988 = VERTEX_POINT ( 'NONE', #1534 ) ;
#989 = CARTESIAN_POINT ( 'NONE',  ( -28.69383981443531795, 82.68735280253285680, -32.45120131155486121 ) ) ;
#990 = ORIENTED_EDGE ( 'NONE', *, *, #1050, .T. ) ;
#991 = ITEM_DEFINED_TRANSFORMATION ( 'NONE', 'NONE', #3321,  #2616 ) ;
#992 = CARTESIAN_POINT ( 'NONE',  ( -5.745003514018187651, 35.88158248346304902, 43.62334350119842696 ) ) ;
#993 = CARTESIAN_POINT ( 'NONE',  ( 4.248661941643744555, 35.35888688008122926, 42.69681915380856196 ) ) ;
#994 = EDGE_LOOP ( 'NONE', ( #1177, #1504, #582, #3282, #934 ) ) ;
#995 = DIRECTION ( 'NONE',  ( 1.000000000000000000, 0.000000000000000000, 0.000000000000000000 ) ) ;
#996 = EDGE_CURVE ( 'NONE', #1422, #2318, #2350, .T. ) ;
#997 = CIRCLE ( 'NONE', #3003, 29.00000000000002132 ) ;
#998 = CARTESIAN_POINT ( 'NONE',  ( -2.911926225022793524, 33.93217859574799178, 42.85809539335181739 ) ) ;
#999 = FACE_OUTER_BOUND ( 'NONE', #1611, .T. ) ;
#1000 = CARTESIAN_POINT ( 'NONE',  ( 6.139529186262562277, 37.80156983851475161, 43.56955494927644423 ) ) ;
#1001 = EDGE_CURVE ( 'NONE', #2145, #2016, #1041, .T. ) ;
#1002 = CARTESIAN_POINT ( 'NONE',  ( 5.310000246939576882E-18, 83.00000000000000000, 1.582417347613658819E-18 ) ) ;
#1003 = ORIENTED_EDGE ( 'NONE', *, *, #9, .F. ) ;
#1004 = CARTESIAN_POINT ( 'NONE',  ( 3.047361331435759713, 34.02262811161595835, 32.35795675809517746 ) ) ;
#1005 = CIRCLE ( 'NONE', #3585, 2.499999999999998668 ) ;
#1006 = EDGE_LOOP ( 'NONE', ( #528, #2435, #645, #866 ) ) ;
#1007 = CARTESIAN_POINT ( 'NONE',  ( 5.437952060118832866E-19, 8.499999999999980460, 1.620547886110370525E-19 ) ) ;
#1008 = VERTEX_POINT ( 'NONE', #3218 ) ;
#1009 = CARTESIAN_POINT ( 'NONE',  ( 3.710602582198740537E-18, 58.00000000000000000, 1.105785616404725467E-18 ) ) ;
#1010 = CARTESIAN_POINT ( 'NONE',  ( 0.3272144078038159987, 33.00804447672456376, 42.99863657958866980 ) ) ;
#1011 = FACE_BOUND ( 'NONE', #3135, .T. ) ;
#1012 = EDGE_LOOP ( 'NONE', ( #2451, #1095, #72, #3220 ) ) ;
#1013 = DIRECTION ( 'NONE',  ( -8.470329472542997748E-22, 0.000000000000000000, 1.000000000000000000 ) ) ;
#1014 = DIRECTION ( 'NONE',  ( -6.397590658963344466E-20, -1.000000000000000000, -1.906526924835733357E-20 ) ) ;
#1015 = CARTESIAN_POINT ( 'NONE',  ( 26.51638596813748094, 79.50000000000000000, -29.61662262032558601 ) ) ;
#1016 = EDGE_CURVE ( 'NONE', #471, #1566, #14, .T. ) ;
#1017 = AXIS2_PLACEMENT_3D ( 'NONE', #1414, #1392, #1963 ) ;
#1019 = ORIENTED_EDGE ( 'NONE', *, *, #660, .T. ) ;
#1018 = CIRCLE ( 'NONE', #2903, 3.099999999999998757 ) ;
#1020 = EDGE_CURVE ( 'NONE', #508, #1938, #838, .T. ) ;
#1021 = DIRECTION ( 'NONE',  ( 6.397590658963344466E-20, 1.000000000000000000, 1.906526924835733357E-20 ) ) ;
#1022 = EDGE_LOOP ( 'NONE', ( #985, #666, #2045, #986 ) ) ;
#1023 = CARTESIAN_POINT ( 'NONE',  ( -26.51650429449560420, 8.000000000000000000, -29.51650429449551538 ) ) ;
#1024 = EDGE_CURVE ( 'NONE', #2263, #1640, #1637, .T. ) ;
#1025 = DIRECTION ( 'NONE',  ( 6.397590658963344466E-20, 1.000000000000000000, 1.906526924835733357E-20 ) ) ;
#1026 = AXIS2_PLACEMENT_3D ( 'NONE', #1662, #1255, #3316 ) ;
#1027 = VERTEX_POINT ( 'NONE', #3311 ) ;
#1028 = CARTESIAN_POINT ( 'NONE',  ( -4.410218421127189536, 33.82461926911133077, 43.77847818012340753 ) ) ;
#1029 = CLOSED_SHELL ( 'NONE', ( #2548, #1573, #2760, #743, #1620, #1561, #2568, #3060, #3358, #2729, #1186, #256, #771, #3078, #3591, #3280, #63, #1901, #2688, #2763, #2838, #2571, #2878, #1117, #1639, #2149, #1530, #2785, #1802, #3265 ) ) ;
#1030 = VECTOR ( 'NONE', #1483, 1000.000000000000000 ) ;
#1031 = CARTESIAN_POINT ( 'NONE',  ( -26.51662262032568762, 83.00000000000000000, -26.51638596813737792 ) ) ;
#1032 = CARTESIAN_POINT ( 'NONE',  ( -29.01662262032568407, 58.00000000000000000, -26.51638596813737792 ) ) ;
#1033 = ORIENTED_EDGE ( 'NONE', *, *, #1663, .T. ) ;
#1034 = DIRECTION ( 'NONE',  ( 0.9999999999900439640, 0.000000000000000000, -4.462356455070537464E-06 ) ) ;
#1035 = DIRECTION ( 'NONE',  ( 6.397590658963344466E-20, 1.000000000000000000, 1.906526924835733357E-20 ) ) ;
#1036 = LINE ( 'NONE', #3527, #647 ) ;
#1037 = DIRECTION ( 'NONE',  ( -6.397590658963344466E-20, -1.000000000000000000, -1.906526924835733357E-20 ) ) ;
#1038 = AXIS2_PLACEMENT_3D ( 'NONE', #3528, #1337, #2426 ) ;
#1039 = DIRECTION ( 'NONE',  ( -1.000000000000000000, 0.000000000000000000, 0.000000000000000000 ) ) ;
#1040 = CARTESIAN_POINT ( 'NONE',  ( -5.931590225949013195, 36.43933255453141129, 43.59839107723034601 ) ) ;
#1041 = CIRCLE ( 'NONE', #2746, 29.00000000000002132 ) ;
#1042 = CARTESIAN_POINT ( 'NONE',  ( -3.173187364698918156, 34.13594597107724127, 42.83106942700090514 ) ) ;
#1043 = CARTESIAN_POINT ( 'NONE',  ( 26.51662262032568407, 79.50000000000000000, 26.51638596813738147 ) ) ;
#1044 = ORIENTED_EDGE ( 'NONE', *, *, #335, .T. ) ;
#1045 = CARTESIAN_POINT ( 'NONE',  ( -1.394375624715148643, 32.15350214955325470, 43.97834090875748814 ) ) ;
#1046 = ADVANCED_FACE ( 'NONE', ( #3577 ), #562, .F. ) ;
#1047 = ORIENTED_EDGE ( 'NONE', *, *, #2106, .T. ) ;
#1048 = CARTESIAN_POINT ( 'NONE',  ( 5.118072527170678462E-19, 8.000000000000000000, 1.525221539868586926E-19 ) ) ;
#1049 = AXIS2_PLACEMENT_3D ( 'NONE', #3301, #1645, #3063 ) ;
#1050 = EDGE_CURVE ( 'NONE', #3438, #1966, #2725, .T. ) ;
#1051 = ORIENTED_EDGE ( 'NONE', *, *, #702, .T. ) ;
#1052 = CARTESIAN_POINT ( 'NONE',  ( 3.917008789832811644, 34.89133054478115525, 42.74236924354504197 ) ) ;
#1053 = PRODUCT_DEFINITION_CONTEXT ( 'detailed design', #1331, 'design' ) ;
#1054 = DIRECTION ( 'NONE',  ( 1.865879172627007192E-36, 1.000000000000000000, 3.009265538105058025E-36 ) ) ;
#1055 = ORIENTED_EDGE ( 'NONE', *, *, #679, .T. ) ;
#1056 = DIRECTION ( 'NONE',  ( 0.9999999999900438530, -6.397582151296919850E-20, -4.462356454902052447E-06 ) ) ;
#1057 = CARTESIAN_POINT ( 'NONE',  ( -26.51662262032568762, 79.50000000000000000, -26.51638596813737792 ) ) ;
#1058 = DIRECTION ( 'NONE',  ( 1.000000000000000000, 0.000000000000000000, 0.000000000000000000 ) ) ;
#1059 = EDGE_LOOP ( 'NONE', ( #3463, #2880 ) ) ;
#1060 = CARTESIAN_POINT ( 'NONE',  ( 4.811153560146633090, 36.63635554418547713, 42.61068538731816346 ) ) ;
#1061 = PRESENTATION_STYLE_ASSIGNMENT (( #2847 ) ) ;
#1062 = FACE_BOUND ( 'NONE', #2728, .T. ) ;
#1063 = VERTEX_POINT ( 'NONE', #2756 ) ;
#1064 = PRODUCT_DEFINITION ( 'UNKNOWN', '', #367, #1089 ) ;
#1065 = VECTOR ( 'NONE', #3164, 1000.000000000000000 ) ;
#1066 = AXIS2_PLACEMENT_3D ( 'NONE', #1887, #3551, #1326 ) ;
#1067 = CARTESIAN_POINT ( 'NONE',  ( 3.678919161419651473, 34.61293056017620273, 42.77284225041912435 ) ) ;
#1068 = CARTESIAN_POINT ( 'NONE',  ( 3.710602582198740537E-18, 58.00000000000000000, 1.105785616404725467E-18 ) ) ;
#1069 = EDGE_CURVE ( 'NONE', #2139, #2405, #3216, .T. ) ;
#1070 = DIRECTION ( 'NONE',  ( -1.000000000000000000, 0.000000000000000000, 0.000000000000000000 ) ) ;
#1071 = DIRECTION ( 'NONE',  ( 1.000000000000000000, 0.000000000000000000, 0.000000000000000000 ) ) ;
#1072 = EDGE_CURVE ( 'NONE', #2205, #3425, #2559, .T. ) ;
#1073 = CARTESIAN_POINT ( 'NONE',  ( 5.972402938819666218, 57.66713184449591978, 43.42432297896683480 ) ) ;
#1074 = VERTEX_POINT ( 'NONE', #50 ) ;
#1075 = VECTOR ( 'NONE', #1429, 1000.000000000000000 ) ;
#1076 = PRODUCT ( 'Держатель USBL (проставка)', 'Держатель USBL (проставка)', '', ( #658 ) ) ;
#1077 = DIRECTION ( 'NONE',  ( 1.000000000000000000, 0.000000000000000000, 0.000000000000000000 ) ) ;
#1078 = FACE_BOUND ( 'NONE', #120, .T. ) ;
#1079 = ORIENTED_EDGE ( 'NONE', *, *, #436, .F. ) ;
#1080 = DIRECTION ( 'NONE',  ( 1.000000000000000000, 1.865879172627004853E-36, 8.470329472542997748E-22 ) ) ;
#1081 = AXIS2_PLACEMENT_3D ( 'NONE', #177, #1861, #1589 ) ;
#1082 = DIRECTION ( 'NONE',  ( -6.397590658963317985E-20, -1.000000000000000000, -1.906526924835734862E-20 ) ) ;
#1083 =( GEOMETRIC_REPRESENTATION_CONTEXT ( 3 ) GLOBAL_UNCERTAINTY_ASSIGNED_CONTEXT ( ( #535 ) ) GLOBAL_UNIT_ASSIGNED_CONTEXT ( ( #400, #706, #3453 ) ) REPRESENTATION_CONTEXT ( 'NONE', 'WORKASPACE' ) );
#1084 = VERTEX_POINT ( 'NONE', #2293 ) ;
#1085 = FACE_BOUND ( 'NONE', #43, .T. ) ;
#1086 = DIRECTION ( 'NONE',  ( 1.000000000000000000, 0.000000000000000000, 0.000000000000000000 ) ) ;
#1087 = EDGE_CURVE ( 'NONE', #984, #705, #2804, .T. ) ;
#1088 = LINE ( 'NONE', #2926, #1211 ) ;
#1089 = PRODUCT_DEFINITION_CONTEXT ( 'detailed design', #773, 'design' ) ;
#1090 = CARTESIAN_POINT ( 'NONE',  ( 29.01662262032568051, 58.00000000000000000, 26.51638596813738147 ) ) ;
#1091 = EDGE_CURVE ( 'NONE', #950, #1277, #2035, .T. ) ;
#1092 = CARTESIAN_POINT ( 'NONE',  ( -2.627139943930121735, 33.74201604341039484, 42.88465557828132546 ) ) ;
#1093 = DIRECTION ( 'NONE',  ( 0.000000000000000000, 0.000000000000000000, 1.000000000000000000 ) ) ;
#1094 = CYLINDRICAL_SURFACE ( 'NONE', #1126, 4.000000000000001776 ) ;
#1095 = ORIENTED_EDGE ( 'NONE', *, *, #2441, .F. ) ;
#1096 = AXIS2_PLACEMENT_3D ( 'NONE', #1521, #1773, #3413 ) ;
#1097 = DIRECTION ( 'NONE',  ( 1.865879172627007192E-36, 1.000000000000000000, 3.009265538105058025E-36 ) ) ;
#1098 = CARTESIAN_POINT ( 'NONE',  ( -4.000000000000001776, 83.00000000000000000, -35.00000000000000000 ) ) ;
#1099 = ORIENTED_EDGE ( 'NONE', *, *, #2853, .F. ) ;
#1100 = CARTESIAN_POINT ( 'NONE',  ( -26.51638596813748450, 83.00000000000000000, 26.51662262032558104 ) ) ;
#1101 = ORIENTED_EDGE ( 'NONE', *, *, #1069, .T. ) ;
#1102 = CARTESIAN_POINT ( 'NONE',  ( 2.484319029276703894, 33.66000934961608237, 42.89659701717645390 ) ) ;
#1103 = DIRECTION ( 'NONE',  ( 8.659560562354957510E-17, 0.7071067811865453523, -0.7071067811865496822 ) ) ;
#1104 = CARTESIAN_POINT ( 'NONE',  ( 44.00000000000002842, 0.000000000000000000, 0.000000000000000000 ) ) ;
#1105 = AXIS2_PLACEMENT_3D ( 'NONE', #1273, #1035, #2633 ) ;
#1106 =( NAMED_UNIT ( * ) PLANE_ANGLE_UNIT ( ) SI_UNIT ( $, .RADIAN. ) );
#1107 =( GEOMETRIC_REPRESENTATION_CONTEXT ( 3 ) GLOBAL_UNCERTAINTY_ASSIGNED_CONTEXT ( ( #2981 ) ) GLOBAL_UNIT_ASSIGNED_CONTEXT ( ( #1354, #1106, #56 ) ) REPRESENTATION_CONTEXT ( 'NONE', 'WORKASPACE' ) );
#1108 = LINE ( 'NONE', #552, #1381 ) ;
#1109 = CARTESIAN_POINT ( 'NONE',  ( 3.710602582198740537E-18, 58.00000000000000000, 1.105785616404725467E-18 ) ) ;
#1110 = DIRECTION ( 'NONE',  ( 8.659560562354957510E-17, 0.7071067811865453523, -0.7071067811865496822 ) ) ;
#1111 = EDGE_CURVE ( 'NONE', #1597, #1658, #565, .T. ) ;
#1112 = DIRECTION ( 'NONE',  ( -1.000000000000000000, 0.000000000000000000, 0.000000000000000000 ) ) ;
#1113 = CIRCLE ( 'NONE', #1556, 3.099999999999998757 ) ;
#1114 = DIRECTION ( 'NONE',  ( -1.000000000000000000, 0.000000000000000000, 0.000000000000000000 ) ) ;
#1115 = VECTOR ( 'NONE', #1474, 1000.000000000000000 ) ;
#1116 = VERTEX_POINT ( 'NONE', #871 ) ;
#1117 = ADVANCED_FACE ( 'NONE', ( #2865 ), #332, .T. ) ;
#1118 =( NAMED_UNIT ( * ) PLANE_ANGLE_UNIT ( ) SI_UNIT ( $, .RADIAN. ) );
#1119 = CARTESIAN_POINT ( 'NONE',  ( 29.61638596813747881, 58.00000000000000000, -26.51662262032558459 ) ) ;
#1120 = AXIS2_PLACEMENT_3D ( 'NONE', #2720, #2179, #3281 ) ;
#1121 = DIRECTION ( 'NONE',  ( 8.470329472542997748E-22, 0.000000000000000000, -1.000000000000000000 ) ) ;
#1122 = ORIENTED_EDGE ( 'NONE', *, *, #2219, .F. ) ;
#1123 = CARTESIAN_POINT ( 'NONE',  ( -5.000000000000000888, 37.66918891968899175, 32.11308144666283226 ) ) ;
#1124 = EDGE_LOOP ( 'NONE', ( #1145, #2329, #2680, #2540 ) ) ;
#1125 = ORIENTED_EDGE ( 'NONE', *, *, #3032, .T. ) ;
#1126 = AXIS2_PLACEMENT_3D ( 'NONE', #1902, #487, #1058 ) ;
#1127 = VECTOR ( 'NONE', #813, 1000.000000000000000 ) ;
#1128 = DIRECTION ( 'NONE',  ( -1.865879172627007192E-36, -1.000000000000000000, -3.009265538105058025E-36 ) ) ;
#1129 = CARTESIAN_POINT ( 'NONE',  ( -4.999999999999999112, 58.00000000000000000, 32.11308144666283226 ) ) ;
#1130 = CARTESIAN_POINT ( 'NONE',  ( -29.00000000000002842, 8.000000000000000000, -2.646977960169688560E-20 ) ) ;
#1131 = ORIENTED_EDGE ( 'NONE', *, *, #360, .F. ) ;
#1132 = EDGE_CURVE ( 'NONE', #3205, #817, #3501, .T. ) ;
#1133 = LINE ( 'NONE', #3323, #2430 ) ;
#1134 = ORIENTED_EDGE ( 'NONE', *, *, #3404, .F. ) ;
#1135 = APPLICATION_CONTEXT ( 'automotive_design' ) ;
#1136 = ORIENTED_EDGE ( 'NONE', *, *, #640, .T. ) ;
#1137 = CARTESIAN_POINT ( 'NONE',  ( 4.968603676675301450, 37.34966034608339669, 42.58470151229762735 ) ) ;
#1138 = DIRECTION ( 'NONE',  ( -8.470329472542997748E-22, 3.009265538105054016E-36, 1.000000000000000000 ) ) ;
#1139 = CARTESIAN_POINT ( 'NONE',  ( -24.01638596813748450, 58.00000000000000000, 26.51662262032558104 ) ) ;
#1140 = EDGE_CURVE ( 'NONE', #1008, #2061, #2375, .T. ) ;
#1141 = DIRECTION ( 'NONE',  ( -6.397590658963344466E-20, -1.000000000000000000, -1.906526924835733357E-20 ) ) ;
#1142 = EDGE_LOOP ( 'NONE', ( #2146, #373, #2371, #1517, #1732 ) ) ;
#1143 = DIRECTION ( 'NONE',  ( -1.865879172627007192E-36, -1.000000000000000000, -3.009265538105058025E-36 ) ) ;
#1144 = AXIS2_PLACEMENT_3D ( 'NONE', #1847, #479, #1948 ) ;
#1145 = ORIENTED_EDGE ( 'NONE', *, *, #2390, .T. ) ;
#1146 = VERTEX_POINT ( 'NONE', #502 ) ;
#1147 = AXIS2_PLACEMENT_3D ( 'NONE', #30, #70, #889 ) ;
#1148 = EDGE_LOOP ( 'NONE', ( #1529, #3436, #1229, #2364, #1216 ) ) ;
#1149 = FACE_OUTER_BOUND ( 'NONE', #2121, .T. ) ;
#1150 = CARTESIAN_POINT ( 'NONE',  ( -39.00000000000000000, 58.00000000000000000, 6.920598516664555630E-15 ) ) ;
#1151 = CARTESIAN_POINT ( 'NONE',  ( -1.244942074804726850, 33.15631936140313485, 42.97420352493845286 ) ) ;
#1152 = ORIENTED_EDGE ( 'NONE', *, *, #2171, .F. ) ;
#1153 = VERTEX_POINT ( 'NONE', #2928 ) ;
#1154 = CARTESIAN_POINT ( 'NONE',  ( 2.807128608978316286, 32.66298235964725194, 43.91045312996230621 ) ) ;
#1155 = VECTOR ( 'NONE', #2058, 1000.000000000000000 ) ;
#1156 = CARTESIAN_POINT ( 'NONE',  ( -4.871908109300378875, 36.86474718087033153, 42.60073116029893470 ) ) ;
#1157 = APPLICATION_CONTEXT ( 'automotive_design' ) ;
#1158 = DIRECTION ( 'NONE',  ( -6.397590658963344466E-20, -1.000000000000000000, -1.906526924835733357E-20 ) ) ;
#1159 = ORIENTED_EDGE ( 'NONE', *, *, #1479, .T. ) ;
#1160 = VECTOR ( 'NONE', #1367, 1000.000000000000000 ) ;
#1161 = CARTESIAN_POINT ( 'NONE',  ( -26.51638596813748450, 79.50000000000000000, 23.41662262032558317 ) ) ;
#1162 = EDGE_CURVE ( 'NONE', #1168, #3504, #226, .T. ) ;
#1163 = CARTESIAN_POINT ( 'NONE',  ( 26.51638596813748094, 58.00000000000000000, -26.51662262032558459 ) ) ;
#1164 = ORIENTED_EDGE ( 'NONE', *, *, #214, .T. ) ;
#1165 = CARTESIAN_POINT ( 'NONE',  ( 4.999999999999999112, 57.49999999999997868, 32.11308144666283226 ) ) ;
#1166 = LINE ( 'NONE', #1625, #1425 ) ;
#1167 = EDGE_CURVE ( 'NONE', #1719, #2619, #2134, .T. ) ;
#1168 = VERTEX_POINT ( 'NONE', #206 ) ;
#1169 = ORIENTED_EDGE ( 'NONE', *, *, #3418, .T. ) ;
#1170 = CIRCLE ( 'NONE', #146, 4.000000000000001776 ) ;
#1171 = CARTESIAN_POINT ( 'NONE',  ( 18.93023260546068443, 58.00000000000000000, 21.78477831374882712 ) ) ;
#1172 = VERTEX_POINT ( 'NONE', #169 ) ;
#1173 = ORIENTED_EDGE ( 'NONE', *, *, #2896, .F. ) ;
#1174 = DIRECTION ( 'NONE',  ( 0.000000000000000000, 0.7071067811865453523, 0.7071067811865496822 ) ) ;
#1175 = CARTESIAN_POINT ( 'NONE',  ( 4.991818091178940264, 37.67069354331260911, 42.58072466647438148 ) ) ;
#1176 = LINE ( 'NONE', #2259, #879 ) ;
#1177 = ORIENTED_EDGE ( 'NONE', *, *, #3483, .F. ) ;
#1178 = CARTESIAN_POINT ( 'NONE',  ( 3.678614628903922978E-18, 57.49999999999999289, 1.096252981780546650E-18 ) ) ;
#1179 = CIRCLE ( 'NONE', #1290, 3.999999999999996447 ) ;
#1180 = ORIENTED_EDGE ( 'NONE', *, *, #1140, .F. ) ;
#1181 = DIRECTION ( 'NONE',  ( 6.397590658963344466E-20, 1.000000000000000000, 1.906526924835733357E-20 ) ) ;
#1182 = EDGE_LOOP ( 'NONE', ( #2528, #2755, #128, #3162 ) ) ;
#1183 = DIRECTION ( 'NONE',  ( -6.397590658963317985E-20, -1.000000000000000000, -1.906526924835734862E-20 ) ) ;
#1184 = PRODUCT_RELATED_PRODUCT_CATEGORY ( 'part', '', ( #2414 ) ) ;
#1185 = DIRECTION ( 'NONE',  ( -1.865879172627007192E-36, -1.000000000000000000, -3.009265538105058025E-36 ) ) ;
#1186 = ADVANCED_FACE ( 'NONE', ( #1303 ), #2389, .F. ) ;
#1187 = CARTESIAN_POINT ( 'NONE',  ( 3.710602582198740537E-18, 58.00000000000000000, -35.00000000000000000 ) ) ;
#1188 = VECTOR ( 'NONE', #306, 1000.000000000000000 ) ;
#1189 = SURFACE_SIDE_STYLE ('',( #2051 ) ) ;
#1190 = LINE ( 'NONE', #1899, #2757 ) ;
#1191 = CARTESIAN_POINT ( 'NONE',  ( 32.50000000000000711, 57.49999999999997868, 6.291538851957918273E-19 ) ) ;
#1192 = CARTESIAN_POINT ( 'NONE',  ( 26.51638596813748094, 79.50000000000000000, -23.41662262032558672 ) ) ;
#1193 = ORIENTED_EDGE ( 'NONE', *, *, #2943, .F. ) ;
#1194 = CARTESIAN_POINT ( 'NONE',  ( 2.538296535111767671, 32.53329046564013538, 43.92711466694789380 ) ) ;
#1195 = CARTESIAN_POINT ( 'NONE',  ( -4.197501513932954786, 35.28304376348491189, 42.70397191549246685 ) ) ;
#1196 = ORIENTED_EDGE ( 'NONE', *, *, #102, .F. ) ;
#1197 = CARTESIAN_POINT ( 'NONE',  ( -29.00000000000003197, 4.000000000000000000, 2.500000000000000888 ) ) ;
#1198 = CARTESIAN_POINT ( 'NONE',  ( -3.305249459640559273, 34.23418966763471616, 32.33232072276097568 ) ) ;
#1199 =( NAMED_UNIT ( * ) SI_UNIT ( $, .STERADIAN. ) SOLID_ANGLE_UNIT ( ) );
#1200 = APPLICATION_PROTOCOL_DEFINITION ( 'draft international standard', 'automotive_design', 1998, #1135 ) ;
#1201 = DIRECTION ( 'NONE',  ( -4.336808689942018352E-17, -1.000000000000000000, -6.111145247612199348E-18 ) ) ;
#1202 = MECHANICAL_DESIGN_GEOMETRIC_PRESENTATION_REPRESENTATION (  '', ( #2340 ), #721 ) ;
#1203 = AXIS2_PLACEMENT_3D ( 'NONE', #2946, #2116, #1056 ) ;
#1204 = EDGE_CURVE ( 'NONE', #3457, #1324, #2155, .T. ) ;
#1205 = CARTESIAN_POINT ( 'NONE',  ( 3.774578488788374884E-18, 59.00000000000001421, 1.124850885653082909E-18 ) ) ;
#1206 = EDGE_CURVE ( 'NONE', #3500, #159, #2534, .T. ) ;
#1207 = VERTEX_POINT ( 'NONE', #2479 ) ;
#1208 = CARTESIAN_POINT ( 'NONE',  ( -29.01662262032568407, 58.00000000000000000, -26.51638596813737792 ) ) ;
#1209 = FACE_OUTER_BOUND ( 'NONE', #1182, .T. ) ;
#1210 = CIRCLE ( 'NONE', #1827, 2.499999999999998668 ) ;
#1211 = VECTOR ( 'NONE', #1037, 1000.000000000000000 ) ;
#1212 = ORIENTED_EDGE ( 'NONE', *, *, #2253, .T. ) ;
#1213 = DIRECTION ( 'NONE',  ( -8.470329472542997748E-22, 0.000000000000000000, 1.000000000000000000 ) ) ;
#1214 = CONICAL_SURFACE ( 'NONE', #1996, 32.50000000000000711, 0.7853981633974482790 ) ;
#1215 = DIRECTION ( 'NONE',  ( 1.865879172627007192E-36, 1.000000000000000000, 3.009265538105058025E-36 ) ) ;
#1216 = ORIENTED_EDGE ( 'NONE', *, *, #122, .T. ) ;
#1217 = SHAPE_DEFINITION_REPRESENTATION ( #3320, #2271 ) ;
#1218 = LINE ( 'NONE', #320, #2472 ) ;
#1219 = DIRECTION ( 'NONE',  ( -1.000000000000000000, 0.000000000000000000, 0.000000000000000000 ) ) ;
#1220 = FACE_BOUND ( 'NONE', #233, .T. ) ;
#1221 = CARTESIAN_POINT ( 'NONE',  ( -4.830568704850798589, 36.69918179784998102, 42.60753206219485634 ) ) ;
#1222 = CARTESIAN_POINT ( 'NONE',  ( 44.00000000000002842, 8.000000000000000000, 0.000000000000000000 ) ) ;
#1223 = EDGE_CURVE ( 'NONE', #828, #2138, #1458, .T. ) ;
#1224 = CARTESIAN_POINT ( 'NONE',  ( 4.992105944449872545, 34.50594161792263748, 43.71592970645941278 ) ) ;
#1225 = AXIS2_PLACEMENT_3D ( 'NONE', #2324, #2839, #2028 ) ;
#1226 = FACE_OUTER_BOUND ( 'NONE', #1701, .T. ) ;
#1227 = CARTESIAN_POINT ( 'NONE',  ( -4.159330081728901618, 35.22510268656679955, 42.70934336139460186 ) ) ;
#1228 =( NAMED_UNIT ( * ) PLANE_ANGLE_UNIT ( ) SI_UNIT ( $, .RADIAN. ) );
#1229 = ORIENTED_EDGE ( 'NONE', *, *, #840, .F. ) ;
#1230 = EDGE_CURVE ( 'NONE', #3504, #1335, #1882, .T. ) ;
#1231 = ORIENTED_EDGE ( 'NONE', *, *, #478, .T. ) ;
#1232 = CIRCLE ( 'NONE', #2421, 3.099999999999998757 ) ;
#1233 = VERTEX_POINT ( 'NONE', #1931 ) ;
#1234 = CARTESIAN_POINT ( 'NONE',  ( 26.51662262032568407, 83.00000000000000000, 26.51638596813738147 ) ) ;
#1235 = CIRCLE ( 'NONE', #2482, 44.00000000000002842 ) ;
#1236 = VERTEX_POINT ( 'NONE', #2230 ) ;
#1237 = CARTESIAN_POINT ( 'NONE',  ( -32.76977908997758959, 82.82437027687299747, 28.11897029658364389 ) ) ;
#1238 = SHAPE_DEFINITION_REPRESENTATION ( #2475, #3264 ) ;
#1239 = FACE_OUTER_BOUND ( 'NONE', #555, .T. ) ;
#1240 = CARTESIAN_POINT ( 'NONE',  ( -2.100000000000001865, 8.000000000000000000, -28.92386557844579187 ) ) ;
#1241 = VECTOR ( 'NONE', #3171, 1000.000000000000000 ) ;
#1242 = CARTESIAN_POINT ( 'NONE',  ( 5.846039685938081654, 36.16440261398713574, 43.60991517692893638 ) ) ;
#1243 = STYLED_ITEM ( 'NONE', ( #77 ), #2166 ) ;
#1244 = DIRECTION ( 'NONE',  ( -6.397590658963344466E-20, -1.000000000000000000, -1.906526924835733357E-20 ) ) ;
#1245 = ORIENTED_EDGE ( 'NONE', *, *, #1886, .F. ) ;
#1246 = EDGE_CURVE ( 'NONE', #1505, #586, #389, .T. ) ;
#1247 = ORIENTED_EDGE ( 'NONE', *, *, #634, .F. ) ;
#1248 = ORIENTED_EDGE ( 'NONE', *, *, #1971, .F. ) ;
#1249 = DIRECTION ( 'NONE',  ( 8.470329472542997748E-22, -3.009265538105054016E-36, -1.000000000000000000 ) ) ;
#1250 = ADVANCED_FACE ( 'NONE', ( #1722 ), #1376, .F. ) ;
#1251 = ORIENTED_EDGE ( 'NONE', *, *, #1775, .T. ) ;
#1252 = DIRECTION ( 'NONE',  ( 6.397590658963344466E-20, 1.000000000000000000, 1.906526924835733357E-20 ) ) ;
#1253 = CARTESIAN_POINT ( 'NONE',  ( -29.61662262032568549, 58.00000000000000000, -26.51638596813737792 ) ) ;
#1254 = CIRCLE ( 'NONE', #2337, 44.00000000000002842 ) ;
#1255 = DIRECTION ( 'NONE',  ( 6.397590658963344466E-20, 1.000000000000000000, 1.906526924835750209E-20 ) ) ;
#1256 = CARTESIAN_POINT ( 'NONE',  ( 4.615800768737315707, 34.04254710186293664, 43.75727341249821478 ) ) ;
#1257 = CARTESIAN_POINT ( 'NONE',  ( -0.7995842480029562438, 32.04782101476128986, 43.99319385779377001 ) ) ;
#1258 = VERTEX_POINT ( 'NONE', #648 ) ;
#1259 = VERTEX_POINT ( 'NONE', #714 ) ;
#1260 = FACE_OUTER_BOUND ( 'NONE', #163, .T. ) ;
#1261 = ORIENTED_EDGE ( 'NONE', *, *, #3355, .T. ) ;
#1262 = LINE ( 'NONE', #710, #739 ) ;
#1263 = AXIS2_PLACEMENT_3D ( 'NONE', #2144, #3253, #2450 ) ;
#1264 = CARTESIAN_POINT ( 'NONE',  ( 0.000000000000000000, 8.000000000000000000, 0.000000000000000000 ) ) ;
#1265 = EDGE_CURVE ( 'NONE', #2940, #1146, #1940, .T. ) ;
#1266 = CONICAL_SURFACE ( 'NONE', #1096, 44.00000000000000000, 0.7853981633974552734 ) ;
#1267 = CARTESIAN_POINT ( 'NONE',  ( 26.51650429449560775, 0.000000000000000000, -26.51650429449550472 ) ) ;
#1268 = ADVANCED_FACE ( 'NONE', ( #1522 ), #2354, .F. ) ;
#1269 = VECTOR ( 'NONE', #856, 1000.000000000000000 ) ;
#1270 = CARTESIAN_POINT ( 'NONE',  ( 3.710602582198740537E-18, 58.00000000000000000, 1.105785616404725467E-18 ) ) ;
#1271 = FACE_OUTER_BOUND ( 'NONE', #1788, .T. ) ;
#1272 = EDGE_LOOP ( 'NONE', ( #2819, #569 ) ) ;
#1273 = CARTESIAN_POINT ( 'NONE',  ( 26.51662262032568407, 8.000000000000000000, 26.51638596813738147 ) ) ;
#1274 = DIRECTION ( 'NONE',  ( -6.397590658963344466E-20, -1.000000000000000000, -1.906526924835733357E-20 ) ) ;
#1275 = PLANE ( 'NONE',  #161 ) ;
#1276 = DIRECTION ( 'NONE',  ( 1.000000000000000000, -4.336808689942018352E-17, 0.000000000000000000 ) ) ;
#1277 = VERTEX_POINT ( 'NONE', #2342 ) ;
#1278 = CARTESIAN_POINT ( 'NONE',  ( 0.8033380677565901129, 32.05077429074467688, 43.99277811163135965 ) ) ;
#1279 = AXIS2_PLACEMENT_3D ( 'NONE', #1525, #415, #2010 ) ;
#1280 = ORIENTED_EDGE ( 'NONE', *, *, #1072, .T. ) ;
#1281 = CARTESIAN_POINT ( 'NONE',  ( -26.51650429449560420, 0.000000000000000000, -26.51650429449550828 ) ) ;
#1282 = DIRECTION ( 'NONE',  ( -8.470329472542999629E-22, 3.009265538105054684E-36, 1.000000000000000000 ) ) ;
#1283 = ITEM_DEFINED_TRANSFORMATION ( 'NONE', 'NONE', #1981,  #2616 ) ;
#1284 = CARTESIAN_POINT ( 'NONE',  ( -5.708833602121548445, 35.79015004679517631, 43.62809565322444172 ) ) ;
#1285 = EDGE_CURVE ( 'NONE', #1509, #143, #1774, .T. ) ;
#1286 = CARTESIAN_POINT ( 'NONE',  ( 0.8963810849045447116, 33.08083318616296253, 42.98657021161243819 ) ) ;
#1287 = CARTESIAN_POINT ( 'NONE',  ( 4.649846108935774325, 36.15998923364386997, 42.63645287963723973 ) ) ;
#1288 = DIRECTION ( 'NONE',  ( 8.470329472542996808E-22, 0.000000000000000000, -1.000000000000000000 ) ) ;
#1289 = CARTESIAN_POINT ( 'NONE',  ( 33.00000000000002842, 58.00000000000000000, 4.042440222802674718E-15 ) ) ;
#1290 = AXIS2_PLACEMENT_3D ( 'NONE', #1986, #304, #3108 ) ;
#1291 = ADVANCED_FACE ( 'NONE', ( #2871 ), #659, .F. ) ;
#1292 = CARTESIAN_POINT ( 'NONE',  ( 6.139534789078584964, 38.00000000000000711, 43.56955488151896816 ) ) ;
#1293 = CARTESIAN_POINT ( 'NONE',  ( 26.51638596813748094, 8.000000000000000000, -26.51662262032558459 ) ) ;
#1294 = DIRECTION ( 'NONE',  ( 1.000000000000000000, 0.000000000000000000, 0.000000000000000000 ) ) ;
#1295 = CARTESIAN_POINT ( 'NONE',  ( 27.52036944506964034, 83.00000000000000000, -33.03981334098119760 ) ) ;
#1296 = VECTOR ( 'NONE', #2709, 1000.000000000000000 ) ;
#1297 = CYLINDRICAL_SURFACE ( 'NONE', #2549, 3.999999999999996447 ) ;
#1298 = ORIENTED_EDGE ( 'NONE', *, *, #1162, .T. ) ;
#1299 = FILL_AREA_STYLE ('',( #450 ) ) ;
#1300 = CARTESIAN_POINT ( 'NONE',  ( 4.291573797262675284E-15, 83.00000000000000000, 35.00000000000000000 ) ) ;
#1301 = VERTEX_POINT ( 'NONE', #93 ) ;
#1302 = CARTESIAN_POINT ( 'NONE',  ( 5.310000246939576882E-18, 83.00000000000000000, 1.582417347613658819E-18 ) ) ;
#1303 = FACE_OUTER_BOUND ( 'NONE', #3055, .T. ) ;
#1304 = EDGE_CURVE ( 'NONE', #3021, #2263, #3341, .T. ) ;
#1305 = CARTESIAN_POINT ( 'NONE',  ( 6.129488166309317698, 37.60483225695567455, 43.57097395447344468 ) ) ;
#1306 = CARTESIAN_POINT ( 'NONE',  ( -5.980148994782592986, 36.62748977959270746, 43.59173573379426614 ) ) ;
#1307 = CARTESIAN_POINT ( 'NONE',  ( -3.829776916703081291, 34.78509770474729379, 42.75372369302982634 ) ) ;
#1308 = CARTESIAN_POINT ( 'NONE',  ( 24.01662262032568407, 58.00000000000000000, 26.51638596813738147 ) ) ;
#1309 = ORIENTED_EDGE ( 'NONE', *, *, #2599, .T. ) ;
#1310 = EDGE_CURVE ( 'NONE', #950, #1466, #491, .T. ) ;
#1311 = CARTESIAN_POINT ( 'NONE',  ( 4.838169533093910069, 36.69649046546683735, 32.13792691316331940 ) ) ;
#1312 = DIRECTION ( 'NONE',  ( 0.7071067811865474617, 0.7071067811865474617, 8.660908680471999536E-17 ) ) ;
#1313 = EDGE_LOOP ( 'NONE', ( #2575, #2261, #3324, #2900 ) ) ;
#1314 = ADVANCED_BREP_SHAPE_REPRESENTATION ( '', ( #2231, #2616 ), #2681 ) ;
#1315 = ORIENTED_EDGE ( 'NONE', *, *, #3458, .T. ) ;
#1316 = CONICAL_SURFACE ( 'NONE', #2056, 3.099999999999998757, 0.7853981633974508325 ) ;
#1317 = VECTOR ( 'NONE', #1758, 1000.000000000000000 ) ;
#1318 = DIRECTION ( 'NONE',  ( 6.397590658963344466E-20, 1.000000000000000000, 1.906526924835733357E-20 ) ) ;
#1319 = CARTESIAN_POINT ( 'NONE',  ( 33.03981334098129707, 83.00000000000000000, 27.52036944506951599 ) ) ;
#1320 = VECTOR ( 'NONE', #2697, 1000.000000000000000 ) ;
#1321 = CARTESIAN_POINT ( 'NONE',  ( 3.774578488788374884E-18, 59.00000000000001421, 1.124850885653082909E-18 ) ) ;
#1322 = ADVANCED_FACE ( 'NONE', ( #3244, #1543, #2677, #1011, #1085, #2922, #498, #1878, #200 ), #2370, .F. ) ;
#1323 = LINE ( 'NONE', #793, #1470 ) ;
#1324 = VERTEX_POINT ( 'NONE', #2385 ) ;
#1325 = CARTESIAN_POINT ( 'NONE',  ( 4.611397715595614066, 36.06736022682586196, 42.64244906046047845 ) ) ;
#1326 = DIRECTION ( 'NONE',  ( 0.000000000000000000, 0.000000000000000000, 1.000000000000000000 ) ) ;
#1327 = CARTESIAN_POINT ( 'NONE',  ( 29.01638596813747739, 58.00000000000000000, -26.51662262032558459 ) ) ;
#1328 = EDGE_CURVE ( 'NONE', #3454, #1597, #2156, .T. ) ;
#1329 = ORIENTED_EDGE ( 'NONE', *, *, #971, .T. ) ;
#1330 = DIRECTION ( 'NONE',  ( 1.865879172627007192E-36, 1.000000000000000000, 3.009265538105058025E-36 ) ) ;
#1331 = APPLICATION_CONTEXT ( 'automotive_design' ) ;
#1332 = AXIS2_PLACEMENT_3D ( 'NONE', #1766, #1518, #2608 ) ;
#1333 = EDGE_CURVE ( 'NONE', #705, #1422, #2267, .T. ) ;
#1334 = FACE_OUTER_BOUND ( 'NONE', #182, .T. ) ;
#1335 = VERTEX_POINT ( 'NONE', #2228 ) ;
#1336 = DIRECTION ( 'NONE',  ( -1.000000000000000000, 0.000000000000000000, 0.000000000000000000 ) ) ;
#1337 = DIRECTION ( 'NONE',  ( -6.397590658963317985E-20, -1.000000000000000000, -1.906526924835734862E-20 ) ) ;
#1338 = PRODUCT_DEFINITION_CONTEXT ( 'detailed design', #962, 'design' ) ;
#1339 = CARTESIAN_POINT ( 'NONE',  ( -4.999999999999999112, 58.00000000000000000, 32.61901286060021476 ) ) ;
#1340 = CARTESIAN_POINT ( 'NONE',  ( 6.090016558054273332, 37.21462633160361122, 43.57650853521903400 ) ) ;
#1341 = CIRCLE ( 'NONE', #1120, 3.999999999999996447 ) ;
#1342 = LINE ( 'NONE', #3531, #2987 ) ;
#1343 = DIRECTION ( 'NONE',  ( -8.470329472542997748E-22, 3.009265538105054016E-36, 1.000000000000000000 ) ) ;
#1344 = DIRECTION ( 'NONE',  ( -1.000000000000000000, -1.865879172627004853E-36, -8.470329472542997748E-22 ) ) ;
#1345 = ORIENTED_EDGE ( 'NONE', *, *, #1682, .T. ) ;
#1346 = DIRECTION ( 'NONE',  ( -1.000000000000000000, 0.000000000000000000, 0.000000000000000000 ) ) ;
#1347 = CARTESIAN_POINT ( 'NONE',  ( -26.51662262032568762, 79.50000000000000000, -23.41638596813738005 ) ) ;
#1348 = ORIENTED_EDGE ( 'NONE', *, *, #3442, .T. ) ;
#1349 = AXIS2_PLACEMENT_3D ( 'NONE', #2446, #3304, #1114 ) ;
#1350 = EDGE_CURVE ( 'NONE', #2368, #255, #1166, .T. ) ;
#1351 = AXIS2_PLACEMENT_3D ( 'NONE', #2990, #2972, #3200 ) ;
#1352 = EDGE_LOOP ( 'NONE', ( #2710, #1550, #967, #814 ) ) ;
#1353 = EDGE_CURVE ( 'NONE', #1801, #3065, #3084, .T. ) ;
#1354 =( LENGTH_UNIT ( ) NAMED_UNIT ( * ) SI_UNIT ( .MILLI., .METRE. ) );
#1355 = EDGE_LOOP ( 'NONE', ( #3239, #2867, #167, #2184 ) ) ;
#1356 = FACE_OUTER_BOUND ( 'NONE', #189, .T. ) ;
#1357 = DIRECTION ( 'NONE',  ( -1.865879172627007192E-36, -1.000000000000000000, -3.009265538105058025E-36 ) ) ;
#1358 = FACE_OUTER_BOUND ( 'NONE', #1892, .T. ) ;
#1359 = CARTESIAN_POINT ( 'NONE',  ( -6.139534789078590293, 38.00000000000000711, 43.56955488151896816 ) ) ;
#1360 = CARTESIAN_POINT ( 'NONE',  ( 3.710602582198740537E-18, 58.00000000000000000, 1.105785616404725467E-18 ) ) ;
#1361 = ORIENTED_EDGE ( 'NONE', *, *, #2853, .T. ) ;
#1362 = CARTESIAN_POINT ( 'NONE',  ( 4.604222925847460957, 36.05032909614065773, 42.64356608087878442 ) ) ;
#1363 = CIRCLE ( 'NONE', #298, 3.000000000000006217 ) ;
#1364 = DIRECTION ( 'NONE',  ( -6.397590658963344466E-20, -1.000000000000000000, -1.906526924835733357E-20 ) ) ;
#1365 = PLANE ( 'NONE',  #2772 ) ;
#1366 = ORIENTED_EDGE ( 'NONE', *, *, #1929, .T. ) ;
#1367 = DIRECTION ( 'NONE',  ( 6.397590658963344466E-20, 1.000000000000000000, 1.906526924835733357E-20 ) ) ;
#1368 = CONICAL_SURFACE ( 'NONE', #1147, 33.00000000000000711, 0.7853981633974552734 ) ;
#1369 = DIRECTION ( 'NONE',  ( -1.000000000000000000, 0.000000000000000000, 0.000000000000000000 ) ) ;
#1370 = ORIENTED_EDGE ( 'NONE', *, *, #2126, .T. ) ;
#1371 = CARTESIAN_POINT ( 'NONE',  ( 2.650388163179336232, 33.75985564494873614, 42.88225097217348747 ) ) ;
#1372 = EDGE_CURVE ( 'NONE', #1938, #1258, #2456, .T. ) ;
#1373 = CARTESIAN_POINT ( 'NONE',  ( 0.6542336637505469232, 33.04231184650827657, 42.99294236667728342 ) ) ;
#1374 = DIRECTION ( 'NONE',  ( 6.397590658963344466E-20, 1.000000000000000000, 1.906526924835733357E-20 ) ) ;
#1375 = EDGE_CURVE ( 'NONE', #3094, #2277, #1576, .T. ) ;
#1376 = PLANE ( 'NONE',  #855 ) ;
#1377 = AXIS2_PLACEMENT_3D ( 'NONE', #1270, #2355, #995 ) ;
#1378 = LINE ( 'NONE', #2178, #1513 ) ;
#1379 = EDGE_LOOP ( 'NONE', ( #3184, #3597, #440, #1681, #2715, #2127, #1621, #2470 ) ) ;
#1380 = DIRECTION ( 'NONE',  ( 1.865879172627007192E-36, 1.000000000000000000, -3.009265538105054016E-36 ) ) ;
#1381 = VECTOR ( 'NONE', #258, 1000.000000000000000 ) ;
#1382 = CARTESIAN_POINT ( 'NONE',  ( 4.999999999999999112, 58.00000000000000000, 50.00000000000000000 ) ) ;
#1383 = CARTESIAN_POINT ( 'NONE',  ( -5.000000000000000000, 38.00000000000000711, 42.57933784517401676 ) ) ;
#1384 = ORIENTED_EDGE ( 'NONE', *, *, #3014, .F. ) ;
#1385 = CIRCLE ( 'NONE', #1595, 3.099999999999998757 ) ;
#1386 = CARTESIAN_POINT ( 'NONE',  ( 2.167668850493543076, 32.38556045157651653, 43.94667343119584757 ) ) ;
#1387 = CARTESIAN_POINT ( 'NONE',  ( -26.51662262032568762, 79.50000000000000000, -26.51638596813737792 ) ) ;
#1388 = DIRECTION ( 'NONE',  ( 6.397590658963344466E-20, 1.000000000000000000, 1.906526924835750209E-20 ) ) ;
#1389 = ORIENTED_EDGE ( 'NONE', *, *, #1333, .T. ) ;
#1390 = FACE_OUTER_BOUND ( 'NONE', #750, .T. ) ;
#1391 = LINE ( 'NONE', #2778, #3397 ) ;
#1392 = DIRECTION ( 'NONE',  ( 6.397590658963344466E-20, 1.000000000000000000, 1.906526924835733357E-20 ) ) ;
#1393 = VECTOR ( 'NONE', #541, 1000.000000000000000 ) ;
#1394 = VERTEX_POINT ( 'NONE', #1910 ) ;
#1395 = ADVANCED_FACE ( 'NONE', ( #1660, #3261, #1149 ), #121, .T. ) ;
#1396 = DIRECTION ( 'NONE',  ( 0.000000000000000000, 0.000000000000000000, 1.000000000000000000 ) ) ;
#1397 = CARTESIAN_POINT ( 'NONE',  ( -0.8142454122440168085, 33.06606240207582204, 42.98900779928710847 ) ) ;
#1398 = VECTOR ( 'NONE', #1789, 1000.000000000000000 ) ;
#1399 = DIRECTION ( 'NONE',  ( 8.470329472542997748E-22, -3.009265538105054016E-36, -1.000000000000000000 ) ) ;
#1400 = EDGE_CURVE ( 'NONE', #2318, #1422, #1363, .T. ) ;
#1401 = CARTESIAN_POINT ( 'NONE',  ( -26.51662262032568762, 83.00000000000000000, -19.91638596813735518 ) ) ;
#1402 = EDGE_LOOP ( 'NONE', ( #2691, #1280, #2361, #2298 ) ) ;
#1403 = AXIS2_PLACEMENT_3D ( 'NONE', #2663, #1185, #519 ) ;
#1404 = LINE ( 'NONE', #1171, #2825 ) ;
#1405 = CARTESIAN_POINT ( 'NONE',  ( -44.00000000000003553, 4.000000000000000000, 2.500000000000000888 ) ) ;
#1406 = B_SPLINE_CURVE_WITH_KNOTS ( 'NONE', 3,
 ( #99, #369, #414, #394, #83, #2328, #963, #979, #2073, #697, #1799, #3166, #3388, #1472 ),
 .UNSPECIFIED., .F., .F.,
 ( 4, 2, 2, 2, 2, 2, 4 ),
 ( 3.469446951953613804E-18, 0.002008868142489633399, 0.003013302213734455302, 0.004017736284979277206, 0.006026604427468928819, 0.007031038498713757662, 0.008035472569958585637 ),
 .UNSPECIFIED. ) ;
#1407 = CIRCLE ( 'NONE', #1551, 3.099999999999998757 ) ;
#1408 = CARTESIAN_POINT ( 'NONE',  ( 5.747818066110975010, 35.88209180517570474, 43.62302810494677630 ) ) ;
#1409 = CARTESIAN_POINT ( 'NONE',  ( -30.55766956963814351, 82.44997612459836489, -31.03137784590849435 ) ) ;
#1410 = ORIENTED_EDGE ( 'NONE', *, *, #3464, .F. ) ;
#1411 = DIRECTION ( 'NONE',  ( 1.865879172627007192E-36, 1.000000000000000000, 3.009265538105058025E-36 ) ) ;
#1412 = CARTESIAN_POINT ( 'NONE',  ( -43.89760813529596817, 8.000000000000000000, -3.000000000000003997 ) ) ;
#1413 = ORIENTED_EDGE ( 'NONE', *, *, #2660, .F. ) ;
#1414 = CARTESIAN_POINT ( 'NONE',  ( 4.291573797262675284E-15, 83.00000000000000000, 35.00000000000000000 ) ) ;
#1415 = AXIS2_PLACEMENT_3D ( 'NONE', #1915, #1436, #553 ) ;
#1416 = CARTESIAN_POINT ( 'NONE',  ( -1.596152980289284651, 33.25880563405569035, 42.95771097042202058 ) ) ;
#1417 = ORIENTED_EDGE ( 'NONE', *, *, #214, .F. ) ;
#1418 = EDGE_CURVE ( 'NONE', #3386, #1259, #2788, .T. ) ;
#1419 = ORIENTED_EDGE ( 'NONE', *, *, #118, .F. ) ;
#1420 = FACE_OUTER_BOUND ( 'NONE', #891, .T. ) ;
#1421 = CARTESIAN_POINT ( 'NONE',  ( -4.952613186211920038, 37.30452815585970683, 42.58732688272033329 ) ) ;
#1422 = VERTEX_POINT ( 'NONE', #1751 ) ;
#1423 = EDGE_CURVE ( 'NONE', #85, #1634, #1254, .T. ) ;
#1424 = CARTESIAN_POINT ( 'NONE',  ( 42.99999999999997868, 58.00000000000000000, 5.328328894542013931E-15 ) ) ;
#1425 = VECTOR ( 'NONE', #875, 1000.000000000000000 ) ;
#1426 = CARTESIAN_POINT ( 'NONE',  ( 4.147806648003762753, 35.20790653478749022, 42.71095719356421938 ) ) ;
#1427 = CIRCLE ( 'NONE', #3539, 6.600000000000022737 ) ;
#1428 = VERTEX_POINT ( 'NONE', #3427 ) ;
#1429 = DIRECTION ( 'NONE',  ( -1.865879172627007192E-36, -1.000000000000000000, -3.009265538105058025E-36 ) ) ;
#1430 = PRODUCT_DEFINITION_FORMATION_WITH_SPECIFIED_SOURCE ( 'ANY', '', #2414, .NOT_KNOWN. ) ;
#1431 = ORIENTED_EDGE ( 'NONE', *, *, #1353, .F. ) ;
#1432 = ITEM_DEFINED_TRANSFORMATION ( 'NONE', 'NONE', #841,  #2616 ) ;
#1433 = CARTESIAN_POINT ( 'NONE',  ( -0.4052916173913249098, 33.01577125472241647, 42.99736238015763234 ) ) ;
#1434 = DIRECTION ( 'NONE',  ( -6.397590658963344466E-20, -1.000000000000000000, -1.906526924835733357E-20 ) ) ;
#1435 = DIRECTION ( 'NONE',  ( 1.000000000000000000, -3.389762957561650602E-37, -1.156471023545240599E-16 ) ) ;
#1436 = DIRECTION ( 'NONE',  ( 6.397590658963344466E-20, 1.000000000000000000, 1.906526924835733357E-20 ) ) ;
#1437 = ORIENTED_EDGE ( 'NONE', *, *, #1467, .T. ) ;
#1438 = DIRECTION ( 'NONE',  ( 6.397590658963344466E-20, 1.000000000000000000, 1.906526924835733357E-20 ) ) ;
#1439 = CARTESIAN_POINT ( 'NONE',  ( -33.03956772826901300, 83.00000000000000000, 27.52066431482217368 ) ) ;
#1440 = VECTOR ( 'NONE', #1312, 1000.000000000000114 ) ;
#1441 = CARTESIAN_POINT ( 'NONE',  ( 26.51638596813748094, 83.00000000000000000, -26.51662262032558459 ) ) ;
#1442 = ORIENTED_EDGE ( 'NONE', *, *, #2607, .F. ) ;
#1443 = ORIENTED_EDGE ( 'NONE', *, *, #1111, .F. ) ;
#1444 = AXIS2_PLACEMENT_3D ( 'NONE', #1205, #2008, #1725 ) ;
#1445 = ADVANCED_FACE ( 'NONE', ( #951 ), #89, .F. ) ;
#1446 = CARTESIAN_POINT ( 'NONE',  ( 4.999995437100516860, 37.83464153001281716, 42.57933791139155488 ) ) ;
#1447 = CARTESIAN_POINT ( 'NONE',  ( 26.51662262032568407, 79.50000000000000000, 26.51638596813738147 ) ) ;
#1448 = ORIENTED_EDGE ( 'NONE', *, *, #3361, .T. ) ;
#1449 = DIRECTION ( 'NONE',  ( -6.397590658963344466E-20, -1.000000000000000000, -1.906526924835733357E-20 ) ) ;
#1450 = VECTOR ( 'NONE', #2762, 1000.000000000000000 ) ;
#1451 = EDGE_CURVE ( 'NONE', #1008, #2914, #1694, .T. ) ;
#1452 = EDGE_LOOP ( 'NONE', ( #3352, #3202, #2829, #2514 ) ) ;
#1453 = CARTESIAN_POINT ( 'NONE',  ( 3.922630044834260143, 34.89818158741920229, 42.74163723556867467 ) ) ;
#1454 = ORIENTED_EDGE ( 'NONE', *, *, #1642, .T. ) ;
#1455 = CARTESIAN_POINT ( 'NONE',  ( -2.100000000000001865, 8.000000000000000000, 1.654361225106055350E-21 ) ) ;
#1456 = CARTESIAN_POINT ( 'NONE',  ( -26.51650429449560420, 8.000000000000000000, -23.51650429449550117 ) ) ;
#1457 = DIRECTION ( 'NONE',  ( -1.000000000000000000, 0.000000000000000000, 0.000000000000000000 ) ) ;
#1458 = LINE ( 'NONE', #2748, #1450 ) ;
#1459 = VECTOR ( 'NONE', #2664, 1000.000000000000000 ) ;
#1460 = ORIENTED_EDGE ( 'NONE', *, *, #3140, .F. ) ;
#1461 = ORIENTED_EDGE ( 'NONE', *, *, #481, .T. ) ;
#1462 = CARTESIAN_POINT ( 'NONE',  ( 44.00000000000000000, 8.499999999999980460, 5.388607971036964940E-15 ) ) ;
#1463 = ORIENTED_EDGE ( 'NONE', *, *, #835, .T. ) ;
#1464 = CIRCLE ( 'NONE', #38, 42.99999999999997868 ) ;
#1465 = CARTESIAN_POINT ( 'NONE',  ( 26.51662262032568407, 83.00000000000000000, 26.51638596813738147 ) ) ;
#1466 = VERTEX_POINT ( 'NONE', #727 ) ;
#1467 = EDGE_CURVE ( 'NONE', #471, #354, #473, .T. ) ;
#1468 = CARTESIAN_POINT ( 'NONE',  ( 5.310000246939576882E-18, 83.00000000000000000, 1.582417347613658819E-18 ) ) ;
#1469 = ADVANCED_FACE ( 'NONE', ( #1807 ), #2046, .F. ) ;
#1470 = VECTOR ( 'NONE', #2410, 1000.000000000000000 ) ;
#1471 = DIRECTION ( 'NONE',  ( 6.397590658963344466E-20, 1.000000000000000000, 1.906526924835733357E-20 ) ) ;
#1472 = CARTESIAN_POINT ( 'NONE',  ( 33.03981334098129707, 83.00000000000000000, 27.52036944506951599 ) ) ;
#1473 = CARTESIAN_POINT ( 'NONE',  ( -28.84441020371194142, 8.000000000000000000, -3.000000000000003997 ) ) ;
#1474 = DIRECTION ( 'NONE',  ( -6.397590658963344466E-20, -1.000000000000000000, -1.906526924835733357E-20 ) ) ;
#1475 = ORIENTED_EDGE ( 'NONE', *, *, #2171, .T. ) ;
#1476 = CARTESIAN_POINT ( 'NONE',  ( -26.51650429449560420, 8.000000000000000000, -29.51650429449551538 ) ) ;
#1477 = DIRECTION ( 'NONE',  ( 1.865879172627007192E-36, 1.000000000000000000, 3.009265538105058025E-36 ) ) ;
#1478 = PRODUCT_CONTEXT ( 'NONE', #564, 'mechanical' ) ;
#1479 = EDGE_CURVE ( 'NONE', #2405, #221, #2161, .T. ) ;
#1480 = AXIS2_PLACEMENT_3D ( 'NONE', #2894, #3201, #2210 ) ;
#1481 = EDGE_CURVE ( 'NONE', #1428, #867, #3518, .T. ) ;
#1482 = DIRECTION ( 'NONE',  ( -6.397590658963344466E-20, -1.000000000000000000, -1.906526924835733357E-20 ) ) ;
#1483 = DIRECTION ( 'NONE',  ( 0.000000000000000000, 0.000000000000000000, -1.000000000000000000 ) ) ;
#1484 = CARTESIAN_POINT ( 'NONE',  ( 5.319751897815347519, 34.99831331094964071, 43.67733115721637205 ) ) ;
#1485 = AXIS2_PLACEMENT_3D ( 'NONE', #3407, #2848, #1804 ) ;
#1486 = ORIENTED_EDGE ( 'NONE', *, *, #1230, .T. ) ;
#1487 = CARTESIAN_POINT ( 'NONE',  ( -26.51650429449560420, 8.000000000000000000, -26.51650429449550828 ) ) ;
#1488 = CIRCLE ( 'NONE', #382, 33.00000000000000711 ) ;
#1489 = CARTESIAN_POINT ( 'NONE',  ( 3.300343625259919644, 34.22955817469106421, 32.33284238836913005 ) ) ;
#1490 = CIRCLE ( 'NONE', #972, 2.999999999999995559 ) ;
#1491 = ORIENTED_EDGE ( 'NONE', *, *, #171, .T. ) ;
#1492 = AXIS2_PLACEMENT_3D ( 'NONE', #445, #1959, #3072 ) ;
#1493 = DIRECTION ( 'NONE',  ( 8.470329472542997748E-22, -3.009265538105054016E-36, -1.000000000000000000 ) ) ;
#1494 = EDGE_CURVE ( 'NONE', #149, #2215, #604, .T. ) ;
#1495 = DIRECTION ( 'NONE',  ( -6.397590658963344466E-20, -1.000000000000000000, -1.906526924835733357E-20 ) ) ;
#1496 = DIRECTION ( 'NONE',  ( -6.397590658963344466E-20, -1.000000000000000000, -1.906526924835733357E-20 ) ) ;
#1497 = CARTESIAN_POINT ( 'NONE',  ( 44.00000000000000000, 59.00000000000001421, 1.344101482009192432E-18 ) ) ;
#1498 = EDGE_CURVE ( 'NONE', #1719, #2208, #779, .T. ) ;
#1499 = CIRCLE ( 'NONE', #2412, 3.099999999999998757 ) ;
#1500 = CARTESIAN_POINT ( 'NONE',  ( 5.000000000000000000, 57.83331809053638040, 32.45038412141038719 ) ) ;
#1501 = CYLINDRICAL_SURFACE ( 'NONE', #2072, 4.000000000000001776 ) ;
#1502 = ORIENTED_EDGE ( 'NONE', *, *, #2967, .F. ) ;
#1503 = VERTEX_POINT ( 'NONE', #1424 ) ;
#1504 = ORIENTED_EDGE ( 'NONE', *, *, #2919, .T. ) ;
#1505 = VERTEX_POINT ( 'NONE', #839 ) ;
#1506 = CARTESIAN_POINT ( 'NONE',  ( 26.51662262032568407, 58.00000000000000000, 26.51638596813738147 ) ) ;
#1507 = ORIENTED_EDGE ( 'NONE', *, *, #1663, .F. ) ;
#1508 = CARTESIAN_POINT ( 'NONE',  ( -31.69094700478717996, 82.51073952483456253, 29.78444685063672281 ) ) ;
#1509 = VERTEX_POINT ( 'NONE', #1161 ) ;
#1510 = CARTESIAN_POINT ( 'NONE',  ( -0.6490422514987531644, 33.03116264412781078, 42.99473045250769587 ) ) ;
#1511 = CIRCLE ( 'NONE', #3134, 32.50000000000000711 ) ;
#1512 = CARTESIAN_POINT ( 'NONE',  ( 5.933775609323062916, 36.44719685222572991, 43.59809363281044625 ) ) ;
#1513 = VECTOR ( 'NONE', #3, 1000.000000000000114 ) ;
#1514 = EDGE_CURVE ( 'NONE', #1619, #1394, #1673, .T. ) ;
#1515 = SURFACE_STYLE_USAGE ( .BOTH. , #700 ) ;
#1516 = B_SPLINE_CURVE_WITH_KNOTS ( 'NONE', 3,
 ( #245, #2989, #3571, #212, #3026, #557, #2753, #267, #1408, #328, #2522, #2274, #2842, #2542, #2258, #3111, #3068, #45, #2503, #632, #1194, #82, #2554, #8, #3365, #3129, #3088, #2289, #154, #170, #98, #1257, #2032, #2099, #464, #942, #3430, #664, #2055, #1760, #978, #1780, #3467, #1798, #2086, #684, #2875, #3299, #2157, #1040, #1306, #1884, #3249, #1359 ),
 .UNSPECIFIED., .F., .F.,
 ( 4, 2, 2, 2, 2, 2, 2, 2, 2, 2, 2, 2, 2, 2, 2, 2, 2, 2, 2, 2, 2, 2, 2, 2, 2, 2, 4 ),
 ( 0.000000000000000000, 0.03124999999999966693, 0.06249999999999933387, 0.09374999999999900080, 0.1249999999999986677, 0.1562499999999983347, 0.1874999999999980016, 0.2499999999999983902, 0.3124999999999987788, 0.3437499999999988898, 0.3749999999999990008, 0.4062499999999991118, 0.4374999999999992228, 0.4687499999999993339, 0.4999999999999994449, 0.5312499999999995559, 0.5624999999999996669, 0.5937499999999997780, 0.6249999999999998890, 0.7500000000000002220, 0.7812500000000003331, 0.8125000000000004441, 0.8437500000000005551, 0.8750000000000006661, 0.9062500000000007772, 0.9375000000000008882, 1.000000000000000000 ),
 .UNSPECIFIED. ) ;
#1517 = ORIENTED_EDGE ( 'NONE', *, *, #2050, .F. ) ;
#1518 = DIRECTION ( 'NONE',  ( -6.397590658963290300E-20, -1.000000000000000000, -1.906526924835719514E-20 ) ) ;
#1519 = EDGE_CURVE ( 'NONE', #3117, #1619, #1870, .T. ) ;
#1520 = ORIENTED_EDGE ( 'NONE', *, *, #478, .F. ) ;
#1521 = CARTESIAN_POINT ( 'NONE',  ( 3.774578488788374884E-18, 59.00000000000001421, 1.124850885653082909E-18 ) ) ;
#1522 = FACE_OUTER_BOUND ( 'NONE', #870, .T. ) ;
#1523 = CIRCLE ( 'NONE', #431, 6.600000000000022737 ) ;
#1524 = CARTESIAN_POINT ( 'NONE',  ( 4.999999999999999112, 57.49999999999997868, 32.11308144666283226 ) ) ;
#1525 = CARTESIAN_POINT ( 'NONE',  ( -2.891211307832095511E-16, 8.000000000000000000, 2.499999999999996891 ) ) ;
#1526 = SHAPE_REPRESENTATION ( 'Крепление антенны в сборе', ( #1480, #841, #1203, #1981, #3321 ), #2447 ) ;
#1527 = CARTESIAN_POINT ( 'NONE',  ( -3.674658787550374672, 34.60895201518181352, 42.77333521472937861 ) ) ;
#1528 =( LENGTH_UNIT ( ) NAMED_UNIT ( * ) SI_UNIT ( .MILLI., .METRE. ) );
#1529 = ORIENTED_EDGE ( 'NONE', *, *, #656, .F. ) ;
#1530 = ADVANCED_FACE ( 'NONE', ( #3073 ), #2962, .F. ) ;
#1531 = CARTESIAN_POINT ( 'NONE',  ( -1.300593049505502030, 33.16091092976561328, 32.47557134970828940 ) ) ;
#1532 = DIRECTION ( 'NONE',  ( -6.397590658963344466E-20, -1.000000000000000000, -1.906526924835733357E-20 ) ) ;
#1533 = EDGE_LOOP ( 'NONE', ( #3310, #631, #918, #1410 ) ) ;
#1534 = CARTESIAN_POINT ( 'NONE',  ( 24.01662262032568407, 8.000000000000000000, 26.51638596813738147 ) ) ;
#1535 = AXIS2_PLACEMENT_3D ( 'NONE', #1792, #937, #1013 ) ;
#1536 = CARTESIAN_POINT ( 'NONE',  ( 4.999999999999999112, 58.00000000000000000, 32.11308144666283226 ) ) ;
#1537 = EDGE_CURVE ( 'NONE', #2619, #159, #1427, .T. ) ;
#1538 = DIRECTION ( 'NONE',  ( -1.000000000000000000, 0.000000000000000000, 0.000000000000000000 ) ) ;
#1539 = AXIS2_PLACEMENT_3D ( 'NONE', #1816, #736, #2636 ) ;
#1540 = CARTESIAN_POINT ( 'NONE',  ( -4.044535210447060436, 33.48485838899453171, 43.81378032934984645 ) ) ;
#1541 = CARTESIAN_POINT ( 'NONE',  ( 0.8151072132110658286, 33.06671494613360096, 42.98889679800298325 ) ) ;
#1542 = CARTESIAN_POINT ( 'NONE',  ( 3.710602582198740537E-18, 58.00000000000000000, 1.105785616404725467E-18 ) ) ;
#1543 = FACE_BOUND ( 'NONE', #1272, .T. ) ;
#1544 = AXIS2_PLACEMENT_3D ( 'NONE', #54, #1183, #2280 ) ;
#1545 = CARTESIAN_POINT ( 'NONE',  ( 26.51650429449560775, 8.000000000000000000, -29.51650429449550117 ) ) ;
#1546 = CARTESIAN_POINT ( 'NONE',  ( 29.01662262032568051, 8.000000000000000000, 26.51638596813738147 ) ) ;
#1547 = DIRECTION ( 'NONE',  ( -6.397590658963344466E-20, -1.000000000000000000, -1.906526924835733357E-20 ) ) ;
#1548 = CARTESIAN_POINT ( 'NONE',  ( -3.295965570093200014, 34.23990817761300320, 42.81771856679556265 ) ) ;
#1549 = DIRECTION ( 'NONE',  ( 4.336808689942018352E-17, 1.000000000000000000, 0.000000000000000000 ) ) ;
#1550 = ORIENTED_EDGE ( 'NONE', *, *, #3214, .T. ) ;
#1551 = AXIS2_PLACEMENT_3D ( 'NONE', #2641, #3419, #2862 ) ;
#1552 = LINE ( 'NONE', #2895, #864 ) ;
#1553 = VECTOR ( 'NONE', #3167, 1000.000000000000000 ) ;
#1554 = DIRECTION ( 'NONE',  ( -1.000000000000000000, 0.000000000000000000, 0.000000000000000000 ) ) ;
#1555 = VERTEX_POINT ( 'NONE', #3555 ) ;
#1556 = AXIS2_PLACEMENT_3D ( 'NONE', #1163, #2494, #854 ) ;
#1557 = EDGE_CURVE ( 'NONE', #3372, #1027, #1523, .T. ) ;
#1558 = VECTOR ( 'NONE', #1532, 1000.000000000000000 ) ;
#1559 = CARTESIAN_POINT ( 'NONE',  ( -3.293845013828858637, 34.23738194343592056, 42.81801271531804076 ) ) ;
#1560 = CARTESIAN_POINT ( 'NONE',  ( 4.000000000000001776, 58.00000000000000000, -35.00000000000000000 ) ) ;
#1561 = ADVANCED_FACE ( 'NONE', ( #1390 ), #1368, .F. ) ;
#1562 = CARTESIAN_POINT ( 'NONE',  ( 26.51662262032568407, 79.50000000000000000, 29.61638596813738289 ) ) ;
#1563 = DIRECTION ( 'NONE',  ( 6.397590658963334837E-20, 1.000000000000000000, 1.906526924835732755E-20 ) ) ;
#1564 = AXIS2_PLACEMENT_3D ( 'NONE', #1447, #652, #904 ) ;
#1565 = LINE ( 'NONE', #2360, #532 ) ;
#1566 = VERTEX_POINT ( 'NONE', #1197 ) ;
#1567 = CIRCLE ( 'NONE', #2140, 29.00000000000002132 ) ;
#1568 = CARTESIAN_POINT ( 'NONE',  ( -29.01638596813748094, 8.000000000000000000, 26.51662262032558104 ) ) ;
#1569 = VERTEX_POINT ( 'NONE', #2815 ) ;
#1570 = EDGE_LOOP ( 'NONE', ( #1980, #905, #2020, #1361, #584 ) ) ;
#1571 = CARTESIAN_POINT ( 'NONE',  ( 3.113380052170296786, 34.08749203210235379, 42.83739667715867228 ) ) ;
#1572 = CARTESIAN_POINT ( 'NONE',  ( 29.01638596813747739, 58.00000000000000000, -26.51662262032558459 ) ) ;
#1573 = ADVANCED_FACE ( 'NONE', ( #334 ), #662, .T. ) ;
#1574 = DIRECTION ( 'NONE',  ( -1.000000000000000000, -4.336808689942018352E-17, 0.000000000000000000 ) ) ;
#1575 = CARTESIAN_POINT ( 'NONE',  ( -3.231915777929973643, 34.18406368557199926, 42.82481273008096423 ) ) ;
#1576 = CIRCLE ( 'NONE', #1017, 4.000000000000001776 ) ;
#1577 = DIRECTION ( 'NONE',  ( 6.397590658963344466E-20, 1.000000000000000000, 1.906526924835733357E-20 ) ) ;
#1578 = ADVANCED_FACE ( 'NONE', ( #1209 ), #907, .F. ) ;
#1579 = DIRECTION ( 'NONE',  ( 6.397590658963344466E-20, 1.000000000000000000, 1.906526924835733357E-20 ) ) ;
#1580 = DIRECTION ( 'NONE',  ( -1.865879172627007192E-36, -1.000000000000000000, -3.009265538105058025E-36 ) ) ;
#1581 = AXIS2_PLACEMENT_3D ( 'NONE', #1506, #111, #766 ) ;
#1582 = CARTESIAN_POINT ( 'NONE',  ( -6.139534789078586741, 57.49999999999999289, 43.56955488151896816 ) ) ;
#1583 = CARTESIAN_POINT ( 'NONE',  ( 3.673940397442058882E-16, 83.00000000000000000, -28.00000000000000000 ) ) ;
#1584 = ORIENTED_EDGE ( 'NONE', *, *, #840, .T. ) ;
#1585 = ORIENTED_EDGE ( 'NONE', *, *, #2085, .T. ) ;
#1586 = CARTESIAN_POINT ( 'NONE',  ( 32.50000000000000711, 57.49999999999997868, 3.981198350210679886E-15 ) ) ;
#1587 = CARTESIAN_POINT ( 'NONE',  ( -4.000000000000001776, 83.00000000000000000, -35.00000000000000000 ) ) ;
#1588 = ORIENTED_EDGE ( 'NONE', *, *, #790, .F. ) ;
#1589 = DIRECTION ( 'NONE',  ( 0.000000000000000000, 0.000000000000000000, 1.000000000000000000 ) ) ;
#1590 = CARTESIAN_POINT ( 'NONE',  ( 2.761990312019851235, 33.83208277194815849, 42.87207660842803136 ) ) ;
#1591 = CIRCLE ( 'NONE', #130, 32.50000000000000711 ) ;
#1592 = DIRECTION ( 'NONE',  ( -8.470329472542997748E-22, 3.009265538105054016E-36, 1.000000000000000000 ) ) ;
#1593 = CARTESIAN_POINT ( 'NONE',  ( 26.51662262032568407, 58.00000000000000000, 26.51638596813738147 ) ) ;
#1594 = CARTESIAN_POINT ( 'NONE',  ( -2.284415405578156921, 33.55160426003082819, 42.91261964066823253 ) ) ;
#1595 = AXIS2_PLACEMENT_3D ( 'NONE', #3460, #2130, #2921 ) ;
#1596 = FACE_OUTER_BOUND ( 'NONE', #709, .T. ) ;
#1597 = VERTEX_POINT ( 'NONE', #593 ) ;
#1598 = EDGE_CURVE ( 'NONE', #1503, #2869, #408, .T. ) ;
#1599 = ORIENTED_EDGE ( 'NONE', *, *, #784, .T. ) ;
#1600 = CARTESIAN_POINT ( 'NONE',  ( 4.593353099293110198, 36.02472482552318667, 42.64525678292928745 ) ) ;
#1601 = DIRECTION ( 'NONE',  ( -6.397590658963344466E-20, -1.000000000000000000, -1.906526924835733357E-20 ) ) ;
#1602 = EDGE_LOOP ( 'NONE', ( #3217, #3132, #3017, #2343, #1749 ) ) ;
#1603 = DIRECTION ( 'NONE',  ( -6.397590658963344466E-20, -1.000000000000000000, -1.906526924835733357E-20 ) ) ;
#1604 = EDGE_CURVE ( 'NONE', #2793, #1207, #2644, .T. ) ;
#1605 = MECHANICAL_DESIGN_GEOMETRIC_PRESENTATION_REPRESENTATION (  '', ( #3284 ), #1107 ) ;
#1606 = CARTESIAN_POINT ( 'NONE',  ( -3.071321226812736338, 32.80101883943058283, 43.89303450264714712 ) ) ;
#1607 = DIRECTION ( 'NONE',  ( -1.000000000000000000, 6.397590658963344466E-20, 0.000000000000000000 ) ) ;
#1608 = DIRECTION ( 'NONE',  ( -1.000000000000000000, 0.000000000000000000, 0.000000000000000000 ) ) ;
#1609 = ORIENTED_EDGE ( 'NONE', *, *, #1400, .F. ) ;
#1610 = DIRECTION ( 'NONE',  ( -1.000000000000000000, 0.000000000000000000, 0.000000000000000000 ) ) ;
#1611 = EDGE_LOOP ( 'NONE', ( #435, #3031, #1419, #2558, #3428, #1099, #524 ) ) ;
#1612 = CARTESIAN_POINT ( 'NONE',  ( 23.41638596813747952, 83.00000000000000000, -26.51662262032558459 ) ) ;
#1613 = UNCERTAINTY_MEASURE_WITH_UNIT (LENGTH_MEASURE( 1.000000000000000082E-05 ), #820, 'distance_accuracy_value', 'NONE');
#1614 = DIRECTION ( 'NONE',  ( -6.397590658963344466E-20, -1.000000000000000000, -1.906526924835733357E-20 ) ) ;
#1615 = CARTESIAN_POINT ( 'NONE',  ( 0.000000000000000000, 83.00000000000000000, -25.00000000000000000 ) ) ;
#1616 = AXIS2_PLACEMENT_3D ( 'NONE', #741, #5, #1918 ) ;
#1617 = CARTESIAN_POINT ( 'NONE',  ( 33.00000000000000711, 8.000000000000000000, 1.525221539868586926E-19 ) ) ;
#1618 = DIRECTION ( 'NONE',  ( 0.000000000000000000, 0.000000000000000000, -1.000000000000000000 ) ) ;
#1619 = VERTEX_POINT ( 'NONE', #2520 ) ;
#1620 = ADVANCED_FACE ( 'NONE', ( #3302 ), #2476, .F. ) ;
#1621 = ORIENTED_EDGE ( 'NONE', *, *, #1971, .T. ) ;
#1622 = EDGE_CURVE ( 'NONE', #2222, #1745, #1232, .T. ) ;
#1623 = CARTESIAN_POINT ( 'NONE',  ( 3.053513871612586250, 34.04028863806023963, 42.84362471729675548 ) ) ;
#1624 = DIRECTION ( 'NONE',  ( -1.000000000000000000, 0.000000000000000000, 0.000000000000000000 ) ) ;
#1625 = CARTESIAN_POINT ( 'NONE',  ( 1.654361225106055350E-21, 8.000000000000000000, -3.000000000000003553 ) ) ;
#1626 = CARTESIAN_POINT ( 'NONE',  ( 4.999999999999999112, 58.00000000000000000, 42.57933784517401676 ) ) ;
#1627 = CYLINDRICAL_SURFACE ( 'NONE', #2912, 2.999999999999995559 ) ;
#1628 = VECTOR ( 'NONE', #1592, 1000.000000000000000 ) ;
#1629 = CARTESIAN_POINT ( 'NONE',  ( -44.00000000000002842, 4.000000000000000000, -5.293955920339377119E-20 ) ) ;
#1630 = DIRECTION ( 'NONE',  ( -8.470329472542997748E-22, 0.000000000000000000, 1.000000000000000000 ) ) ;
#1631 = VERTEX_POINT ( 'NONE', #2733 ) ;
#1632 = CARTESIAN_POINT ( 'NONE',  ( -2.478947174435213174, 33.65469580631735624, 42.89730001949595817 ) ) ;
#1633 = CARTESIAN_POINT ( 'NONE',  ( 0.000000000000000000, 0.000000000000000000, 0.000000000000000000 ) ) ;
#1634 = VERTEX_POINT ( 'NONE', #2194 ) ;
#1635 = CARTESIAN_POINT ( 'NONE',  ( -5.000000000000000888, 37.83739718116517281, 42.57933784517400966 ) ) ;
#1636 = ORIENTED_EDGE ( 'NONE', *, *, #3221, .T. ) ;
#1637 = LINE ( 'NONE', #852, #795 ) ;
#1638 = CARTESIAN_POINT ( 'NONE',  ( 5.118072527170678462E-19, 8.000000000000000000, 1.525221539868586926E-19 ) ) ;
#1639 = ADVANCED_FACE ( 'NONE', ( #1647 ), #2929, .T. ) ;
#1640 = VERTEX_POINT ( 'NONE', #463 ) ;
#1641 = DIRECTION ( 'NONE',  ( 8.470329472542997748E-22, -3.009265538105054016E-36, -1.000000000000000000 ) ) ;
#1642 = EDGE_CURVE ( 'NONE', #730, #209, #872, .T. ) ;
#1643 = SURFACE_SIDE_STYLE ('',( #2731 ) ) ;
#1644 = CARTESIAN_POINT ( 'NONE',  ( 0.000000000000000000, 0.000000000000000000, 0.000000000000000000 ) ) ;
#1645 = DIRECTION ( 'NONE',  ( -1.865879172627007192E-36, -1.000000000000000000, -3.009265538105058025E-36 ) ) ;
#1646 = CONICAL_SURFACE ( 'NONE', #2800, 43.00000000000002132, 0.7853981633974415066 ) ;
#1647 = FACE_OUTER_BOUND ( 'NONE', #527, .T. ) ;
#1648 = CARTESIAN_POINT ( 'NONE',  ( -1.927861837293946445, 33.38660261250904426, 42.93772378088070241 ) ) ;
#1649 = DIRECTION ( 'NONE',  ( 1.000000000000000000, 0.000000000000000000, 0.000000000000000000 ) ) ;
#1650 = ORIENTED_EDGE ( 'NONE', *, *, #3183, .F. ) ;
#1651 = AXIS2_PLACEMENT_3D ( 'NONE', #292, #1603, #1654 ) ;
#1652 = LINE ( 'NONE', #3594, #2658 ) ;
#1653 = ORIENTED_EDGE ( 'NONE', *, *, #598, .T. ) ;
#1654 = DIRECTION ( 'NONE',  ( 1.000000000000000000, 0.000000000000000000, 0.000000000000000000 ) ) ;
#1655 = CARTESIAN_POINT ( 'NONE',  ( -4.832380771016780763, 36.70575540748012600, 32.13876816666515879 ) ) ;
#1656 = ORIENTED_EDGE ( 'NONE', *, *, #878, .T. ) ;
#1657 = CARTESIAN_POINT ( 'NONE',  ( 4.458791348734965965, 35.73597179062353746, 42.66587230474925008 ) ) ;
#1658 = VERTEX_POINT ( 'NONE', #3509 ) ;
#1659 = DIRECTION ( 'NONE',  ( -1.865879172627007192E-36, -1.000000000000000000, -3.009265538105058025E-36 ) ) ;
#1660 = FACE_BOUND ( 'NONE', #3350, .T. ) ;
#1661 = CONICAL_SURFACE ( 'NONE', #760, 44.00000000000000000, 0.7853981633974482790 ) ;
#1662 = CARTESIAN_POINT ( 'NONE',  ( 5.437952060118832866E-19, 8.499999999999980460, 1.620547886110370525E-19 ) ) ;
#1663 = EDGE_CURVE ( 'NONE', #3099, #1903, #94, .T. ) ;
#1664 = EDGE_LOOP ( 'NONE', ( #3096, #3469, #1983, #327, #1686, #425 ) ) ;
#1665 = EDGE_CURVE ( 'NONE', #104, #1084, #2843, .T. ) ;
#1666 = CARTESIAN_POINT ( 'NONE',  ( 3.710602582198741307E-18, 58.00000000000000000, 1.105785616404725467E-18 ) ) ;
#1667 = CARTESIAN_POINT ( 'NONE',  ( -2.189952770766566914, 33.50442602687773785, 42.91967888057375546 ) ) ;
#1668 = VECTOR ( 'NONE', #3475, 1000.000000000000000 ) ;
#1669 = VECTOR ( 'NONE', #2007, 1000.000000000000000 ) ;
#1670 = ORIENTED_EDGE ( 'NONE', *, *, #1069, .F. ) ;
#1671 = FACE_OUTER_BOUND ( 'NONE', #801, .T. ) ;
#1672 = VERTEX_POINT ( 'NONE', #3227 ) ;
#1673 = LINE ( 'NONE', #1690, #3152 ) ;
#1674 = EDGE_LOOP ( 'NONE', ( #2802, #2835, #2335, #687 ) ) ;
#1675 = CARTESIAN_POINT ( 'NONE',  ( 4.543496291151793542, 35.91238374739000250, 42.65296244405749349 ) ) ;
#1676 = ORIENTED_EDGE ( 'NONE', *, *, #261, .T. ) ;
#1677 = CARTESIAN_POINT ( 'NONE',  ( -26.51662262032568762, 58.00000000000000000, -26.51638596813737792 ) ) ;
#1678 = CIRCLE ( 'NONE', #3478, 6.600000000000019185 ) ;
#1679 = CIRCLE ( 'NONE', #162, 2.499999999999998668 ) ;
#1680 = DIRECTION ( 'NONE',  ( -4.336808689942018352E-17, 1.000000000000000000, 6.139225580366208819E-18 ) ) ;
#1681 = ORIENTED_EDGE ( 'NONE', *, *, #1729, .F. ) ;
#1682 = EDGE_CURVE ( 'NONE', #578, #1324, #930, .T. ) ;
#1683 = ORIENTED_EDGE ( 'NONE', *, *, #3336, .F. ) ;
#1684 = CARTESIAN_POINT ( 'NONE',  ( -2.791773709265632952, 33.85197818926409496, 42.86929819264481978 ) ) ;
#1685 = ORIENTED_EDGE ( 'NONE', *, *, #3038, .F. ) ;
#1686 = ORIENTED_EDGE ( 'NONE', *, *, #2074, .T. ) ;
#1687 = ADVANCED_FACE ( 'NONE', ( #428 ), #3481, .T. ) ;
#1688 = ORIENTED_EDGE ( 'NONE', *, *, #568, .T. ) ;
#1689 = CARTESIAN_POINT ( 'NONE',  ( 26.51638596813748094, 58.00000000000000000, -26.51662262032558459 ) ) ;
#1690 = CARTESIAN_POINT ( 'NONE',  ( -2.100000000000002309, 0.000000000000000000, -33.00000000000002842 ) ) ;
#1691 = ADVANCED_FACE ( 'NONE', ( #893 ), #2076, .F. ) ;
#1692 = CARTESIAN_POINT ( 'NONE',  ( -4.737032285261896014, 36.39142979334251038, 32.15296017966509368 ) ) ;
#1693 = VERTEX_POINT ( 'NONE', #227 ) ;
#1694 = CIRCLE ( 'NONE', #1581, 2.499999999999998668 ) ;
#1695 = CARTESIAN_POINT ( 'NONE',  ( -29.00000000000002842, 8.000000000000000000, -2.646977960169688560E-20 ) ) ;
#1696 = CARTESIAN_POINT ( 'NONE',  ( 0.000000000000000000, 83.00000000000000000, -25.00000000000000000 ) ) ;
#1697 = ORIENTED_EDGE ( 'NONE', *, *, #1418, .T. ) ;
#1698 = DIRECTION ( 'NONE',  ( 0.000000000000000000, 0.000000000000000000, -1.000000000000000000 ) ) ;
#1699 = CARTESIAN_POINT ( 'NONE',  ( 2.286108561492153246, 33.55248524368641228, 42.91248840709205581 ) ) ;
#1700 = DIRECTION ( 'NONE',  ( 0.000000000000000000, 0.000000000000000000, 1.000000000000000000 ) ) ;
#1701 = EDGE_LOOP ( 'NONE', ( #689, #2226, #2093, #1173 ) ) ;
#1702 = DIRECTION ( 'NONE',  ( 6.397590658963344466E-20, 1.000000000000000000, 1.906526924835733357E-20 ) ) ;
#1703 = CARTESIAN_POINT ( 'NONE',  ( -44.00000000000002842, 8.000000000000000000, -5.293955920339377119E-20 ) ) ;
#1704 = ORIENTED_EDGE ( 'NONE', *, *, #1020, .F. ) ;
#1705 = ORIENTED_EDGE ( 'NONE', *, *, #3193, .T. ) ;
#1706 = CARTESIAN_POINT ( 'NONE',  ( 4.872128780307015461, 34.34776713000216830, 43.72946395892984128 ) ) ;
#1707 = VECTOR ( 'NONE', #3045, 1000.000000000000000 ) ;
#1708 = CYLINDRICAL_SURFACE ( 'NONE', #881, 2.999999999999995559 ) ;
#1709 = CARTESIAN_POINT ( 'NONE',  ( -27.52066431482230513, 83.00000000000000000, -33.03956772826889932 ) ) ;
#1710 = CARTESIAN_POINT ( 'NONE',  ( -4.762647968846215996, 36.47558678011564837, 42.61853150027249626 ) ) ;
#1711 = CARTESIAN_POINT ( 'NONE',  ( 29.61638596813747881, 83.00000000000000000, -26.51662262032558459 ) ) ;
#1712 = EDGE_CURVE ( 'NONE', #2368, #1908, #3415, .T. ) ;
#1713 = CARTESIAN_POINT ( 'NONE',  ( -26.51638596813748450, 83.00000000000000000, 33.11662262032560733 ) ) ;
#1714 = ORIENTED_EDGE ( 'NONE', *, *, #2708, .T. ) ;
#1715 = DIRECTION ( 'NONE',  ( 0.000000000000000000, 0.000000000000000000, 1.000000000000000000 ) ) ;
#1716 = AXIS2_PLACEMENT_3D ( 'NONE', #1542, #1863, #1607 ) ;
#1718 = EDGE_CURVE ( 'NONE', #988, #2061, #521, .T. ) ;
#1717 = CARTESIAN_POINT ( 'NONE',  ( 3.975647701274792389, 34.96669139256141534, 42.73457090078903065 ) ) ;
#1719 = VERTEX_POINT ( 'NONE', #643 ) ;
#1720 = DIRECTION ( 'NONE',  ( 1.865879172627007192E-36, 1.000000000000000000, 3.009265538105058025E-36 ) ) ;
#1721 = ORIENTED_EDGE ( 'NONE', *, *, #1016, .T. ) ;
#1722 = FACE_OUTER_BOUND ( 'NONE', #2245, .T. ) ;
#1723 = PRESENTATION_LAYER_ASSIGNMENT (  '', '', ( #3284 ) ) ;
#1724 = DIRECTION ( 'NONE',  ( -0.000000000000000000, 1.000000000000000000, -0.000000000000000000 ) ) ;
#1725 = DIRECTION ( 'NONE',  ( -1.000000000000000000, 0.000000000000000000, 0.000000000000000000 ) ) ;
#1726 = ORIENTED_EDGE ( 'NONE', *, *, #2595, .F. ) ;
#1727 = AXIS2_PLACEMENT_3D ( 'NONE', #3552, #3271, #2993 ) ;
#1728 = EDGE_LOOP ( 'NONE', ( #1584, #3403, #842, #1837, #1193, #613, #1169, #1926, #618, #20 ) ) ;
#1729 = EDGE_CURVE ( 'NONE', #1335, #2312, #271, .T. ) ;
#1730 = CIRCLE ( 'NONE', #525, 3.099999999999998757 ) ;
#1731 = DIRECTION ( 'NONE',  ( -8.470329472542996808E-22, 0.000000000000000000, 1.000000000000000000 ) ) ;
#1732 = ORIENTED_EDGE ( 'NONE', *, *, #2708, .F. ) ;
#1733 = DIRECTION ( 'NONE',  ( 1.865879172627007192E-36, 1.000000000000000000, -3.009265538105054016E-36 ) ) ;
#1734 = ADVANCED_FACE ( 'NONE', ( #3298 ), #3515, .F. ) ;
#1735 = ITEM_DEFINED_TRANSFORMATION ( 'NONE', 'NONE', #1203,  #2616 ) ;
#1736 = CARTESIAN_POINT ( 'NONE',  ( -23.41662262032568975, 83.00000000000000000, -26.51638596813737792 ) ) ;
#1737 = MECHANICAL_DESIGN_GEOMETRIC_PRESENTATION_REPRESENTATION (  '', ( #1962 ), #704 ) ;
#1738 = CARTESIAN_POINT ( 'NONE',  ( 0.000000000000000000, 0.000000000000000000, 0.000000000000000000 ) ) ;
#1739 = DIRECTION ( 'NONE',  ( -1.000000000000000000, 0.000000000000000000, 0.000000000000000000 ) ) ;
#1740 = DIRECTION ( 'NONE',  ( 1.000000000000000000, 1.865879172627004853E-36, 8.470329472542997748E-22 ) ) ;
#1741 = FACE_OUTER_BOUND ( 'NONE', #2598, .T. ) ;
#1742 = CARTESIAN_POINT ( 'NONE',  ( 0.000000000000000000, 0.000000000000000000, 0.000000000000000000 ) ) ;
#1743 = DIRECTION ( 'NONE',  ( 1.000000000000000000, 0.000000000000000000, 0.000000000000000000 ) ) ;
#1744 = EDGE_LOOP ( 'NONE', ( #3086, #1636, #764, #2666, #326, #2999 ) ) ;
#1745 = VERTEX_POINT ( 'NONE', #3173 ) ;
#1746 = SURFACE_SIDE_STYLE ('',( #3136 ) ) ;
#1747 = ORIENTED_EDGE ( 'NONE', *, *, #1167, .F. ) ;
#1748 = CARTESIAN_POINT ( 'NONE',  ( 43.00000000000002132, 83.00000000000000000, 1.572884712989480194E-18 ) ) ;
#1749 = ORIENTED_EDGE ( 'NONE', *, *, #857, .F. ) ;
#1750 = EDGE_CURVE ( 'NONE', #3517, #2643, #2823, .T. ) ;
#1751 = CARTESIAN_POINT ( 'NONE',  ( -26.51650429449560420, -9.027796614315189443E-36, -23.51650429449550117 ) ) ;
#1752 = DIRECTION ( 'NONE',  ( -8.470329472542997748E-22, 3.009265538105054016E-36, 1.000000000000000000 ) ) ;
#1753 = AXIS2_PLACEMENT_3D ( 'NONE', #2374, #2118, #2951 ) ;
#1754 = CARTESIAN_POINT ( 'NONE',  ( -29.00000000000002842, 4.000000000000000000, -2.646977960169688560E-20 ) ) ;
#1755 = ADVANCED_FACE ( 'NONE', ( #3204 ), #90, .F. ) ;
#1756 = CARTESIAN_POINT ( 'NONE',  ( 26.51638596813748094, 83.00000000000000000, -26.51662262032558459 ) ) ;
#1757 = DIRECTION ( 'NONE',  ( -1.000000000000000000, 0.000000000000000000, 0.000000000000000000 ) ) ;
#1758 = DIRECTION ( 'NONE',  ( -6.397590658963344466E-20, -1.000000000000000000, -1.906526924835733357E-20 ) ) ;
#1759 = CARTESIAN_POINT ( 'NONE',  ( 4.411921395525013168, 33.82636687285096855, 43.77830510712749401 ) ) ;
#1760 = CARTESIAN_POINT ( 'NONE',  ( -4.480971839166237203, 33.89367614969590647, 43.77146745693804064 ) ) ;
#1761 = CARTESIAN_POINT ( 'NONE',  ( 4.999999999999999112, 58.00000000000000000, 32.61901286060021476 ) ) ;
#1762 = CARTESIAN_POINT ( 'NONE',  ( -3.959576604545679501, 34.94631359572127849, 42.73669872798845404 ) ) ;
#1763 = CARTESIAN_POINT ( 'NONE',  ( 31.26057783454867689, 82.46219495699396873, -30.30561599761293223 ) ) ;
#1764 = EDGE_LOOP ( 'NONE', ( #399, #3172, #701, #1747, #270 ) ) ;
#1765 = CIRCLE ( 'NONE', #2109, 3.099999999999998757 ) ;
#1766 = CARTESIAN_POINT ( 'NONE',  ( 3.710602582198740537E-18, 58.00000000000000000, 1.105785616404725467E-18 ) ) ;
#1767 = AXIS2_PLACEMENT_3D ( 'NONE', #1677, #2455, #547 ) ;
#1768 = ORIENTED_EDGE ( 'NONE', *, *, #947, .F. ) ;
#1769 = LINE ( 'NONE', #1695, #2234 ) ;
#1770 = AXIS2_PLACEMENT_3D ( 'NONE', #3414, #1252, #1739 ) ;
#1771 = CARTESIAN_POINT ( 'NONE',  ( 1.876970155055022849, 33.36566114633669855, 42.94097068325159938 ) ) ;
#1772 = CARTESIAN_POINT ( 'NONE',  ( 1.841277610488371463, 33.35066454272563163, 42.94328973933673410 ) ) ;
#1773 = DIRECTION ( 'NONE',  ( 6.397590658963334837E-20, 1.000000000000000000, 1.906526924835732755E-20 ) ) ;
#1774 = LINE ( 'NONE', #362, #193 ) ;
#1775 = EDGE_CURVE ( 'NONE', #354, #1634, #712, .T. ) ;
#1776 = FACE_OUTER_BOUND ( 'NONE', #2497, .T. ) ;
#1777 = EDGE_LOOP ( 'NONE', ( #1956, #452 ) ) ;
#1778 = CARTESIAN_POINT ( 'NONE',  ( -4.328987532508024927, 35.49267809812052832, 42.68516118182714081 ) ) ;
#1779 = CARTESIAN_POINT ( 'NONE',  ( -26.51638596813748450, 83.00000000000000000, 26.51662262032558104 ) ) ;
#1780 = CARTESIAN_POINT ( 'NONE',  ( -4.870718572163306170, 34.34207429979485227, 43.72976568002579256 ) ) ;
#1781 = EDGE_CURVE ( 'NONE', #1259, #88, #2366, .T. ) ;
#1782 = CARTESIAN_POINT ( 'NONE',  ( -3.875778273612228819, 34.84113977308560095, 42.74773520135477156 ) ) ;
#1783 = DIRECTION ( 'NONE',  ( 0.000000000000000000, 1.000000000000000000, 0.000000000000000000 ) ) ;
#1784 = ORIENTED_EDGE ( 'NONE', *, *, #835, .F. ) ;
#1785 = VERTEX_POINT ( 'NONE', #424 ) ;
#1786 = DIRECTION ( 'NONE',  ( -6.397590658963344466E-20, -1.000000000000000000, -1.906526924835733357E-20 ) ) ;
#1787 = CARTESIAN_POINT ( 'NONE',  ( 5.310000246939576882E-18, 83.00000000000000000, 1.582417347613658819E-18 ) ) ;
#1788 = EDGE_LOOP ( 'NONE', ( #33, #2816, #3373, #3364 ) ) ;
#1789 = DIRECTION ( 'NONE',  ( -6.397590658963344466E-20, -1.000000000000000000, -1.906526924835733357E-20 ) ) ;
#1790 = CARTESIAN_POINT ( 'NONE',  ( 2.052912550949666848, 33.43848927821786532, 42.92968799872700458 ) ) ;
#1791 = CARTESIAN_POINT ( 'NONE',  ( 4.112676067825344894, 35.15525426602380321, 42.71588355959053018 ) ) ;
#1792 = CARTESIAN_POINT ( 'NONE',  ( 0.000000000000000000, 8.000000000000000000, 0.000000000000000000 ) ) ;
#1793 = FACE_OUTER_BOUND ( 'NONE', #3395, .T. ) ;
#1794 = CARTESIAN_POINT ( 'NONE',  ( 26.51662262032568407, 79.50000000000000000, 23.41638596813738360 ) ) ;
#1795 = PRODUCT_DEFINITION ( 'UNKNOWN', '', #1430, #1338 ) ;
#1796 = CIRCLE ( 'NONE', #1855, 4.000000000000001776 ) ;
#1797 = VECTOR ( 'NONE', #3287, 1000.000000000000000 ) ;
#1798 = CARTESIAN_POINT ( 'NONE',  ( -5.212679341973625924, 34.82392525152910423, 43.69028033887797591 ) ) ;
#1799 = CARTESIAN_POINT ( 'NONE',  ( 32.43777118806563919, 82.69817287614577594, 28.68699712769312882 ) ) ;
#1800 = PLANE ( 'NONE',  #3125 ) ;
#1801 = VERTEX_POINT ( 'NONE', #3156 ) ;
#1802 = ADVANCED_FACE ( 'NONE', ( #2611 ), #1954, .T. ) ;
#1803 = CARTESIAN_POINT ( 'NONE',  ( 1.296183068890617296, 33.15986673162728948, 32.47572803887550208 ) ) ;
#1804 = DIRECTION ( 'NONE',  ( -1.000000000000000000, 0.000000000000000000, 0.000000000000000000 ) ) ;
#1805 = FACE_OUTER_BOUND ( 'NONE', #1602, .T. ) ;
#1806 = ORIENTED_EDGE ( 'NONE', *, *, #2792, .T. ) ;
#1807 = FACE_OUTER_BOUND ( 'NONE', #3592, .T. ) ;
#1808 = CARTESIAN_POINT ( 'NONE',  ( -29.51673806520935983, 82.54674915295794335, -31.89130067616559927 ) ) ;
#1809 = VERTEX_POINT ( 'NONE', #2022 ) ;
#1810 = CARTESIAN_POINT ( 'NONE',  ( -0.3187273403059007748, 32.99976237896904507, 43.00003936393695625 ) ) ;
#1811 = PLANE ( 'NONE',  #1716 ) ;
#1812 = AXIS2_PLACEMENT_3D ( 'NONE', #1068, #2096, #164 ) ;
#1813 = CYLINDRICAL_SURFACE ( 'NONE', #3293, 4.000000000000001776 ) ;
#1814 = ORIENTED_EDGE ( 'NONE', *, *, #1665, .T. ) ;
#1815 = CARTESIAN_POINT ( 'NONE',  ( 26.51662262032568407, 58.00000000000000000, 26.51638596813738147 ) ) ;
#1816 = CARTESIAN_POINT ( 'NONE',  ( 5.437952060118839607E-19, 8.499999999999992895, 1.620547886110372451E-19 ) ) ;
#1817 = DIRECTION ( 'NONE',  ( -1.000000000000000000, -1.865879172627004853E-36, -8.470329472542997748E-22 ) ) ;
#1818 = STYLED_ITEM ( 'NONE', ( #3027 ), #3194 ) ;
#1819 = DIRECTION ( 'NONE',  ( -1.000000000000000000, 0.000000000000000000, 0.000000000000000000 ) ) ;
#1820 = B_SPLINE_CURVE_WITH_KNOTS ( 'NONE', 3,
 ( #31, #1123, #2207, #3312, #1655, #1692, #1977, #3095, #336, #2545, #51, #1198, #1997, #703, #2846, #2596, #1531, #965, #2331, #2893, #2879, #1803, #2311, #375, #419, #2606, #3471, #1004, #1489, #2830, #119, #3451, #350, #3405, #1311, #1838, #2690, #2380 ),
 .UNSPECIFIED., .F., .F.,
 ( 4, 2, 2, 2, 2, 2, 2, 2, 2, 2, 2, 2, 2, 2, 2, 2, 2, 2, 4 ),
 ( 0.000000000000000000, 0.0009782318277341299148, 0.001467347741601195089, 0.001956463655468260263, 0.002934695483202409694, 0.003912927310936558691, 0.004891159138670707687, 0.005869390966404858419, 0.006847622794139007416, 0.007825854621873159014, 0.008804086449607310613, 0.009782318277341458743, 0.01027143419120853801, 0.01076055010507561728, 0.01173878193280976714, 0.01271701376054391701, 0.01369524558827806340, 0.01467347741601221327, 0.01565170924374636313 ),
 .UNSPECIFIED. ) ;
#1821 = ORIENTED_EDGE ( 'NONE', *, *, #1230, .F. ) ;
#1822 = CARTESIAN_POINT ( 'NONE',  ( 5.310000246939576882E-18, 83.00000000000000000, 1.582417347613658819E-18 ) ) ;
#1823 = ORIENTED_EDGE ( 'NONE', *, *, #2684, .F. ) ;
#1824 = EDGE_CURVE ( 'NONE', #3327, #2139, #3488, .T. ) ;
#1825 = DIRECTION ( 'NONE',  ( 1.000000000000000000, 0.000000000000000000, 0.000000000000000000 ) ) ;
#1826 = VERTEX_POINT ( 'NONE', #196 ) ;
#1827 = AXIS2_PLACEMENT_3D ( 'NONE', #715, #1318, #1610 ) ;
#1828 = ADVANCED_FACE ( 'NONE', ( #217 ), #2997, .T. ) ;
#1829 = AXIS2_PLACEMENT_3D ( 'NONE', #865, #1937, #305 ) ;
#1830 = CARTESIAN_POINT ( 'NONE',  ( 4.760979363078017279, 36.47033549239534977, 42.61878086125373954 ) ) ;
#1831 = CIRCLE ( 'NONE', #19, 3.099999999999998757 ) ;
#1832 = ORIENTED_EDGE ( 'NONE', *, *, #3361, .F. ) ;
#1833 = DIRECTION ( 'NONE',  ( -1.865879172627007192E-36, -1.000000000000000000, -3.009265538105058025E-36 ) ) ;
#1834 = LINE ( 'NONE', #2131, #1628 ) ;
#1835 = ORIENTED_EDGE ( 'NONE', *, *, #3038, .T. ) ;
#1836 = FACE_OUTER_BOUND ( 'NONE', #2537, .T. ) ;
#1837 = ORIENTED_EDGE ( 'NONE', *, *, #2684, .T. ) ;
#1838 = CARTESIAN_POINT ( 'NONE',  ( 4.966768757299365511, 37.33801083914316621, 32.11830379734117002 ) ) ;
#1839 = CARTESIAN_POINT ( 'NONE',  ( -26.51662262032568762, 58.00000000000000000, -26.51638596813737792 ) ) ;
#1840 = ORIENTED_EDGE ( 'NONE', *, *, #1514, .T. ) ;
#1841 = EDGE_CURVE ( 'NONE', #1555, #1153, #2672, .T. ) ;
#1842 = EDGE_LOOP ( 'NONE', ( #725, #427, #2165, #1180 ) ) ;
#1843 = AXIS2_PLACEMENT_3D ( 'NONE', #2444, #914, #1630 ) ;
#1844 = CARTESIAN_POINT ( 'NONE',  ( -5.458404542603910947, 35.25145760336882006, 43.66014353494376365 ) ) ;
#1845 = CARTESIAN_POINT ( 'NONE',  ( 3.299859554789183580, 34.24002278539909128, 42.81755146096003983 ) ) ;
#1846 = AXIS2_PLACEMENT_3D ( 'NONE', #2740, #3308, #2557 ) ;
#1847 = CARTESIAN_POINT ( 'NONE',  ( 3.678614628903922978E-18, 57.49999999999999289, 1.096252981780546650E-18 ) ) ;
#1848 = EDGE_CURVE ( 'NONE', #2914, #988, #3256, .T. ) ;
#1849 = CARTESIAN_POINT ( 'NONE',  ( -3.415348669178936092, 34.34731495258456846, 42.80430283569700123 ) ) ;
#1850 = CYLINDRICAL_SURFACE ( 'NONE', #2257, 3.099999999999998757 ) ;
#1851 = DIRECTION ( 'NONE',  ( -6.397590658963344466E-20, -1.000000000000000000, -1.906526924835733357E-20 ) ) ;
#1852 = CARTESIAN_POINT ( 'NONE',  ( -26.51662262032568762, 58.00000000000000000, -26.51638596813737792 ) ) ;
#1853 = LINE ( 'NONE', #1617, #517 ) ;
#1854 = CARTESIAN_POINT ( 'NONE',  ( -5.972402938819663554, 57.66713184449591267, 43.42432297896683480 ) ) ;
#1855 = AXIS2_PLACEMENT_3D ( 'NONE', #2629, #139, #1554 ) ;
#1856 = ORIENTED_EDGE ( 'NONE', *, *, #37, .T. ) ;
#1857 = AXIS2_PLACEMENT_3D ( 'NONE', #2323, #3142, #363 ) ;
#1858 = FACE_OUTER_BOUND ( 'NONE', #2092, .T. ) ;
#1859 = ORIENTED_EDGE ( 'NONE', *, *, #548, .F. ) ;
#1860 = DIRECTION ( 'NONE',  ( -6.397590658963344466E-20, -1.000000000000000000, -1.906526924835733357E-20 ) ) ;
#1861 = DIRECTION ( 'NONE',  ( 0.000000000000000000, 1.000000000000000000, 0.000000000000000000 ) ) ;
#1862 = PRODUCT_RELATED_PRODUCT_CATEGORY ( 'part', '', ( #269 ) ) ;
#1863 = DIRECTION ( 'NONE',  ( 6.397590658963344466E-20, 1.000000000000000000, 1.906526924835733357E-20 ) ) ;
#1864 = ORIENTED_EDGE ( 'NONE', *, *, #925, .T. ) ;
#1865 = DIRECTION ( 'NONE',  ( 0.000000000000000000, 0.000000000000000000, 1.000000000000000000 ) ) ;
#1866 = EDGE_CURVE ( 'NONE', #1236, #2138, #3535, .T. ) ;
#1867 = CARTESIAN_POINT ( 'NONE',  ( -2.641242668238542812, 33.75143305095136981, 42.88334019513575157 ) ) ;
#1868 = DIRECTION ( 'NONE',  ( -1.000000000000000000, 0.000000000000000000, 0.000000000000000000 ) ) ;
#1869 = EDGE_CURVE ( 'NONE', #1207, #2793, #1113, .T. ) ;
#1870 = CIRCLE ( 'NONE', #2505, 2.100000000000000977 ) ;
#1872 = VERTEX_POINT ( 'NONE', #1412 ) ;
#1871 = PRESENTATION_LAYER_ASSIGNMENT (  '', '', ( #1818 ) ) ;
#1873 = DIRECTION ( 'NONE',  ( 1.000000000000000000, 0.000000000000000000, 0.000000000000000000 ) ) ;
#1874 = FACE_BOUND ( 'NONE', #2529, .T. ) ;
#1875 = EDGE_LOOP ( 'NONE', ( #3046, #567, #843, #3255, #1442 ) ) ;
#1876 = CIRCLE ( 'NONE', #313, 3.999999999999996447 ) ;
#1877 = DIRECTION ( 'NONE',  ( -1.865879172627007192E-36, -1.000000000000000000, -3.009265538105058025E-36 ) ) ;
#1878 = FACE_BOUND ( 'NONE', #311, .T. ) ;
#1879 = EDGE_LOOP ( 'NONE', ( #1928, #3004, #2279, #1823 ) ) ;
#1880 = AXIS2_PLACEMENT_3D ( 'NONE', #2252, #2799, #1457 ) ;
#1881 = ORIENTED_EDGE ( 'NONE', *, *, #1968, .F. ) ;
#1882 = CIRCLE ( 'NONE', #2866, 6.600000000000019185 ) ;
#1883 = EDGE_CURVE ( 'NONE', #858, #3450, #2009, .T. ) ;
#1884 = CARTESIAN_POINT ( 'NONE',  ( -6.099253825614888491, 37.20821452345565916, 43.57528574673660415 ) ) ;
#1885 = ORIENTED_EDGE ( 'NONE', *, *, #1906, .T. ) ;
#1886 = EDGE_CURVE ( 'NONE', #1172, #1428, #1820, .T. ) ;
#1887 = CARTESIAN_POINT ( 'NONE',  ( 26.51638596813748094, 79.50000000000000000, -26.51662262032558459 ) ) ;
#1888 =( NAMED_UNIT ( * ) PLANE_ANGLE_UNIT ( ) SI_UNIT ( $, .RADIAN. ) );
#1889 = EDGE_LOOP ( 'NONE', ( #3391, #2424, #2059, #2917 ) ) ;
#1890 = ORIENTED_EDGE ( 'NONE', *, *, #2253, .F. ) ;
#1891 = AXIS2_PLACEMENT_3D ( 'NONE', #3229, #761, #2136 ) ;
#1892 = EDGE_LOOP ( 'NONE', ( #2784, #1454, #2544, #2265, #449, #2605, #284, #2502 ) ) ;
#1893 = DIRECTION ( 'NONE',  ( 0.000000000000000000, 1.000000000000000000, 0.000000000000000000 ) ) ;
#1894 = CARTESIAN_POINT ( 'NONE',  ( -0.07791372101693942731, 32.99994101361711785, 43.00001001769844322 ) ) ;
#1895 = DIRECTION ( 'NONE',  ( 0.000000000000000000, 1.000000000000000000, 0.000000000000000000 ) ) ;
#1896 = DIRECTION ( 'NONE',  ( -1.000000000000000000, 0.000000000000000000, 0.000000000000000000 ) ) ;
#1897 = CIRCLE ( 'NONE', #3357, 2.999999999999999112 ) ;
#1898 = ORIENTED_EDGE ( 'NONE', *, *, #433, .F. ) ;
#1899 = CARTESIAN_POINT ( 'NONE',  ( 1.654361225106055350E-21, 8.000000000000000000, -3.000000000000003553 ) ) ;
#1900 = LINE ( 'NONE', #1382, #823 ) ;
#1901 = ADVANCED_FACE ( 'NONE', ( #3516 ), #2936, .F. ) ;
#1902 = CARTESIAN_POINT ( 'NONE',  ( 5.310000246939576882E-18, 83.00000000000000000, -35.00000000000000000 ) ) ;
#1903 = VERTEX_POINT ( 'NONE', #1568 ) ;
#1904 = CARTESIAN_POINT ( 'NONE',  ( 4.614363089203899371, 36.07444347769901327, 42.64198702701405352 ) ) ;
#1905 = CARTESIAN_POINT ( 'NONE',  ( -27.52066431482230513, 83.00000000000000000, -33.03956772826889932 ) ) ;
#1906 = EDGE_CURVE ( 'NONE', #3450, #244, #707, .T. ) ;
#1907 = DIRECTION ( 'NONE',  ( -1.000000000000000000, 6.397590658963344466E-20, 0.000000000000000000 ) ) ;
#1908 = VERTEX_POINT ( 'NONE', #2413 ) ;
#1909 = DIRECTION ( 'NONE',  ( -6.397590658963344466E-20, -1.000000000000000000, -1.906526924835733357E-20 ) ) ;
#1910 = CARTESIAN_POINT ( 'NONE',  ( -2.100000000000002309, 8.000000000000000000, -33.00000000000002842 ) ) ;
#1911 = PRESENTATION_STYLE_ASSIGNMENT (( #2459 ) ) ;
#1912 = DIRECTION ( 'NONE',  ( 0.000000000000000000, 0.000000000000000000, 1.000000000000000000 ) ) ;
#1913 = DIRECTION ( 'NONE',  ( 1.865879172627007192E-36, 1.000000000000000000, 3.009265538105058025E-36 ) ) ;
#1914 = CARTESIAN_POINT ( 'NONE',  ( 32.50000000000000711, 58.00000000000000000, 1.105785616404725467E-18 ) ) ;
#1915 = CARTESIAN_POINT ( 'NONE',  ( 35.00000000000000000, 58.00000000000000000, -2.142026112891463280E-15 ) ) ;
#1916 = PLANE ( 'NONE',  #3238 ) ;
#1917 = DIRECTION ( 'NONE',  ( -6.397590658963344466E-20, -1.000000000000000000, -1.906526924835733357E-20 ) ) ;
#1918 = DIRECTION ( 'NONE',  ( -1.000000000000000000, 0.000000000000000000, 2.628368902995154531E-15 ) ) ;
#1919 = PRODUCT_DEFINITION_SHAPE ( 'NONE', 'NONE',  #3604 ) ;
#1920 = CARTESIAN_POINT ( 'NONE',  ( -4.672953965609918825, 36.22050180236484351, 42.63280955658957083 ) ) ;
#1921 =( GEOMETRIC_REPRESENTATION_CONTEXT ( 3 ) GLOBAL_UNCERTAINTY_ASSIGNED_CONTEXT ( ( #1613 ) ) GLOBAL_UNIT_ASSIGNED_CONTEXT ( ( #820, #1888, #2167 ) ) REPRESENTATION_CONTEXT ( 'NONE', 'WORKASPACE' ) );
#1922 = ORIENTED_EDGE ( 'NONE', *, *, #39, .T. ) ;
#1923 = ADVANCED_FACE ( 'NONE', ( #797 ), #230, .T. ) ;
#1924 = ORIENTED_EDGE ( 'NONE', *, *, #1091, .T. ) ;
#1925 =( NAMED_UNIT ( * ) PLANE_ANGLE_UNIT ( ) SI_UNIT ( $, .RADIAN. ) );
#1926 = ORIENTED_EDGE ( 'NONE', *, *, #1265, .T. ) ;
#1927 = CARTESIAN_POINT ( 'NONE',  ( 4.151784177473857085, 35.21381737910164844, 42.71040081061522642 ) ) ;
#1928 = ORIENTED_EDGE ( 'NONE', *, *, #81, .F. ) ;
#1929 = EDGE_CURVE ( 'NONE', #3206, #3482, #3586, .T. ) ;
#1930 = DIRECTION ( 'NONE',  ( 1.000000000000000000, 0.000000000000000000, 0.000000000000000000 ) ) ;
#1931 = CARTESIAN_POINT ( 'NONE',  ( -29.00000000000002842, 0.000000000000000000, -2.646977960169688560E-20 ) ) ;
#1932 = CIRCLE ( 'NONE', #2570, 4.000000000000001776 ) ;
#1933 = LINE ( 'NONE', #3343, #1127 ) ;
#1934 = CARTESIAN_POINT ( 'NONE',  ( -23.41662262032568975, 79.50000000000000000, -26.51638596813737792 ) ) ;
#1935 = AXIS2_PLACEMENT_3D ( 'NONE', #1689, #810, #3006 ) ;
#1936 = DIRECTION ( 'NONE',  ( -1.000000000000000000, 0.000000000000000000, 0.000000000000000000 ) ) ;
#1937 = DIRECTION ( 'NONE',  ( 6.397590658963344466E-20, 1.000000000000000000, 1.906526924835733357E-20 ) ) ;
#1938 = VERTEX_POINT ( 'NONE', #1972 ) ;
#1939 = ORIENTED_EDGE ( 'NONE', *, *, #2857, .T. ) ;
#1940 = CIRCLE ( 'NONE', #1770, 43.49999999999998579 ) ;
#1941 = CARTESIAN_POINT ( 'NONE',  ( 3.498176635968148762, 33.06823004270933808, 43.86080027259831837 ) ) ;
#1942 = DIRECTION ( 'NONE',  ( 0.000000000000000000, 0.000000000000000000, 1.000000000000000000 ) ) ;
#1943 = CARTESIAN_POINT ( 'NONE',  ( -26.51662262032568762, 79.50000000000000000, -29.61638596813737934 ) ) ;
#1944 = EDGE_LOOP ( 'NONE', ( #608, #264 ) ) ;
#1945 = FILL_AREA_STYLE_COLOUR ( '', #432 ) ;
#1946 = CARTESIAN_POINT ( 'NONE',  ( 4.083617683933632669, 35.11440231615100060, 42.71988034603210593 ) ) ;
#1947 = ADVANCED_FACE ( 'NONE', ( #1420 ), #1708, .F. ) ;
#1948 = DIRECTION ( 'NONE',  ( -1.000000000000000000, 0.000000000000000000, 0.000000000000000000 ) ) ;
#1949 = CONICAL_SURFACE ( 'NONE', #751, 3.099999999999998757, 0.7853981633974512766 ) ;
#1950 = FACE_OUTER_BOUND ( 'NONE', #2532, .T. ) ;
#1951 = EDGE_CURVE ( 'NONE', #3043, #2145, #2739, .T. ) ;
#1952 = ORIENTED_EDGE ( 'NONE', *, *, #3120, .T. ) ;
#1953 = CARTESIAN_POINT ( 'NONE',  ( -1.109685304722977994, 33.12441567174850832, 42.97941537457507621 ) ) ;
#1954 = CONICAL_SURFACE ( 'NONE', #2996, 43.49999999999998579, 0.7853981633974552734 ) ;
#1955 = ORIENTED_EDGE ( 'NONE', *, *, #2913, .F. ) ;
#1956 = ORIENTED_EDGE ( 'NONE', *, *, #2390, .F. ) ;
#1957 = CARTESIAN_POINT ( 'NONE',  ( 1.594772643338365326, 32.20511238422994893, 43.97119847132071158 ) ) ;
#1958 = ORIENTED_EDGE ( 'NONE', *, *, #3262, .F. ) ;
#1959 = DIRECTION ( 'NONE',  ( -0.6559211382235270449, 2.757212325017851795E-20, 0.7548294247255817879 ) ) ;
#1960 = CARTESIAN_POINT ( 'NONE',  ( 4.344541027707502501, 35.51977030172790961, 42.68291769129875490 ) ) ;
#1961 = CARTESIAN_POINT ( 'NONE',  ( -44.00000000000000000, 58.00000000000000000, 5.389551701864758981E-15 ) ) ;
#1962 = STYLED_ITEM ( 'NONE', ( #983 ), #3384 ) ;
#1963 = DIRECTION ( 'NONE',  ( -1.000000000000000000, 0.000000000000000000, 0.000000000000000000 ) ) ;
#1964 = AXIS2_PLACEMENT_3D ( 'NONE', #2764, #278, #3547 ) ;
#1965 = CARTESIAN_POINT ( 'NONE',  ( -27.81679481294416689, 82.91298616867287308, 32.90615214731294458 ) ) ;
#1966 = VERTEX_POINT ( 'NONE', #3325 ) ;
#1967 = FACE_OUTER_BOUND ( 'NONE', #2751, .T. ) ;
#1968 = EDGE_CURVE ( 'NONE', #1116, #2877, #2504, .T. ) ;
#1969 = LINE ( 'NONE', #1703, #1707 ) ;
#1970 = VERTEX_POINT ( 'NONE', #268 ) ;
#1971 = EDGE_CURVE ( 'NONE', #3206, #1693, #558, .T. ) ;
#1972 = CARTESIAN_POINT ( 'NONE',  ( 44.00000000000003553, 0.000000000000000000, 2.500000000000002665 ) ) ;
#1973 = CARTESIAN_POINT ( 'NONE',  ( 33.03956772826900590, 83.00000000000000000, -27.52066431482217723 ) ) ;
#1974 = CARTESIAN_POINT ( 'NONE',  ( -6.137018187770014066, 37.80171320568786797, 43.56990972541947116 ) ) ;
#1975 = ORIENTED_EDGE ( 'NONE', *, *, #261, .F. ) ;
#1976 = DIRECTION ( 'NONE',  ( 1.865879172627007192E-36, 1.000000000000000000, 3.009265538105058025E-36 ) ) ;
#1977 = CARTESIAN_POINT ( 'NONE',  ( -4.681107718970820564, 36.23532953857430527, 32.16117615335076607 ) ) ;
#1978 = PRESENTATION_STYLE_ASSIGNMENT (( #890 ) ) ;
#1979 = CARTESIAN_POINT ( 'NONE',  ( 3.857308107587571033, 34.81861748903624942, 42.75014072584448854 ) ) ;
#1980 = ORIENTED_EDGE ( 'NONE', *, *, #1285, .F. ) ;
#1981 = AXIS2_PLACEMENT_3D ( 'NONE', #733, #3148, #830 ) ;
#1982 = DIRECTION ( 'NONE',  ( -1.000000000000000000, 0.000000000000000000, 0.000000000000000000 ) ) ;
#1983 = ORIENTED_EDGE ( 'NONE', *, *, #276, .T. ) ;
#1984 = CARTESIAN_POINT ( 'NONE',  ( 3.046970812465577882, 34.03482157910473660, 42.84433731598645068 ) ) ;
#1985 = CARTESIAN_POINT ( 'NONE',  ( 5.437952060118832866E-19, 8.499999999999980460, 1.620547886110370525E-19 ) ) ;
#1986 = CARTESIAN_POINT ( 'NONE',  ( -35.00000000000000000, 83.00000000000000000, 6.430978112871219178E-15 ) ) ;
#1987 = CARTESIAN_POINT ( 'NONE',  ( 0.000000000000000000, 0.000000000000000000, 0.000000000000000000 ) ) ;
#1988 = CIRCLE ( 'NONE', #73, 4.000000000000001776 ) ;
#1989 = EDGE_CURVE ( 'NONE', #3327, #2519, #3071, .T. ) ;
#1990 = EDGE_LOOP ( 'NONE', ( #2398, #1685 ) ) ;
#1991 = CARTESIAN_POINT ( 'NONE',  ( 5.632512944996096671, 35.61041322448335222, 43.63801447940136313 ) ) ;
#1992 = AXIS2_PLACEMENT_3D ( 'NONE', #2429, #2445, #1093 ) ;
#1993 = DIRECTION ( 'NONE',  ( -1.000000000000000000, 0.000000000000000000, 0.000000000000000000 ) ) ;
#1994 = VERTEX_POINT ( 'NONE', #3048 ) ;
#1995 = EDGE_CURVE ( 'NONE', #3411, #2580, #1406, .T. ) ;
#1996 = AXIS2_PLACEMENT_3D ( 'NONE', #406, #341, #2550 ) ;
#1997 = CARTESIAN_POINT ( 'NONE',  ( -3.053917410111912645, 34.02739459843851932, 32.35735985094986233 ) ) ;
#1998 = CARTESIAN_POINT ( 'NONE',  ( 24.01638596813748094, 58.00000000000000000, -26.51662262032558459 ) ) ;
#1999 = ORIENTED_EDGE ( 'NONE', *, *, #1132, .F. ) ;
#2000 = DIRECTION ( 'NONE',  ( 6.397590658963344466E-20, 1.000000000000000000, 1.906526924835733357E-20 ) ) ;
#2001 = CARTESIAN_POINT ( 'NONE',  ( -32.45120131155497489, 82.68735280253287101, 28.69383981443518294 ) ) ;
#2002 = ORIENTED_EDGE ( 'NONE', *, *, #2527, .F. ) ;
#2003 = LINE ( 'NONE', #1736, #2185 ) ;
#2004 = CARTESIAN_POINT ( 'NONE',  ( 1.534407698435567013, 33.24055794361552074, 42.96066227531026271 ) ) ;
#2005 = AXIS2_PLACEMENT_3D ( 'NONE', #3159, #3175, #2582 ) ;
#2006 = AXIS2_PLACEMENT_3D ( 'NONE', #124, #713, #1346 ) ;
#2007 = DIRECTION ( 'NONE',  ( 8.470329472542997748E-22, -3.009265538105054016E-36, -1.000000000000000000 ) ) ;
#2008 = DIRECTION ( 'NONE',  ( 6.397590658963334837E-20, 1.000000000000000000, 1.906526924835732755E-20 ) ) ;
#2009 = CIRCLE ( 'NONE', #462, 3.099999999999998757 ) ;
#2010 = DIRECTION ( 'NONE',  ( -1.000000000000000000, -4.070746120447194766E-36, -1.156487964204185685E-16 ) ) ;
#2011 = EDGE_CURVE ( 'NONE', #337, #867, #2807, .T. ) ;
#2012 = CARTESIAN_POINT ( 'NONE',  ( -4.166788183000318391, 35.23630649747709498, 42.70829693584833819 ) ) ;
#2013 = LINE ( 'NONE', #1711, #1115 ) ;
#2014 = CONICAL_SURFACE ( 'NONE', #1332, 43.49999999999998579, 0.7853981633974552734 ) ;
#2015 = LINE ( 'NONE', #2221, #2490 ) ;
#2016 = VERTEX_POINT ( 'NONE', #2890 ) ;
#2017 = ORIENTED_EDGE ( 'NONE', *, *, #2531, .F. ) ;
#2018 = CIRCLE ( 'NONE', #1616, 6.600000000000019185 ) ;
#2019 = EDGE_CURVE ( 'NONE', #2786, #88, #1567, .T. ) ;
#2020 = ORIENTED_EDGE ( 'NONE', *, *, #2891, .F. ) ;
#2021 = CARTESIAN_POINT ( 'NONE',  ( 2.067951531382570128E-22, 4.000000000000000000, 0.000000000000000000 ) ) ;
#2022 = CARTESIAN_POINT ( 'NONE',  ( -3.999999999999997335, 58.00000000000000000, 35.00000000000000000 ) ) ;
#2023 = CARTESIAN_POINT ( 'NONE',  ( -30.31821257823667182, 82.45004785744932008, 31.27069429446701321 ) ) ;
#2024 = APPLICATION_PROTOCOL_DEFINITION ( 'draft international standard', 'automotive_design', 1998, #962 ) ;
#2025 = VECTOR ( 'NONE', #239, 1000.000000000000000 ) ;
#2026 = DIRECTION ( 'NONE',  ( 0.7071067811865524577, -0.7071067811865426878, -1.348118117066063367E-20 ) ) ;
#2027 = AXIS2_PLACEMENT_3D ( 'NONE', #1387, #3572, #1942 ) ;
#2028 = DIRECTION ( 'NONE',  ( -1.000000000000000000, 6.397590658963344466E-20, 0.000000000000000000 ) ) ;
#2029 = CARTESIAN_POINT ( 'NONE',  ( -4.649239558245357173, 36.15845834913376677, 42.63654814495657064 ) ) ;
#2030 = CARTESIAN_POINT ( 'NONE',  ( 3.774578488788374884E-18, 59.00000000000001421, 1.124850885653082909E-18 ) ) ;
#2031 = CARTESIAN_POINT ( 'NONE',  ( 4.199836100408988138, 33.61910868184696710, 43.79933288742640229 ) ) ;
#2032 = CARTESIAN_POINT ( 'NONE',  ( -1.000921049639136973, 32.07703135142359940, 43.98905343029576187 ) ) ;
#2033 = DIRECTION ( 'NONE',  ( 1.000000000000000000, 0.000000000000000000, 0.000000000000000000 ) ) ;
#2034 = ORIENTED_EDGE ( 'NONE', *, *, #456, .T. ) ;
#2035 = LINE ( 'NONE', #2576, #3039 ) ;
#2036 = PRODUCT_DEFINITION ( 'UNKNOWN', '', #961, #1053 ) ;
#2037 = CARTESIAN_POINT ( 'NONE',  ( -26.51662262032568762, 83.00000000000000000, -26.51638596813737792 ) ) ;
#2038 = DIRECTION ( 'NONE',  ( -1.000000000000000000, 0.000000000000000000, 0.000000000000000000 ) ) ;
#2039 = ORIENTED_EDGE ( 'NONE', *, *, #1514, .F. ) ;
#2040 = DIRECTION ( 'NONE',  ( 8.470329472542997748E-22, -3.009265538105054016E-36, -1.000000000000000000 ) ) ;
#2041 = AXIS2_PLACEMENT_3D ( 'NONE', #1264, #1733, #3375 ) ;
#2042 = DIRECTION ( 'NONE',  ( 1.865879172627007192E-36, 1.000000000000000000, 3.009265538105058025E-36 ) ) ;
#2043 = ADVANCED_FACE ( 'NONE', ( #3228 ), #2907, .F. ) ;
#2044 = CARTESIAN_POINT ( 'NONE',  ( -44.00000000000002842, 0.000000000000000000, -5.293955920339377119E-20 ) ) ;
#2045 = ORIENTED_EDGE ( 'NONE', *, *, #3087, .F. ) ;
#2046 = CONICAL_SURFACE ( 'NONE', #896, 3.099999999999998757, 0.7853981633974512766 ) ;
#2047 = CARTESIAN_POINT ( 'NONE',  ( 1.847362960217395322, 33.35370668709047948, 42.94282852351367552 ) ) ;
#2048 = COLOUR_RGB ( '',0.7921568627450980005, 0.8196078431372548767, 0.9333333333333333481 ) ;
#2049 = DIRECTION ( 'NONE',  ( -1.000000000000000000, 0.000000000000000000, 0.000000000000000000 ) ) ;
#2050 = EDGE_CURVE ( 'NONE', #2643, #3517, #2433, .T. ) ;
#2051 = SURFACE_STYLE_FILL_AREA ( #323 ) ;
#2052 = CARTESIAN_POINT ( 'NONE',  ( -4.482477988524626866, 35.78320102226160060, 42.66226065278477364 ) ) ;
#2053 = CARTESIAN_POINT ( 'NONE',  ( -29.00000000000003197, 8.000000000000000000, 2.500000000000000888 ) ) ;
#2054 = CARTESIAN_POINT ( 'NONE',  ( 6.060588725692886314, 37.02115753834647194, 43.58062438318352605 ) ) ;
#2055 = CARTESIAN_POINT ( 'NONE',  ( -3.769056951189548421, 33.19882027924357004, 43.84200908961259557 ) ) ;
#2056 = AXIS2_PLACEMENT_3D ( 'NONE', #3368, #849, #288 ) ;
#2057 = CARTESIAN_POINT ( 'NONE',  ( -4.621377920632514069, 36.09134837645746074, 42.64089302089833922 ) ) ;
#2058 = DIRECTION ( 'NONE',  ( -6.397590658963344466E-20, -1.000000000000000000, -1.906526924835733357E-20 ) ) ;
#2059 = ORIENTED_EDGE ( 'NONE', *, *, #276, .F. ) ;
#2060 = VECTOR ( 'NONE', #1357, 1000.000000000000000 ) ;
#2061 = VERTEX_POINT ( 'NONE', #1546 ) ;
#2062 = VECTOR ( 'NONE', #2040, 1000.000000000000000 ) ;
#2063 = VERTEX_POINT ( 'NONE', #3511 ) ;
#2064 = CARTESIAN_POINT ( 'NONE',  ( 5.310000246939576882E-18, 83.00000000000000000, 1.582417347613658819E-18 ) ) ;
#2065 = ORIENTED_EDGE ( 'NONE', *, *, #1750, .F. ) ;
#2066 = EDGE_CURVE ( 'NONE', #3181, #1672, #1679, .T. ) ;
#2067 = FACE_BOUND ( 'NONE', #653, .T. ) ;
#2068 = ORIENTED_EDGE ( 'NONE', *, *, #2066, .F. ) ;
#2069 = ADVANCED_FACE ( 'NONE', ( #1836 ), #2776, .F. ) ;
#2070 = CYLINDRICAL_SURFACE ( 'NONE', #2192, 44.00000000000000000 ) ;
#2071 = LINE ( 'NONE', #80, #1030 ) ;
#2072 = AXIS2_PLACEMENT_3D ( 'NONE', #100, #1547, #1294 ) ;
#2073 = CARTESIAN_POINT ( 'NONE',  ( 31.69584040300412653, 82.49814945971324676, 29.80308663282003323 ) ) ;
#2074 = EDGE_CURVE ( 'NONE', #3386, #1258, #505, .T. ) ;
#2075 = ORIENTED_EDGE ( 'NONE', *, *, #3336, .T. ) ;
#2076 = CONICAL_SURFACE ( 'NONE', #3057, 2.999999999999999112, 0.7853981633974430610 ) ;
#2077 = VERTEX_POINT ( 'NONE', #2699 ) ;
#2078 = CARTESIAN_POINT ( 'NONE',  ( -43.50000000000002132, 8.000000000000000000, 1.525221539868586926E-19 ) ) ;
#2079 = VECTOR ( 'NONE', #183, 1000.000000000000000 ) ;
#2080 = CYLINDRICAL_SURFACE ( 'NONE', #253, 29.00000000000002132 ) ;
#2081 = ORIENTED_EDGE ( 'NONE', *, *, #2967, .T. ) ;
#2082 =( NAMED_UNIT ( * ) SI_UNIT ( $, .STERADIAN. ) SOLID_ANGLE_UNIT ( ) );
#2083 = ORIENTED_EDGE ( 'NONE', *, *, #3214, .F. ) ;
#2084 = LINE ( 'NONE', #129, #3274 ) ;
#2085 = EDGE_CURVE ( 'NONE', #909, #1509, #592, .T. ) ;
#2086 = CARTESIAN_POINT ( 'NONE',  ( -5.315353135772991955, 34.99077826579873829, 43.67786935303220019 ) ) ;
#2087 = CARTESIAN_POINT ( 'NONE',  ( 30.31821257823666826, 82.45004785744930587, -31.27069429446700255 ) ) ;
#2088 = ORIENTED_EDGE ( 'NONE', *, *, #2701, .F. ) ;
#2089 = EDGE_CURVE ( 'NONE', #730, #2110, #1378, .T. ) ;
#2090 = CARTESIAN_POINT ( 'NONE',  ( 1.002073037875346628, 32.07964429390800376, 43.98870000018295201 ) ) ;
#2091 = FACE_OUTER_BOUND ( 'NONE', #1402, .T. ) ;
#2092 = EDGE_LOOP ( 'NONE', ( #792, #2188, #138, #1832 ) ) ;
#2093 = ORIENTED_EDGE ( 'NONE', *, *, #3245, .F. ) ;
#2094 = CARTESIAN_POINT ( 'NONE',  ( -4.614750243241969585, 34.04137396857642273, 43.75738438741382197 ) ) ;
#2095 = CARTESIAN_POINT ( 'NONE',  ( 4.735089724300493685, 36.39197594782449130, 42.62293746107027914 ) ) ;
#2096 = DIRECTION ( 'NONE',  ( 6.397590658963344466E-20, 1.000000000000000000, 1.906526924835733357E-20 ) ) ;
#2097 = DIRECTION ( 'NONE',  ( -6.397590658963344466E-20, -1.000000000000000000, -1.906526924835733357E-20 ) ) ;
#2098 = PLANE ( 'NONE',  #3052 ) ;
#2099 = CARTESIAN_POINT ( 'NONE',  ( -1.394041910405709794, 32.15343567674977976, 43.97835048967910154 ) ) ;
#2100 = DIRECTION ( 'NONE',  ( 1.865879172627007192E-36, 1.000000000000000000, 3.009265538105058025E-36 ) ) ;
#2101 = CARTESIAN_POINT ( 'NONE',  ( -3.571375882388998502, 34.50026185183983074, 42.78592421138786506 ) ) ;
#2102 = EDGE_CURVE ( 'NONE', #2236, #1745, #1933, .T. ) ;
#2103 = ORIENTED_EDGE ( 'NONE', *, *, #510, .F. ) ;
#2104 = CARTESIAN_POINT ( 'NONE',  ( -1.970828011957751258, 32.31669357328001269, 43.95594113311832984 ) ) ;
#2105 = CYLINDRICAL_SURFACE ( 'NONE', #3443, 44.00000000000000000 ) ;
#2106 = EDGE_CURVE ( 'NONE', #244, #1168, #106, .T. ) ;
#2107 = ORIENTED_EDGE ( 'NONE', *, *, #1050, .F. ) ;
#2108 = DIRECTION ( 'NONE',  ( -8.470329472542996808E-22, 0.000000000000000000, 1.000000000000000000 ) ) ;
#2109 = AXIS2_PLACEMENT_3D ( 'NONE', #1043, #2700, #208 ) ;
#2110 = VERTEX_POINT ( 'NONE', #862 ) ;
#2111 = CARTESIAN_POINT ( 'NONE',  ( -5.631733960970526809, 35.60866177007387279, 43.63811503193674923 ) ) ;
#2112 = CARTESIAN_POINT ( 'NONE',  ( 2.904766812751977678, 33.92949557248778802, 42.85855396980907983 ) ) ;
#2113 = CARTESIAN_POINT ( 'NONE',  ( 3.967832211794035668, 34.95647256999997410, 42.73561262581159070 ) ) ;
#2114 = AXIS2_PLACEMENT_3D ( 'NONE', #1487, #1976, #1715 ) ;
#2115 = CARTESIAN_POINT ( 'NONE',  ( 29.61662262032568194, 79.50000000000000000, 26.51638596813738147 ) ) ;
#2116 = DIRECTION ( 'NONE',  ( -4.462356454902052447E-06, 1.906555473146724348E-20, -0.9999999999900438530 ) ) ;
#2117 = B_SPLINE_CURVE_WITH_KNOTS ( 'NONE', 3,
 ( #482, #738, #2407, #1339 ),
 .UNSPECIFIED., .F., .F.,
 ( 4, 4 ),
 ( 6.938893903907228378E-18, 0.0007113132893519588272 ),
 .UNSPECIFIED. ) ;
#2118 = DIRECTION ( 'NONE',  ( 6.397590658963344466E-20, 1.000000000000000000, 1.906526924835733357E-20 ) ) ;
#2119 = CARTESIAN_POINT ( 'NONE',  ( -3.099278499235198048, 34.07539049031760214, 42.83894342596139637 ) ) ;
#2120 = CARTESIAN_POINT ( 'NONE',  ( -4.999999999999999112, 58.00000000000000000, 42.57933784517401676 ) ) ;
#2121 = EDGE_LOOP ( 'NONE', ( #3272, #2818, #597, #2284, #28, #2832, #2002, #746, #2791 ) ) ;
#2122 = CIRCLE ( 'NONE', #2005, 33.00000000000002842 ) ;
#2123 = EDGE_CURVE ( 'NONE', #2519, #3356, #2601, .T. ) ;
#2124 = DIRECTION ( 'NONE',  ( -6.397590658963344466E-20, -1.000000000000000000, -1.906526924835733357E-20 ) ) ;
#2125 = ORIENTED_EDGE ( 'NONE', *, *, #3160, .T. ) ;
#2126 = EDGE_CURVE ( 'NONE', #1631, #2877, #3526, .T. ) ;
#2127 = ORIENTED_EDGE ( 'NONE', *, *, #1929, .F. ) ;
#2128 = VECTOR ( 'NONE', #3241, 1000.000000000000000 ) ;
#2129 = CARTESIAN_POINT ( 'NONE',  ( -5.315593911459422394, 34.99121375563387915, 43.67783922569650912 ) ) ;
#2130 = DIRECTION ( 'NONE',  ( 0.000000000000000000, 1.000000000000000000, 0.000000000000000000 ) ) ;
#2131 = CARTESIAN_POINT ( 'NONE',  ( 29.00000000000002842, 0.000000000000000000, -2.646977960169688560E-20 ) ) ;
#2132 = CARTESIAN_POINT ( 'NONE',  ( -3.042687797272613182, 34.02902428077717190, 42.84497235006911353 ) ) ;
#2133 = DIRECTION ( 'NONE',  ( -6.397590658963344466E-20, -1.000000000000000000, -1.906526924835733357E-20 ) ) ;
#2134 = LINE ( 'NONE', #1562, #1320 ) ;
#2135 = CARTESIAN_POINT ( 'NONE',  ( 26.51638596813748094, 83.00000000000000000, -26.51662262032558459 ) ) ;
#2136 = DIRECTION ( 'NONE',  ( -8.470329472542997748E-22, 0.000000000000000000, 1.000000000000000000 ) ) ;
#2137 = AXIS2_PLACEMENT_3D ( 'NONE', #97, #682, #2327 ) ;
#2138 = VERTEX_POINT ( 'NONE', #2749 ) ;
#2139 = VERTEX_POINT ( 'NONE', #1401 ) ;
#2140 = AXIS2_PLACEMENT_3D ( 'NONE', #3147, #2555, #716 ) ;
#2141 = CARTESIAN_POINT ( 'NONE',  ( 5.000000000000000000, 38.00000000000000711, 42.57933784517401676 ) ) ;
#2142 = CARTESIAN_POINT ( 'NONE',  ( -29.78444685063685071, 82.51073952483457674, -31.69094700478706983 ) ) ;
#2143 = SHAPE_REPRESENTATION_RELATIONSHIP ( 'NONE' , 'NONE' ,  #804, #2933 ) ;
#2144 = CARTESIAN_POINT ( 'NONE',  ( 26.51638596813748094, 83.00000000000000000, -26.51662262032558459 ) ) ;
#2145 = VERTEX_POINT ( 'NONE', #1240 ) ;
#2146 = ORIENTED_EDGE ( 'NONE', *, *, #2123, .T. ) ;
#2147 = CARTESIAN_POINT ( 'NONE',  ( 3.760505161869164059, 34.70450727141334824, 42.76258483044842507 ) ) ;
#2148 = FACE_OUTER_BOUND ( 'NONE', #1728, .T. ) ;
#2149 = ADVANCED_FACE ( 'NONE', ( #1776 ), #938, .F. ) ;
#2150 = FILL_AREA_STYLE_COLOUR ( '', #2930 ) ;
#2151 = ORIENTED_EDGE ( 'NONE', *, *, #1310, .F. ) ;
#2152 = CARTESIAN_POINT ( 'NONE',  ( 3.710602582198741307E-18, 58.00000000000000000, 1.105785616404725467E-18 ) ) ;
#2153 = UNCERTAINTY_MEASURE_WITH_UNIT (LENGTH_MEASURE( 1.000000000000000082E-05 ), #899, 'distance_accuracy_value', 'NONE');
#2154 = EDGE_CURVE ( 'NONE', #3139, #2110, #2887, .T. ) ;
#2155 = LINE ( 'NONE', #3023, #2402 ) ;
#2156 = CIRCLE ( 'NONE', #1144, 44.00000000000000000 ) ;
#2157 = CARTESIAN_POINT ( 'NONE',  ( -5.814879374670774759, 36.06481636694149273, 43.61411061789198840 ) ) ;
#2158 = ORIENTED_EDGE ( 'NONE', *, *, #3565, .T. ) ;
#2159 = CARTESIAN_POINT ( 'NONE',  ( 31.00000000000000711, 83.00000000000000000, -1.651690761501313222E-15 ) ) ;
#2160 = CARTESIAN_POINT ( 'NONE',  ( -3.786424837441337843, 34.73355084372712298, 42.75932864710490122 ) ) ;
#2161 = CIRCLE ( 'NONE', #2678, 43.00000000000002132 ) ;
#2162 = DIRECTION ( 'NONE',  ( 0.000000000000000000, 0.000000000000000000, 1.000000000000000000 ) ) ;
#2163 = CARTESIAN_POINT ( 'NONE',  ( 35.00000000000000000, 83.00000000000000000, -2.141549481160254209E-15 ) ) ;
#2165 = ORIENTED_EDGE ( 'NONE', *, *, #2590, .F. ) ;
#2164 = CIRCLE ( 'NONE', #2789, 3.099999999999998757 ) ;
#2166 = MANIFOLD_SOLID_BREP ( 'Вырез-Повернуть1', #3033 ) ;
#2167 =( NAMED_UNIT ( * ) SI_UNIT ( $, .STERADIAN. ) SOLID_ANGLE_UNIT ( ) );
#2168 = FACE_OUTER_BOUND ( 'NONE', #2768, .T. ) ;
#2169 = VECTOR ( 'NONE', #1851, 1000.000000000000000 ) ;
#2170 = CONICAL_SURFACE ( 'NONE', #622, 3.099999999999998757, 0.7853981633974512766 ) ;
#2171 = EDGE_CURVE ( 'NONE', #2752, #2077, #1834, .T. ) ;
#2172 = CARTESIAN_POINT ( 'NONE',  ( -0.1596496207699049652, 33.00187757911010067, 42.99968553534355209 ) ) ;
#2173 = CARTESIAN_POINT ( 'NONE',  ( -3.999999999999997335, 83.00000000000000000, 35.00000000000000000 ) ) ;
#2174 = LINE ( 'NONE', #1129, #3213 ) ;
#2175 = CIRCLE ( 'NONE', #1767, 2.499999999999998668 ) ;
#2176 = CYLINDRICAL_SURFACE ( 'NONE', #3487, 32.50000000000000711 ) ;
#2177 = EDGE_CURVE ( 'NONE', #3363, #2063, #356, .T. ) ;
#2178 = CARTESIAN_POINT ( 'NONE',  ( -32.50000000000000711, 57.49999999999997868, 1.096252981780546265E-18 ) ) ;
#2179 = DIRECTION ( 'NONE',  ( 6.397590658963344466E-20, 1.000000000000000000, 1.906526924835733357E-20 ) ) ;
#2180 = ORIENTED_EDGE ( 'NONE', *, *, #2282, .F. ) ;
#2181 = CARTESIAN_POINT ( 'NONE',  ( 4.887990388802992747, 36.94741359136104109, 42.59806399414198097 ) ) ;
#2182 = DIRECTION ( 'NONE',  ( 1.865879172627007192E-36, 1.000000000000000000, 3.009265538105058025E-36 ) ) ;
#2183 = DIRECTION ( 'NONE',  ( 6.397590658963344466E-20, 1.000000000000000000, 1.906526924835733357E-20 ) ) ;
#2184 = ORIENTED_EDGE ( 'NONE', *, *, #2219, .T. ) ;
#2185 = VECTOR ( 'NONE', #74, 1000.000000000000000 ) ;
#2186 = ORIENTED_EDGE ( 'NONE', *, *, #81, .T. ) ;
#2187 = AXIS2_PLACEMENT_3D ( 'NONE', #685, #429, #698 ) ;
#2188 = ORIENTED_EDGE ( 'NONE', *, *, #1204, .T. ) ;
#2189 = VECTOR ( 'NONE', #3392, 1000.000000000000000 ) ;
#2190 = CYLINDRICAL_SURFACE ( 'NONE', #3333, 3.999999999999996447 ) ;
#2191 = CYLINDRICAL_SURFACE ( 'NONE', #2309, 3.099999999999998757 ) ;
#2192 = AXIS2_PLACEMENT_3D ( 'NONE', #365, #1482, #2569 ) ;
#2193 = ORIENTED_EDGE ( 'NONE', *, *, #3565, .F. ) ;
#2194 = CARTESIAN_POINT ( 'NONE',  ( -44.00000000000002842, 0.000000000000000000, -5.293955920339377119E-20 ) ) ;
#2195 = CARTESIAN_POINT ( 'NONE',  ( 44.00000000000003553, 4.000000000000000000, 2.500000000000000888 ) ) ;
#2196 = EDGE_CURVE ( 'NONE', #1640, #1074, #3326, .T. ) ;
#2197 = EDGE_LOOP ( 'NONE', ( #863, #1212, #2649, #2315 ) ) ;
#2198 = CARTESIAN_POINT ( 'NONE',  ( 2.260917589188976784, 32.42079752154479166, 43.94197077217032188 ) ) ;
#2199 = CARTESIAN_POINT ( 'NONE',  ( 4.740194968391605812, 36.40079682767438385, 42.62216507554898470 ) ) ;
#2200 =( REPRESENTATION_RELATIONSHIP ('NONE','NONE', #1526, #2271 ) REPRESENTATION_RELATIONSHIP_WITH_TRANSFORMATION ( #991 )SHAPE_REPRESENTATION_RELATIONSHIP( ) );
#2201 = DIRECTION ( 'NONE',  ( 6.397590658963344466E-20, 1.000000000000000000, 1.906526924835733357E-20 ) ) ;
#2202 =( LENGTH_UNIT ( ) NAMED_UNIT ( * ) SI_UNIT ( .MILLI., .METRE. ) );
#2203 = CONICAL_SURFACE ( 'NONE', #2137, 3.099999999999998757, 0.7853981633974512766 ) ;
#2204 = CARTESIAN_POINT ( 'NONE',  ( -4.967817704707040427, 37.42765559774220918, 42.58477718988639538 ) ) ;
#2205 = VERTEX_POINT ( 'NONE', #1032 ) ;
#2206 = ADVANCED_FACE ( 'NONE', ( #1271 ), #1813, .F. ) ;
#2207 = CARTESIAN_POINT ( 'NONE',  ( -4.967493704042201585, 37.34400499992202072, 32.11819033193443573 ) ) ;
#2208 = VERTEX_POINT ( 'NONE', #2115 ) ;
#2209 = ORIENTED_EDGE ( 'NONE', *, *, #2792, .F. ) ;
#2210 = DIRECTION ( 'NONE',  ( 1.000000000000000000, 0.000000000000000000, 0.000000000000000000 ) ) ;
#2211 = CARTESIAN_POINT ( 'NONE',  ( -23.41662262032568975, 58.00000000000000000, -26.51638596813737792 ) ) ;
#2212 = DIRECTION ( 'NONE',  ( -0.7071067811865524577, 0.7071067811865426878, 1.348118117066072545E-20 ) ) ;
#2213 =( GEOMETRIC_REPRESENTATION_CONTEXT ( 3 ) GLOBAL_UNCERTAINTY_ASSIGNED_CONTEXT ( ( #2153 ) ) GLOBAL_UNIT_ASSIGNED_CONTEXT ( ( #899, #3180, #2082 ) ) REPRESENTATION_CONTEXT ( 'NONE', 'WORKASPACE' ) );
#2214 = DIRECTION ( 'NONE',  ( 6.397590658963344466E-20, 1.000000000000000000, 1.906526924835733357E-20 ) ) ;
#2215 = VERTEX_POINT ( 'NONE', #587 ) ;
#2216 = CARTESIAN_POINT ( 'NONE',  ( 1.299407561630038010, 32.13508825582347583, 43.98092075315808103 ) ) ;
#2217 = CARTESIAN_POINT ( 'NONE',  ( 5.000000000000001776, 37.67702630012547615, 42.57933797450833424 ) ) ;
#2218 = AXIS2_PLACEMENT_3D ( 'NONE', #3116, #575, #4 ) ;
#2219 = EDGE_CURVE ( 'NONE', #768, #1277, #2645, .T. ) ;
#2220 = CARTESIAN_POINT ( 'NONE',  ( -6.086825789612952065, 37.20928570539594205, 43.57695239090531913 ) ) ;
#2221 = CARTESIAN_POINT ( 'NONE',  ( -51.89691115697976187, 4.000000000000000000, 2.500000000000000888 ) ) ;
#2222 = VERTEX_POINT ( 'NONE', #222 ) ;
#2223 = CARTESIAN_POINT ( 'NONE',  ( 0.000000000000000000, 0.000000000000000000, -33.00000000000002842 ) ) ;
#2224 = EDGE_CURVE ( 'NONE', #1084, #3462, #806, .T. ) ;
#2225 = CARTESIAN_POINT ( 'NONE',  ( 4.494166831430212561, 35.80717872256793299, 42.66051416625762016 ) ) ;
#2226 = ORIENTED_EDGE ( 'NONE', *, *, #355, .T. ) ;
#2227 = AXIS2_PLACEMENT_3D ( 'NONE', #201, #2618, #127 ) ;
#2228 = CARTESIAN_POINT ( 'NONE',  ( 27.52036944506964034, 83.00000000000000000, -33.03981334098119760 ) ) ;
#2229 = DIRECTION ( 'NONE',  ( -8.470329472542999629E-22, 0.000000000000000000, 1.000000000000000000 ) ) ;
#2230 = CARTESIAN_POINT ( 'NONE',  ( 2.100000000000002309, 8.000000000000000000, -33.00000000000004263 ) ) ;
#2231 = MANIFOLD_SOLID_BREP ( 'Вырез-Вытянуть2', #378 ) ;
#2232 = AXIS2_PLACEMENT_3D ( 'NONE', #2378, #486, #2162 ) ;
#2233 = FACE_OUTER_BOUND ( 'NONE', #2727, .T. ) ;
#2234 = VECTOR ( 'NONE', #110, 1000.000000000000000 ) ;
#2235 = DIRECTION ( 'NONE',  ( -1.000000000000000000, 0.000000000000000000, 0.000000000000000000 ) ) ;
#2236 = VERTEX_POINT ( 'NONE', #2563 ) ;
#2237 = AXIS2_PLACEMENT_3D ( 'NONE', #1187, #895, #3103 ) ;
#2238 = CARTESIAN_POINT ( 'NONE',  ( 3.820253789072848960, 33.30201761355457535, 43.83391002617930354 ) ) ;
#2239 = CARTESIAN_POINT ( 'NONE',  ( -26.51650429449560420, 9.027796614315189443E-36, -29.51650429449551538 ) ) ;
#2240 =( NAMED_UNIT ( * ) SI_UNIT ( $, .STERADIAN. ) SOLID_ANGLE_UNIT ( ) );
#2241 = CARTESIAN_POINT ( 'NONE',  ( -5.931488922893646709, 36.43901817708326263, 43.59840477792399582 ) ) ;
#2242 = ORIENTED_EDGE ( 'NONE', *, *, #2441, .T. ) ;
#2243 = DIRECTION ( 'NONE',  ( -8.470329472542999629E-22, 3.009265538105054684E-36, 1.000000000000000000 ) ) ;
#2244 = DIRECTION ( 'NONE',  ( 0.000000000000000000, 0.000000000000000000, 1.000000000000000000 ) ) ;
#2245 = EDGE_LOOP ( 'NONE', ( #358, #778, #1475, #513 ) ) ;
#2246 = ORIENTED_EDGE ( 'NONE', *, *, #1328, .F. ) ;
#2247 = EDGE_CURVE ( 'NONE', #494, #1027, #530, .T. ) ;
#2248 = CIRCLE ( 'NONE', #3122, 3.999999999999996447 ) ;
#2249 = CARTESIAN_POINT ( 'NONE',  ( -28.10955157604874444, 82.83486375380617517, 32.75952791075214066 ) ) ;
#2250 = DIRECTION ( 'NONE',  ( 1.865879172627007192E-36, 1.000000000000000000, -3.009265538105054016E-36 ) ) ;
#2251 = CARTESIAN_POINT ( 'NONE',  ( -0.3233564226445996836, 33.00979397404630333, 42.99836151892442615 ) ) ;
#2252 = CARTESIAN_POINT ( 'NONE',  ( 5.310000246939576882E-18, 83.00000000000000000, 1.582417347613658819E-18 ) ) ;
#2253 = EDGE_CURVE ( 'NONE', #1146, #3454, #319, .T. ) ;
#2254 = FACE_OUTER_BOUND ( 'NONE', #1889, .T. ) ;
#2255 = DIRECTION ( 'NONE',  ( -6.397590658963344466E-20, -1.000000000000000000, -1.906526924835733357E-20 ) ) ;
#2256 = ORIENTED_EDGE ( 'NONE', *, *, #3458, .F. ) ;
#2257 = AXIS2_PLACEMENT_3D ( 'NONE', #2388, #2133, #2924 ) ;
#2258 = CARTESIAN_POINT ( 'NONE',  ( 4.623873535032641868, 34.03349934448259262, 43.75729045921977445 ) ) ;
#2259 = CARTESIAN_POINT ( 'NONE',  ( 44.00000000000000000, 83.00000000000000000, 1.582417347613658819E-18 ) ) ;
#2260 = ORIENTED_EDGE ( 'NONE', *, *, #118, .T. ) ;
#2261 = ORIENTED_EDGE ( 'NONE', *, *, #2089, .T. ) ;
#2262 = SURFACE_STYLE_FILL_AREA ( #3351 ) ;
#2263 = VERTEX_POINT ( 'NONE', #512 ) ;
#2264 = CARTESIAN_POINT ( 'NONE',  ( 3.862698854506182222, 34.82516765645923584, 42.74943949498862850 ) ) ;
#2265 = ORIENTED_EDGE ( 'NONE', *, *, #1886, .T. ) ;
#2266 = CONICAL_SURFACE ( 'NONE', #474, 3.099999999999998757, 0.7853981633974508325 ) ;
#2267 = LINE ( 'NONE', #1456, #1075 ) ;
#2268 = EDGE_CURVE ( 'NONE', #3457, #1693, #987, .T. ) ;
#2269 = CARTESIAN_POINT ( 'NONE',  ( 2.642506663723777738, 33.75453935756348756, 42.88300283503779298 ) ) ;
#2270 = EDGE_CURVE ( 'NONE', #2969, #730, #927, .T. ) ;
#2271 = SHAPE_REPRESENTATION ( 'Держатель USBL (фланец)', ( #2616 ), #2281 ) ;
#2272 = ORIENTED_EDGE ( 'NONE', *, *, #825, .F. ) ;
#2273 = CARTESIAN_POINT ( 'NONE',  ( 4.681544374197333269, 34.11699048584321758, 43.75028331043287011 ) ) ;
#2274 = CARTESIAN_POINT ( 'NONE',  ( 5.319667714999404495, 34.99815616184869072, 43.67734161225686762 ) ) ;
#2275 = CARTESIAN_POINT ( 'NONE',  ( -32.26141388623747730, 82.63935797026445584, -28.97337172488590795 ) ) ;
#2276 = CYLINDRICAL_SURFACE ( 'NONE', #2761, 5.000000000000000000 ) ;
#2277 = VERTEX_POINT ( 'NONE', #231 ) ;
#2278 = EDGE_LOOP ( 'NONE', ( #3317, #1491, #3580, #1704 ) ) ;
#2279 = ORIENTED_EDGE ( 'NONE', *, *, #2011, .F. ) ;
#2280 = DIRECTION ( 'NONE',  ( -1.000000000000000000, 0.000000000000000000, 0.000000000000000000 ) ) ;
#2281 =( GEOMETRIC_REPRESENTATION_CONTEXT ( 3 ) GLOBAL_UNCERTAINTY_ASSIGNED_CONTEXT ( ( #2732 ) ) GLOBAL_UNIT_ASSIGNED_CONTEXT ( ( #3237, #1118, #2240 ) ) REPRESENTATION_CONTEXT ( 'NONE', 'WORKASPACE' ) );
#2282 = EDGE_CURVE ( 'NONE', #817, #3181, #969, .T. ) ;
#2283 = SURFACE_STYLE_USAGE ( .BOTH. , #1189 ) ;
#2284 = ORIENTED_EDGE ( 'NONE', *, *, #1350, .F. ) ;
#2285 = FACE_OUTER_BOUND ( 'NONE', #1006, .T. ) ;
#2286 = CARTESIAN_POINT ( 'NONE',  ( -6.139534789078590293, 38.00000000000000711, 43.56955488151896816 ) ) ;
#2287 = EDGE_CURVE ( 'NONE', #3300, #1505, #690, .T. ) ;
#2288 = CARTESIAN_POINT ( 'NONE',  ( 4.809722346861113884, 34.26959670072458408, 43.73637770728872454 ) ) ;
#2289 = CARTESIAN_POINT ( 'NONE',  ( 0.4048181612250094097, 32.00985508740991037, 43.99858943753537943 ) ) ;
#2290 = VECTOR ( 'NONE', #1344, 1000.000000000000000 ) ;
#2291 = DIRECTION ( 'NONE',  ( 0.000000000000000000, 0.000000000000000000, 1.000000000000000000 ) ) ;
#2292 = ORIENTED_EDGE ( 'NONE', *, *, #60, .F. ) ;
#2293 = CARTESIAN_POINT ( 'NONE',  ( 5.000000000000000000, 38.00000000000000711, 42.57933784517401676 ) ) ;
#2294 = CIRCLE ( 'NONE', #2577, 43.00000000000002132 ) ;
#2295 = DIRECTION ( 'NONE',  ( 1.000000000000000000, 0.000000000000000000, 0.000000000000000000 ) ) ;
#2296 = ORIENTED_EDGE ( 'NONE', *, *, #2744, .F. ) ;
#2297 = DIRECTION ( 'NONE',  ( -1.000000000000000000, 0.000000000000000000, 0.000000000000000000 ) ) ;
#2298 = ORIENTED_EDGE ( 'NONE', *, *, #2353, .F. ) ;
#2299 = CARTESIAN_POINT ( 'NONE',  ( -31.03137784590861159, 82.44997612459836489, 30.55766956963802272 ) ) ;
#2300 = CARTESIAN_POINT ( 'NONE',  ( 1.377848202600442162, 33.19289797992297508, 42.96830294847372045 ) ) ;
#2301 = VECTOR ( 'NONE', #646, 1000.000000000000000 ) ;
#2302 = ORIENTED_EDGE ( 'NONE', *, *, #1968, .T. ) ;
#2303 = CARTESIAN_POINT ( 'NONE',  ( -4.759405997189032789, 36.46550214947512814, 42.61903368703620032 ) ) ;
#2304 = CARTESIAN_POINT ( 'NONE',  ( 26.51638596813748094, 83.00000000000000000, -33.11662262032560733 ) ) ;
#2305 = AXIS2_PLACEMENT_3D ( 'NONE', #1696, #626, #340 ) ;
#2306 = DIRECTION ( 'NONE',  ( -1.000000000000000000, 0.000000000000000000, 0.000000000000000000 ) ) ;
#2307 = CARTESIAN_POINT ( 'NONE',  ( -4.069948676872606086, 35.09446442140119871, 42.72178530794513307 ) ) ;
#2308 = EDGE_CURVE ( 'NONE', #2312, #2405, #160, .T. ) ;
#2309 = AXIS2_PLACEMENT_3D ( 'NONE', #3543, #3075, #588 ) ;
#2310 = ORIENTED_EDGE ( 'NONE', *, *, #947, .T. ) ;
#2311 = CARTESIAN_POINT ( 'NONE',  ( 1.608079386806558153, 33.25431032650615037, 32.46161096520769718 ) ) ;
#2312 = VERTEX_POINT ( 'NONE', #1709 ) ;
#2313 = EDGE_CURVE ( 'NONE', #1277, #768, #3461, .T. ) ;
#2314 = DIRECTION ( 'NONE',  ( -1.865879172627007192E-36, -1.000000000000000000, -3.009265538105058025E-36 ) ) ;
#2315 = ORIENTED_EDGE ( 'NONE', *, *, #2963, .F. ) ;
#2316 = DIRECTION ( 'NONE',  ( 6.397590658963344466E-20, 1.000000000000000000, 1.906526924835733357E-20 ) ) ;
#2317 = DIRECTION ( 'NONE',  ( -6.397590658963344466E-20, -1.000000000000000000, -1.906526924835733357E-20 ) ) ;
#2318 = VERTEX_POINT ( 'NONE', #2239 ) ;
#2319 = LINE ( 'NONE', #404, #2301 ) ;
#2320 = CARTESIAN_POINT ( 'NONE',  ( 1.765336401668051725, 33.32130031738221732, 42.94788551976100166 ) ) ;
#2321 = AXIS2_PLACEMENT_3D ( 'NONE', #1007, #2916, #724 ) ;
#2322 = PRESENTATION_LAYER_ASSIGNMENT (  '', '', ( #1243 ) ) ;
#2323 = CARTESIAN_POINT ( 'NONE',  ( 3.710602582198740537E-18, 58.00000000000000000, 1.105785616404725467E-18 ) ) ;
#2324 = CARTESIAN_POINT ( 'NONE',  ( 5.310000246939576882E-18, 83.00000000000000000, 1.582417347613658819E-18 ) ) ;
#2325 = CARTESIAN_POINT ( 'NONE',  ( -4.983645670366718683, 37.58757712868550271, 42.58209983314279867 ) ) ;
#2326 = DIRECTION ( 'NONE',  ( -6.397590658963344466E-20, -1.000000000000000000, -1.906526924835733357E-20 ) ) ;
#2327 = DIRECTION ( 'NONE',  ( 0.000000000000000000, 0.000000000000000000, 1.000000000000000000 ) ) ;
#2328 = CARTESIAN_POINT ( 'NONE',  ( 30.30561599761304237, 82.46219495699394031, 31.26057783454857386 ) ) ;
#2329 = ORIENTED_EDGE ( 'NONE', *, *, #2287, .T. ) ;
#2330 = EDGE_CURVE ( 'NONE', #2786, #96, #559, .T. ) ;
#2331 = CARTESIAN_POINT ( 'NONE',  ( -0.3303522904529842541, 33.00024815488453100, 32.49996182233608266 ) ) ;
#2332 = ORIENTED_EDGE ( 'NONE', *, *, #3330, .T. ) ;
#2333 = ORIENTED_EDGE ( 'NONE', *, *, #3140, .T. ) ;
#2334 = EDGE_CURVE ( 'NONE', #1116, #1826, #2248, .T. ) ;
#2335 = ORIENTED_EDGE ( 'NONE', *, *, #504, .T. ) ;
#2336 = DIRECTION ( 'NONE',  ( -0.7071067811865524577, -0.7071067811865426878, 8.658212444237927810E-17 ) ) ;
#2337 = AXIS2_PLACEMENT_3D ( 'NONE', #2851, #2042, #379 ) ;
#2338 = CARTESIAN_POINT ( 'NONE',  ( -1.051968554017775004, 33.11187688325944833, 42.98147071737412261 ) ) ;
#2339 = CARTESIAN_POINT ( 'NONE',  ( 1.298773195467911590, 33.17092692603291937, 42.97185317267783233 ) ) ;
#2340 = STYLED_ITEM ( 'NONE', ( #1978 ), #1314 ) ;
#2341 = DIRECTION ( 'NONE',  ( -8.470329472542997748E-22, 3.009265538105054016E-36, 1.000000000000000000 ) ) ;
#2342 = CARTESIAN_POINT ( 'NONE',  ( -44.00000000000000000, 8.499999999999980460, 5.389075070133549120E-15 ) ) ;
#2343 = ORIENTED_EDGE ( 'NONE', *, *, #2745, .T. ) ;
#2344 = DIRECTION ( 'NONE',  ( -1.000000000000000000, 0.000000000000000000, 0.000000000000000000 ) ) ;
#2345 = AXIS2_PLACEMENT_3D ( 'NONE', #113, #3444, #1219 ) ;
#2346 = CARTESIAN_POINT ( 'NONE',  ( -3.888131052571457857, 34.85633096595162783, 42.74612116856691557 ) ) ;
#2347 = ORIENTED_EDGE ( 'NONE', *, *, #996, .T. ) ;
#2348 = EDGE_LOOP ( 'NONE', ( #3409, #2898, #1448, #1345 ) ) ;
#2349 = CIRCLE ( 'NONE', #3445, 43.49999999999998579 ) ;
#2350 = CIRCLE ( 'NONE', #913, 3.000000000000006217 ) ;
#2351 = ORIENTED_EDGE ( 'NONE', *, *, #1372, .T. ) ;
#2352 = CARTESIAN_POINT ( 'NONE',  ( 3.649285039560627109, 34.58102372586401430, 42.77648316954709173 ) ) ;
#2353 = EDGE_CURVE ( 'NONE', #1970, #1785, #2771, .T. ) ;
#2354 = CYLINDRICAL_SURFACE ( 'NONE', #680, 4.000000000000001776 ) ;
#2355 = DIRECTION ( 'NONE',  ( -6.397590658963344466E-20, -1.000000000000000000, -1.906526924835733357E-20 ) ) ;
#2356 = EDGE_CURVE ( 'NONE', #210, #2016, #3447, .T. ) ;
#2357 = PRODUCT_DEFINITION_SHAPE ( 'NONE', 'NONE',  #1064 ) ;
#2358 = VECTOR ( 'NONE', #1580, 1000.000000000000000 ) ;
#2359 = FACE_OUTER_BOUND ( 'NONE', #2278, .T. ) ;
#2360 = CARTESIAN_POINT ( 'NONE',  ( -32.50000000000000711, 58.00000000000000000, 3.981207882845303988E-15 ) ) ;
#2361 = ORIENTED_EDGE ( 'NONE', *, *, #3019, .F. ) ;
#2362 = AXIS2_PLACEMENT_3D ( 'NONE', #2953, #1577, #1039 ) ;
#2363 = CARTESIAN_POINT ( 'NONE',  ( -26.51638596813748450, 83.00000000000000000, 26.51662262032558104 ) ) ;
#2364 = ORIENTED_EDGE ( 'NONE', *, *, #2701, .T. ) ;
#2365 = AXIS2_PLACEMENT_3D ( 'NONE', #3044, #1438, #2750 ) ;
#2366 = LINE ( 'NONE', #673, #1668 ) ;
#2367 = ORIENTED_EDGE ( 'NONE', *, *, #1375, .T. ) ;
#2368 = VERTEX_POINT ( 'NONE', #2556 ) ;
#2369 = CARTESIAN_POINT ( 'NONE',  ( 4.679440007707030169, 36.23658075217085894, 42.63178670136984039 ) ) ;
#2370 = PLANE ( 'NONE',  #1812 ) ;
#2371 = ORIENTED_EDGE ( 'NONE', *, *, #619, .T. ) ;
#2372 = ADVANCED_FACE ( 'NONE', ( #3401 ), #3431, .F. ) ;
#2373 = CARTESIAN_POINT ( 'NONE',  ( 5.310000246939576882E-18, 83.00000000000000000, -35.00000000000000000 ) ) ;
#2374 = CARTESIAN_POINT ( 'NONE',  ( -26.51638596813748450, 58.00000000000000000, 26.51662262032558104 ) ) ;
#2375 = LINE ( 'NONE', #1090, #3446 ) ;
#2376 = AXIS2_PLACEMENT_3D ( 'NONE', #1465, #2546, #2297 ) ;
#2377 = ADVANCED_FACE ( 'NONE', ( #2359 ), #923, .F. ) ;
#2378 = CARTESIAN_POINT ( 'NONE',  ( -26.51650429449560420, 8.000000000000000000, -26.51650429449550828 ) ) ;
#2379 = EDGE_LOOP ( 'NONE', ( #1309, #1656, #668, #17, #55, #3412, #2808, #990 ) ) ;
#2380 = CARTESIAN_POINT ( 'NONE',  ( 5.000000000000000000, 38.00000000000000711, 32.11308144666283226 ) ) ;
#2381 = EDGE_LOOP ( 'NONE', ( #1599, #3190 ) ) ;
#2382 = DIRECTION ( 'NONE',  ( 0.000000000000000000, 0.7071067811865512365, 0.7071067811865439090 ) ) ;
#2383 = CARTESIAN_POINT ( 'NONE',  ( 1.286932178178171959, 33.16568110088527277, 42.97265482448953833 ) ) ;
#2384 = DIRECTION ( 'NONE',  ( 0.000000000000000000, 3.009265538105054350E-36, 1.000000000000000000 ) ) ;
#2385 = CARTESIAN_POINT ( 'NONE',  ( -44.00000000000000000, 59.00000000000001421, 5.389790017730363122E-15 ) ) ;
#2386 = ORIENTED_EDGE ( 'NONE', *, *, #355, .F. ) ;
#2387 = CARTESIAN_POINT ( 'NONE',  ( -3.966749483984915781, 34.95181059072253049, 42.73589901873140207 ) ) ;
#2388 = CARTESIAN_POINT ( 'NONE',  ( -26.51662262032568762, 83.00000000000000000, -26.51638596813737792 ) ) ;
#2389 = CYLINDRICAL_SURFACE ( 'NONE', #853, 32.50000000000000711 ) ;
#2390 = EDGE_CURVE ( 'NONE', #2901, #3300, #1170, .T. ) ;
#2391 = LINE ( 'NONE', #2698, #789 ) ;
#2392 = DIRECTION ( 'NONE',  ( -1.865879172627007192E-36, -1.000000000000000000, -3.009265538105058025E-36 ) ) ;
#2393 = CARTESIAN_POINT ( 'NONE',  ( -5.805009760848913736, 57.83380610672708855, 43.27886399150704477 ) ) ;
#2394 = ORIENTED_EDGE ( 'NONE', *, *, #3262, .T. ) ;
#2395 = ADVANCED_FACE ( 'NONE', ( #1226 ), #1501, .F. ) ;
#2396 = AXIS2_PLACEMENT_3D ( 'NONE', #3137, #2578, #3422 ) ;
#2397 = DIRECTION ( 'NONE',  ( -1.000000000000000000, 0.000000000000000000, 0.000000000000000000 ) ) ;
#2398 = ORIENTED_EDGE ( 'NONE', *, *, #2177, .F. ) ;
#2399 = DIRECTION ( 'NONE',  ( -1.000000000000000000, 0.000000000000000000, 0.000000000000000000 ) ) ;
#2400 = VECTOR ( 'NONE', #2686, 999.9999999999998863 ) ;
#2401 = ORIENTED_EDGE ( 'NONE', *, *, #2011, .T. ) ;
#2402 = VECTOR ( 'NONE', #3379, 1000.000000000000000 ) ;
#2403 = FACE_BOUND ( 'NONE', #2630, .T. ) ;
#2404 = AXIS2_PLACEMENT_3D ( 'NONE', #1756, #3161, #2584 ) ;
#2405 = VERTEX_POINT ( 'NONE', #207 ) ;
#2406 = CARTESIAN_POINT ( 'NONE',  ( 0.000000000000000000, 0.000000000000000000, 0.000000000000000000 ) ) ;
#2407 = CARTESIAN_POINT ( 'NONE',  ( -4.999999999999999112, 57.83331809053638040, 32.45038412141038719 ) ) ;
#2408 = DIRECTION ( 'NONE',  ( 0.000000000000000000, 0.000000000000000000, -1.000000000000000000 ) ) ;
#2409 = CARTESIAN_POINT ( 'NONE',  ( -3.188419746608129213, 34.14849695241606753, 42.82944038998920888 ) ) ;
#2410 = DIRECTION ( 'NONE',  ( -6.397590658963344466E-20, -1.000000000000000000, -1.906526924835733357E-20 ) ) ;
#2411 = ORIENTED_EDGE ( 'NONE', *, *, #1781, .T. ) ;
#2412 = AXIS2_PLACEMENT_3D ( 'NONE', #1593, #2696, #1070 ) ;
#2413 = CARTESIAN_POINT ( 'NONE',  ( 3.726944967918917881E-20, 8.000000000000000000, -44.00000000000000000 ) ) ;
#2414 = PRODUCT ( 'Держатель USBL (фланец)', 'Держатель USBL (фланец)', '', ( #1478 ) ) ;
#2415 = EDGE_CURVE ( 'NONE', #915, #3554, #29, .T. ) ;
#2416 = LINE ( 'NONE', #3254, #1296 ) ;
#2417 = EDGE_LOOP ( 'NONE', ( #2487, #2332, #2777, #1697, #2411, #3151 ) ) ;
#2418 = CARTESIAN_POINT ( 'NONE',  ( 0.000000000000000000, 8.000000000000000000, 0.000000000000000000 ) ) ;
#2419 = DIRECTION ( 'NONE',  ( 0.000000000000000000, 1.000000000000000000, 0.000000000000000000 ) ) ;
#2420 = EDGE_CURVE ( 'NONE', #1994, #149, #1853, .T. ) ;
#2421 = AXIS2_PLACEMENT_3D ( 'NONE', #3081, #2805, #3009 ) ;
#2422 = CARTESIAN_POINT ( 'NONE',  ( 5.118072527170678462E-19, 8.000000000000000000, 1.525221539868586926E-19 ) ) ;
#2423 = DIRECTION ( 'NONE',  ( 0.000000000000000000, 1.000000000000000000, 0.000000000000000000 ) ) ;
#2424 = ORIENTED_EDGE ( 'NONE', *, *, #1781, .F. ) ;
#2425 = CARTESIAN_POINT ( 'NONE',  ( -3.811569892114084812, 34.76293763018301064, 42.75609303871595301 ) ) ;
#2426 = DIRECTION ( 'NONE',  ( 1.000000000000000000, 0.000000000000000000, 0.000000000000000000 ) ) ;
#2427 = DIRECTION ( 'NONE',  ( 0.000000000000000000, 1.000000000000000000, 0.000000000000000000 ) ) ;
#2428 = CARTESIAN_POINT ( 'NONE',  ( 3.678614628903921437E-18, 57.49999999999997868, 1.096252981780546265E-18 ) ) ;
#2429 = CARTESIAN_POINT ( 'NONE',  ( -26.51662262032568762, 79.50000000000000000, -26.51638596813737792 ) ) ;
#2430 = VECTOR ( 'NONE', #282, 1000.000000000000000 ) ;
#2431 = ORIENTED_EDGE ( 'NONE', *, *, #2415, .T. ) ;
#2432 = EDGE_LOOP ( 'NONE', ( #3525, #23, #398, #1315, #2511, #3035, #1821 ) ) ;
#2433 = CIRCLE ( 'NONE', #279, 3.099999999999998757 ) ;
#2434 = CARTESIAN_POINT ( 'NONE',  ( -0.3970516012196854128, 32.01175284428180134, 43.99832329065931447 ) ) ;
#2435 = ORIENTED_EDGE ( 'NONE', *, *, #2834, .T. ) ;
#2436 = PRODUCT_RELATED_PRODUCT_CATEGORY ( 'part', '', ( #2991 ) ) ;
#2437 = DIRECTION ( 'NONE',  ( -6.397590658963344466E-20, -1.000000000000000000, -1.906526924835733357E-20 ) ) ;
#2438 = ORIENTED_EDGE ( 'NONE', *, *, #3418, .F. ) ;
#2439 = CARTESIAN_POINT ( 'NONE',  ( -2.805049571059981872, 32.66192517927863292, 43.91058741548113176 ) ) ;
#2440 = CARTESIAN_POINT ( 'NONE',  ( 3.360386566899147276, 34.29737171652285355, 42.81050634638792474 ) ) ;
#2441 = EDGE_CURVE ( 'NONE', #3117, #1236, #1342, .T. ) ;
#2442 = CARTESIAN_POINT ( 'NONE',  ( 44.00000000000000000, 58.00000000000000000, 1.105785616404725467E-18 ) ) ;
#2443 = UNCERTAINTY_MEASURE_WITH_UNIT (LENGTH_MEASURE( 1.000000000000000082E-05 ), #910, 'distance_accuracy_value', 'NONE');
#2444 = CARTESIAN_POINT ( 'NONE',  ( 0.000000000000000000, 8.000000000000000000, 0.000000000000000000 ) ) ;
#2445 = DIRECTION ( 'NONE',  ( 0.000000000000000000, 1.000000000000000000, 0.000000000000000000 ) ) ;
#2446 = CARTESIAN_POINT ( 'NONE',  ( -26.51662262032568762, 58.00000000000000000, -26.51638596813737792 ) ) ;
#2448 = ORIENTED_EDGE ( 'NONE', *, *, #1869, .T. ) ;
#2447 =( GEOMETRIC_REPRESENTATION_CONTEXT ( 3 ) GLOBAL_UNCERTAINTY_ASSIGNED_CONTEXT ( ( #225 ) ) GLOBAL_UNIT_ASSIGNED_CONTEXT ( ( #533, #202, #807 ) ) REPRESENTATION_CONTEXT ( 'NONE', 'WORKASPACE' ) );
#2449 = CARTESIAN_POINT ( 'NONE',  ( 3.330547059575599711, 32.95860323553355187, 43.87384814346315665 ) ) ;
#2450 = DIRECTION ( 'NONE',  ( -1.000000000000000000, 0.000000000000000000, 0.000000000000000000 ) ) ;
#2451 = ORIENTED_EDGE ( 'NONE', *, *, #1866, .F. ) ;
#2452 = CARTESIAN_POINT ( 'NONE',  ( 2.100000000000001865, 0.000000000000000000, -3.308722450212110699E-21 ) ) ;
#2453 = VERTEX_POINT ( 'NONE', #3548 ) ;
#2454 = CARTESIAN_POINT ( 'NONE',  ( 3.217025001056842637, 34.17196666635898339, 42.82639105518170197 ) ) ;
#2455 = DIRECTION ( 'NONE',  ( 6.397590658963344466E-20, 1.000000000000000000, 1.906526924835733357E-20 ) ) ;
#2456 = LINE ( 'NONE', #1104, #546 ) ;
#2457 = VECTOR ( 'NONE', #460, 1000.000000000000000 ) ;
#2458 = FACE_OUTER_BOUND ( 'NONE', #1533, .T. ) ;
#2459 = SURFACE_STYLE_USAGE ( .BOTH. , #1643 ) ;
#2460 = EDGE_CURVE ( 'NONE', #1826, #1631, #465, .T. ) ;
#2461 = AXIS2_PLACEMENT_3D ( 'NONE', #472, #2918, #2610 ) ;
#2462 = CARTESIAN_POINT ( 'NONE',  ( 29.00000000000002842, 8.000000000000000000, -2.646977960169688560E-20 ) ) ;
#2463 = DIRECTION ( 'NONE',  ( 6.397590658963344466E-20, 1.000000000000000000, 1.906526924835733357E-20 ) ) ;
#2464 = CARTESIAN_POINT ( 'NONE',  ( -26.51662262032568762, 79.50000000000000000, -26.51638596813737792 ) ) ;
#2465 = EDGE_CURVE ( 'NONE', #255, #88, #2955, .T. ) ;
#2466 = CARTESIAN_POINT ( 'NONE',  ( -2.807086437319305627, 33.86232539709735079, 42.86785796704398876 ) ) ;
#2467 = CARTESIAN_POINT ( 'NONE',  ( 44.00000000000002842, 4.000000000000000000, 0.000000000000000000 ) ) ;
#2468 = DIRECTION ( 'NONE',  ( -1.000000000000000000, 0.000000000000000000, 0.000000000000000000 ) ) ;
#2469 = CARTESIAN_POINT ( 'NONE',  ( 29.00000000000002842, 4.000000000000000000, -2.646977960169688560E-20 ) ) ;
#2470 = ORIENTED_EDGE ( 'NONE', *, *, #2268, .F. ) ;
#2471 = CARTESIAN_POINT ( 'NONE',  ( -26.51662262032568762, 83.00000000000000000, -26.51638596813737792 ) ) ;
#2472 = VECTOR ( 'NONE', #1201, 1000.000000000000000 ) ;
#2473 = ORIENTED_EDGE ( 'NONE', *, *, #1451, .F. ) ;
#2474 = CARTESIAN_POINT ( 'NONE',  ( 3.171396899436944139, 34.13447884847517599, 42.83126018583218553 ) ) ;
#2475 = PRODUCT_DEFINITION_SHAPE ( 'NONE', 'NONE',  #2036 ) ;
#2476 = CONICAL_SURFACE ( 'NONE', #641, 32.50000000000000711, 0.7853981633974482790 ) ;
#2477 = CARTESIAN_POINT ( 'NONE',  ( -0.6516650382592018564, 33.04196577471797980, 42.99299982566807188 ) ) ;
#2478 = CARTESIAN_POINT ( 'NONE',  ( 0.000000000000000000, 8.000000000000000000, -33.00000000000002842 ) ) ;
#2479 = CARTESIAN_POINT ( 'NONE',  ( 23.41638596813747952, 58.00000000000000000, -26.51662262032558459 ) ) ;
#2480 = ADVANCED_FACE ( 'NONE', ( #2685, #185, #3345 ), #2538, .F. ) ;
#2481 = DIRECTION ( 'NONE',  ( 1.865879172627007192E-36, 1.000000000000000000, 3.009265538105058025E-36 ) ) ;
#2482 = AXIS2_PLACEMENT_3D ( 'NONE', #1633, #507, #1343 ) ;
#2483 = EDGE_LOOP ( 'NONE', ( #1079, #2625, #71 ) ) ;
#2484 = DIRECTION ( 'NONE',  ( -8.470329472542997748E-22, 3.009265538105054016E-36, 1.000000000000000000 ) ) ;
#2485 = DIRECTION ( 'NONE',  ( -1.000000000000000000, 0.000000000000000000, 0.000000000000000000 ) ) ;
#2486 = ORIENTED_EDGE ( 'NONE', *, *, #1869, .F. ) ;
#2487 = ORIENTED_EDGE ( 'NONE', *, *, #2330, .T. ) ;
#2488 = ADVANCED_FACE ( 'NONE', ( #2233 ), #2803, .F. ) ;
#2489 = CARTESIAN_POINT ( 'NONE',  ( -32.75952791075225434, 82.83486375380620359, -28.10955157604861299 ) ) ;
#2490 = VECTOR ( 'NONE', #2828, 1000.000000000000000 ) ;
#2491 = CARTESIAN_POINT ( 'NONE',  ( -42.99999999999997868, 58.00000000000000000, 1.105785616404725467E-18 ) ) ;
#2492 = VERTEX_POINT ( 'NONE', #2782 ) ;
#2493 = VECTOR ( 'NONE', #2392, 1000.000000000000000 ) ;
#2494 = DIRECTION ( 'NONE',  ( 6.397590658963344466E-20, 1.000000000000000000, 1.906526924835733357E-20 ) ) ;
#2495 = ORIENTED_EDGE ( 'NONE', *, *, #1824, .T. ) ;
#2496 = CARTESIAN_POINT ( 'NONE',  ( 3.833173693812763183, 34.78952196160322785, 42.75327179351985052 ) ) ;
#2497 = EDGE_LOOP ( 'NONE', ( #1384, #2806, #2107, #1231, #2088 ) ) ;
#2498 = FACE_OUTER_BOUND ( 'NONE', #615, .T. ) ;
#2499 = PLANE ( 'NONE',  #299 ) ;
#2500 = DIRECTION ( 'NONE',  ( 6.397590658963344466E-20, 1.000000000000000000, 1.906526924835733357E-20 ) ) ;
#2501 = VERTEX_POINT ( 'NONE', #302 ) ;
#2502 = ORIENTED_EDGE ( 'NONE', *, *, #360, .T. ) ;
#2503 = CARTESIAN_POINT ( 'NONE',  ( 3.072210061662912661, 32.80154314818508254, 43.89297032691899147 ) ) ;
#2504 = LINE ( 'NONE', #246, #1797 ) ;
#2505 = AXIS2_PLACEMENT_3D ( 'NONE', #2223, #3328, #2243 ) ;
#2506 = CARTESIAN_POINT ( 'NONE',  ( -4.910602911527775838, 37.05850464964189683, 42.59431729057337179 ) ) ;
#2507 = MECHANICAL_DESIGN_GEOMETRIC_PRESENTATION_REPRESENTATION (  '', ( #1818 ), #3542 ) ;
#2508 = CARTESIAN_POINT ( 'NONE',  ( 32.45120131155496068, 82.68735280253284259, -28.69383981443518294 ) ) ;
#2509 = CARTESIAN_POINT ( 'NONE',  ( 4.832430968445303066, 36.70599736054265350, 42.60722798856088644 ) ) ;
#2510 = ADVANCED_FACE ( 'NONE', ( #2254 ), #1916, .F. ) ;
#2511 = ORIENTED_EDGE ( 'NONE', *, *, #39, .F. ) ;
#2512 = CARTESIAN_POINT ( 'NONE',  ( -26.51638596813748450, 58.00000000000000000, 26.51662262032558104 ) ) ;
#2513 = AXIS2_PLACEMENT_3D ( 'NONE', #973, #148, #3493 ) ;
#2514 = ORIENTED_EDGE ( 'NONE', *, *, #996, .F. ) ;
#2515 = CARTESIAN_POINT ( 'NONE',  ( -33.03956772826901300, 83.00000000000000000, 27.52066431482217368 ) ) ;
#2516 = VECTOR ( 'NONE', #62, 1000.000000000000000 ) ;
#2517 = CIRCLE ( 'NONE', #1539, 32.50000000000000711 ) ;
#2518 = CARTESIAN_POINT ( 'NONE',  ( 29.00000000000002842, 8.000000000000000000, 2.500000000000000888 ) ) ;
#2519 = VERTEX_POINT ( 'NONE', #1934 ) ;
#2520 = CARTESIAN_POINT ( 'NONE',  ( -2.100000000000002309, 0.000000000000000000, -33.00000000000002842 ) ) ;
#2521 = ORIENTED_EDGE ( 'NONE', *, *, #2356, .F. ) ;
#2522 = CARTESIAN_POINT ( 'NONE',  ( 5.508327426531418602, 35.34293084893140247, 43.65395015200702034 ) ) ;
#2523 = DIRECTION ( 'NONE',  ( -1.865879172627007192E-36, -1.000000000000000000, -3.009265538105058025E-36 ) ) ;
#2524 = CARTESIAN_POINT ( 'NONE',  ( -31.69584040300412653, 82.49814945971326097, -29.80308663282002968 ) ) ;
#2525 = CARTESIAN_POINT ( 'NONE',  ( 0.000000000000000000, 38.00000000000000711, 50.00000000000000000 ) ) ;
#2526 = EDGE_LOOP ( 'NONE', ( #1585, #1044, #3377, #2998, #35 ) ) ;
#2527 = EDGE_CURVE ( 'NONE', #2016, #1872, #1190, .T. ) ;
#2528 = ORIENTED_EDGE ( 'NONE', *, *, #2356, .T. ) ;
#2529 = EDGE_LOOP ( 'NONE', ( #3174, #2770 ) ) ;
#2530 = VECTOR ( 'NONE', #2336, 1000.000000000000000 ) ;
#2531 = EDGE_CURVE ( 'NONE', #508, #3386, #536, .T. ) ;
#2532 = EDGE_LOOP ( 'NONE', ( #2724, #295, #2431, #2703, #1721, #837 ) ) ;
#2533 = EDGE_LOOP ( 'NONE', ( #3344, #434, #109, #2626 ) ) ;
#2534 = LINE ( 'NONE', #3077, #2976 ) ;
#2535 = AXIS2_PLACEMENT_3D ( 'NONE', #123, #2882, #1538 ) ;
#2536 = CARTESIAN_POINT ( 'NONE',  ( -28.84441020371194142, 4.000000000000000000, -3.000000000000003997 ) ) ;
#2537 = EDGE_LOOP ( 'NONE', ( #1784, #3568, #2932, #2495, #3353 ) ) ;
#2538 = PLANE ( 'NONE',  #808 ) ;
#2539 = ORIENTED_EDGE ( 'NONE', *, *, #3183, .T. ) ;
#2540 = ORIENTED_EDGE ( 'NONE', *, *, #3398, .F. ) ;
#2541 = VECTOR ( 'NONE', #949, 1000.000000000000000 ) ;
#2542 = CARTESIAN_POINT ( 'NONE',  ( 4.881700452294942316, 34.34003052154619695, 43.72893590498823357 ) ) ;
#2543 = CARTESIAN_POINT ( 'NONE',  ( -6.039574688465857655, 36.91724629324665585, 43.58352823361546768 ) ) ;
#2544 = ORIENTED_EDGE ( 'NONE', *, *, #656, .T. ) ;
#2545 = CARTESIAN_POINT ( 'NONE',  ( -3.976500006630081074, 34.95138092801254714, 32.25633099152548056 ) ) ;
#2546 = DIRECTION ( 'NONE',  ( -6.397590658963344466E-20, -1.000000000000000000, -1.906526924835733357E-20 ) ) ;
#2547 = EDGE_LOOP ( 'NONE', ( #1431, #2585 ) ) ;
#2548 = ADVANCED_FACE ( 'NONE', ( #2285 ), #1661, .T. ) ;
#2549 = AXIS2_PLACEMENT_3D ( 'NONE', #2163, #523, #1649 ) ;
#2550 = DIRECTION ( 'NONE',  ( -1.000000000000000000, 0.000000000000000000, 0.000000000000000000 ) ) ;
#2551 = ADVANCED_FACE ( 'NONE', ( #3105, #661, #345, #1793, #1220, #974 ), #919, .T. ) ;
#2552 = CARTESIAN_POINT ( 'NONE',  ( -4.957074109621924407, 37.34107141286337139, 42.58656722936741090 ) ) ;
#2553 = DIRECTION ( 'NONE',  ( -1.865879172627007192E-36, -1.000000000000000000, -3.009265538105058025E-36 ) ) ;
#2554 = CARTESIAN_POINT ( 'NONE',  ( 1.981466333655979462, 32.31763501282270568, 43.95578785910200992 ) ) ;
#2555 = DIRECTION ( 'NONE',  ( 1.865879172627007192E-36, 1.000000000000000000, 3.009265538105058025E-36 ) ) ;
#2556 = CARTESIAN_POINT ( 'NONE',  ( 43.89760813529596817, 8.000000000000000000, -3.000000000000003997 ) ) ;
#2557 = DIRECTION ( 'NONE',  ( -1.000000000000000000, 0.000000000000000000, 0.000000000000000000 ) ) ;
#2558 = ORIENTED_EDGE ( 'NONE', *, *, #2247, .T. ) ;
#2559 = LINE ( 'NONE', #1208, #3165 ) ;
#2560 = AXIS2_PLACEMENT_3D ( 'NONE', #2422, #439, #1608 ) ;
#2561 = CARTESIAN_POINT ( 'NONE',  ( 26.51662262032568407, 58.00000000000000000, 26.51638596813738147 ) ) ;
#2562 = ORIENTED_EDGE ( 'NONE', *, *, #3480, .F. ) ;
#2563 = CARTESIAN_POINT ( 'NONE',  ( -29.61638596813748237, 79.50000000000000000, 26.51662262032558104 ) ) ;
#2564 = ORIENTED_EDGE ( 'NONE', *, *, #2282, .T. ) ;
#2565 = CARTESIAN_POINT ( 'NONE',  ( 1.139056898753594949, 33.13077505670096201, 42.97837719061761419 ) ) ;
#2566 = CARTESIAN_POINT ( 'NONE',  ( 43.49999999999998579, 58.00000000000000000, 1.105785616404725467E-18 ) ) ;
#2567 = CIRCLE ( 'NONE', #1485, 2.499999999999998668 ) ;
#2568 = ADVANCED_FACE ( 'NONE', ( #678 ), #2856, .F. ) ;
#2569 = DIRECTION ( 'NONE',  ( 1.000000000000000000, 0.000000000000000000, 0.000000000000000000 ) ) ;
#2570 = AXIS2_PLACEMENT_3D ( 'NONE', #958, #2886, #2049 ) ;
#2571 = ADVANCED_FACE ( 'NONE', ( #2659 ), #2098, .T. ) ;
#2572 = VECTOR ( 'NONE', #3544, 1000.000000000000000 ) ;
#2573 = DIRECTION ( 'NONE',  ( 6.397590658963344466E-20, 1.000000000000000000, 1.906526924835733357E-20 ) ) ;
#2574 = DIRECTION ( 'NONE',  ( -6.397590658963317985E-20, -1.000000000000000000, -1.906526924835734862E-20 ) ) ;
#2575 = ORIENTED_EDGE ( 'NONE', *, *, #1642, .F. ) ;
#2576 = CARTESIAN_POINT ( 'NONE',  ( -44.00000000000000000, 8.499999999999980460, 1.620547886110370525E-19 ) ) ;
#2577 = AXIS2_PLACEMENT_3D ( 'NONE', #2064, #2316, #624 ) ;
#2578 = DIRECTION ( 'NONE',  ( -6.397590658963344466E-20, -1.000000000000000000, -1.906526924835733357E-20 ) ) ;
#2579 = CARTESIAN_POINT ( 'NONE',  ( 35.00000000000000000, 58.00000000000000000, -2.142026112891463280E-15 ) ) ;
#2580 = VERTEX_POINT ( 'NONE', #1319 ) ;
#2581 = APPLICATION_PROTOCOL_DEFINITION ( 'draft international standard', 'automotive_design', 1998, #753 ) ;
#2582 = DIRECTION ( 'NONE',  ( -1.000000000000000000, 0.000000000000000000, -1.776356839400250465E-15 ) ) ;
#2583 = CARTESIAN_POINT ( 'NONE',  ( 0.5710883184739493634, 33.03204967453768148, 42.99463545812826482 ) ) ;
#2584 = DIRECTION ( 'NONE',  ( 1.000000000000000000, 0.000000000000000000, 0.000000000000000000 ) ) ;
#2585 = ORIENTED_EDGE ( 'NONE', *, *, #3032, .F. ) ;
#2586 = DIRECTION ( 'NONE',  ( 1.000000000000000000, 0.000000000000000000, 0.000000000000000000 ) ) ;
#2587 = CARTESIAN_POINT ( 'NONE',  ( -4.553138265600604306, 35.93221744529117245, 42.65148410558184366 ) ) ;
#2588 = DIRECTION ( 'NONE',  ( 0.000000000000000000, 0.000000000000000000, 1.000000000000000000 ) ) ;
#2589 = CARTESIAN_POINT ( 'NONE',  ( 33.03956772826900590, 83.00000000000000000, -27.52066431482217723 ) ) ;
#2590 = EDGE_CURVE ( 'NONE', #2061, #988, #259, .T. ) ;
#2591 = AXIS2_PLACEMENT_3D ( 'NONE', #240, #2000, #1982 ) ;
#2592 = CARTESIAN_POINT ( 'NONE',  ( -3.912452209828257477, 34.88655019595202589, 42.74293049672676403 ) ) ;
#2593 = DIRECTION ( 'NONE',  ( -1.000000000000000000, 0.000000000000000000, -6.308085367188367561E-15 ) ) ;
#2594 = VERTEX_POINT ( 'NONE', #3224 ) ;
#2595 = EDGE_CURVE ( 'NONE', #1168, #858, #3508, .T. ) ;
#2596 = CARTESIAN_POINT ( 'NONE',  ( -1.616128244628165067, 33.25720592596915992, 32.46118972140741477 ) ) ;
#2597 = LINE ( 'NONE', #2669, #1241 ) ;
#2598 = EDGE_LOOP ( 'NONE', ( #2017, #3334, #2351, #2687 ) ) ;
#2599 = EDGE_CURVE ( 'NONE', #1966, #3454, #2635, .T. ) ;
#2600 = CIRCLE ( 'NONE', #1753, 2.499999999999998668 ) ;
#2601 = CIRCLE ( 'NONE', #2948, 3.099999999999998757 ) ;
#2602 = CYLINDRICAL_SURFACE ( 'NONE', #3185, 2.499999999999998668 ) ;
#2603 = DIRECTION ( 'NONE',  ( -1.000000000000000000, 0.000000000000000000, 0.000000000000000000 ) ) ;
#2604 = LINE ( 'NONE', #392, #1065 ) ;
#2605 = ORIENTED_EDGE ( 'NONE', *, *, #3519, .T. ) ;
#2606 = CARTESIAN_POINT ( 'NONE',  ( 2.501538037788228586, 33.66765889354896046, 32.40390900326402601 ) ) ;
#2607 = EDGE_CURVE ( 'NONE', #1153, #3305, #1499, .T. ) ;
#2608 = DIRECTION ( 'NONE',  ( 1.000000000000000000, 0.000000000000000000, 0.000000000000000000 ) ) ;
#2609 = ORIENTED_EDGE ( 'NONE', *, *, #2460, .T. ) ;
#2610 = DIRECTION ( 'NONE',  ( -1.000000000000000000, 0.000000000000000000, 0.000000000000000000 ) ) ;
#2611 = FACE_OUTER_BOUND ( 'NONE', #3277, .T. ) ;
#2612 = ADVANCED_FACE ( 'NONE', ( #3560 ), #2191, .F. ) ;
#2613 = CARTESIAN_POINT ( 'NONE',  ( -43.49999999999998579, 58.00000000000000000, 5.328319361907389829E-15 ) ) ;
#2614 = AXIS2_PLACEMENT_3D ( 'NONE', #1048, #747, #142 ) ;
#2615 = ORIENTED_EDGE ( 'NONE', *, *, #9, .T. ) ;
#2616 = AXIS2_PLACEMENT_3D ( 'NONE', #1738, #2837, #361 ) ;
#2617 =( NAMED_UNIT ( * ) SI_UNIT ( $, .STERADIAN. ) SOLID_ANGLE_UNIT ( ) );
#2618 = DIRECTION ( 'NONE',  ( 1.865879172627007192E-36, 1.000000000000000000, 3.009265538105058025E-36 ) ) ;
#2619 = VERTEX_POINT ( 'NONE', #3296 ) ;
#2620 = DIRECTION ( 'NONE',  ( -1.000000000000000000, 0.000000000000000000, 0.000000000000000000 ) ) ;
#2621 = CARTESIAN_POINT ( 'NONE',  ( -3.608596804045311135, 34.53873538340469906, 42.78142608833717730 ) ) ;
#2622 = FACE_OUTER_BOUND ( 'NONE', #755, .T. ) ;
#2623 =( NAMED_UNIT ( * ) SI_UNIT ( $, .STERADIAN. ) SOLID_ANGLE_UNIT ( ) );
#2624 = ORIENTED_EDGE ( 'NONE', *, *, #2420, .T. ) ;
#2625 = ORIENTED_EDGE ( 'NONE', *, *, #977, .T. ) ;
#2626 = ORIENTED_EDGE ( 'NONE', *, *, #2811, .F. ) ;
#2627 = CARTESIAN_POINT ( 'NONE',  ( 29.00000000000002842, 0.000000000000000000, -2.646977960169688560E-20 ) ) ;
#2628 = CIRCLE ( 'NONE', #1544, 44.00000000000000000 ) ;
#2629 = CARTESIAN_POINT ( 'NONE',  ( 4.289974399597935512E-15, 58.00000000000000000, 35.00000000000000000 ) ) ;
#2630 = EDGE_LOOP ( 'NONE', ( #1003, #1999 ) ) ;
#2631 = ADVANCED_FACE ( 'NONE', ( #3338 ), #1949, .F. ) ;
#2632 = ADVANCED_FACE ( 'NONE', ( #550 ), #2781, .F. ) ;
#2633 = DIRECTION ( 'NONE',  ( -1.000000000000000000, 0.000000000000000000, 0.000000000000000000 ) ) ;
#2634 = CARTESIAN_POINT ( 'NONE',  ( -3.474985848769001962, 34.40399218978868134, 42.79738547597179377 ) ) ;
#2635 = CIRCLE ( 'NONE', #933, 44.00000000000000000 ) ;
#2636 = DIRECTION ( 'NONE',  ( -1.000000000000000000, 0.000000000000000000, 0.000000000000000000 ) ) ;
#2637 = DIRECTION ( 'NONE',  ( -1.000000000000000000, 0.000000000000000000, 0.000000000000000000 ) ) ;
#2638 = DIRECTION ( 'NONE',  ( 6.397590658963414281E-20, 1.000000000000000000, 1.906526924835742084E-20 ) ) ;
#2639 = AXIS2_PLACEMENT_3D ( 'NONE', #903, #1388, #2468 ) ;
#2640 = CARTESIAN_POINT ( 'NONE',  ( -3.179919902656493935, 34.14148700465226227, 42.83034995935170031 ) ) ;
#2641 = CARTESIAN_POINT ( 'NONE',  ( -26.51638596813748450, 79.50000000000000000, 26.51662262032558104 ) ) ;
#2642 = DIRECTION ( 'NONE',  ( -6.397590658963344466E-20, -1.000000000000000000, -1.906526924835733357E-20 ) ) ;
#2643 = VERTEX_POINT ( 'NONE', #2211 ) ;
#2644 = CIRCLE ( 'NONE', #3236, 3.099999999999998757 ) ;
#2645 = CIRCLE ( 'NONE', #1026, 44.00000000000000000 ) ;
#2646 = DIRECTION ( 'NONE',  ( -1.000000000000000000, 0.000000000000000000, 0.000000000000000000 ) ) ;
#2647 = LINE ( 'NONE', #948, #1558 ) ;
#2648 = FACE_BOUND ( 'NONE', #1059, .T. ) ;
#2649 = ORIENTED_EDGE ( 'NONE', *, *, #2599, .F. ) ;
#2650 = CIRCLE ( 'NONE', #3127, 4.000000000000001776 ) ;
#2651 = CARTESIAN_POINT ( 'NONE',  ( 23.41662262032568620, 83.00000000000000000, 26.51638596813738147 ) ) ;
#2652 = EDGE_LOOP ( 'NONE', ( #3420, #2448 ) ) ;
#2653 = ORIENTED_EDGE ( 'NONE', *, *, #522, .F. ) ;
#2654 = CARTESIAN_POINT ( 'NONE',  ( -3.968491870794493170, 33.42087648036363134, 43.82073848397135407 ) ) ;
#2655 = ADVANCED_FACE ( 'NONE', ( #1950 ), #3318, .T. ) ;
#2656 = CARTESIAN_POINT ( 'NONE',  ( 4.332373771445233501, 35.49859439428523444, 42.68466466035702922 ) ) ;
#2657 = DIRECTION ( 'NONE',  ( -6.397590658963344466E-20, -1.000000000000000000, -1.906526924835733357E-20 ) ) ;
#2658 = VECTOR ( 'NONE', #1141, 1000.000000000000000 ) ;
#2659 = FACE_OUTER_BOUND ( 'NONE', #2845, .T. ) ;
#2660 = EDGE_CURVE ( 'NONE', #3065, #155, #2319, .T. ) ;
#2661 = CARTESIAN_POINT ( 'NONE',  ( -3.758224687846859702, 34.70114493226225250, 42.76289849917972674 ) ) ;
#2662 = FACE_OUTER_BOUND ( 'NONE', #2533, .T. ) ;
#2663 = CARTESIAN_POINT ( 'NONE',  ( 0.000000000000000000, 8.000000000000000000, 0.000000000000000000 ) ) ;
#2664 = DIRECTION ( 'NONE',  ( -6.397590658963344466E-20, -1.000000000000000000, -1.906526924835733357E-20 ) ) ;
#2665 = CARTESIAN_POINT ( 'NONE',  ( -3.704693985250416155, 34.64188769385589239, 42.76960051786708306 ) ) ;
#2666 = ORIENTED_EDGE ( 'NONE', *, *, #504, .F. ) ;
#2667 = CARTESIAN_POINT ( 'NONE',  ( -0.6993474517917624977, 32.03822898695290888, 43.99455764029311666 ) ) ;
#2668 = DIRECTION ( 'NONE',  ( 1.000000000000000000, 0.000000000000000000, 0.000000000000000000 ) ) ;
#2669 = CARTESIAN_POINT ( 'NONE',  ( 44.00000000000000000, 59.00000000000001421, 5.389570767134006397E-15 ) ) ;
#2670 = EDGE_LOOP ( 'NONE', ( #2075, #845, #785, #742, #476 ) ) ;
#2671 = DIRECTION ( 'NONE',  ( 0.000000000000000000, 0.000000000000000000, 1.000000000000000000 ) ) ;
#2672 = LINE ( 'NONE', #2651, #3291 ) ;
#2673 = ORIENTED_EDGE ( 'NONE', *, *, #1223, .F. ) ;
#2674 = CARTESIAN_POINT ( 'NONE',  ( -4.680253190727636792, 34.11552520514716491, 43.75042066044728983 ) ) ;
#2675 = CARTESIAN_POINT ( 'NONE',  ( 3.165359126557661718, 34.12953063256823327, 42.83190350447943473 ) ) ;
#2676 = PRODUCT_DEFINITION_SHAPE ( 'NONE', 'NONE',  #3603 ) ;
#2677 = FACE_BOUND ( 'NONE', #2652, .T. ) ;
#2678 = AXIS2_PLACEMENT_3D ( 'NONE', #1302, #1025, #2899 ) ;
#2679 = CARTESIAN_POINT ( 'NONE',  ( -26.51662262032568762, 79.50000000000000000, -26.51638596813737792 ) ) ;
#2680 = ORIENTED_EDGE ( 'NONE', *, *, #718, .F. ) ;
#2681 =( GEOMETRIC_REPRESENTATION_CONTEXT ( 3 ) GLOBAL_UNCERTAINTY_ASSIGNED_CONTEXT ( ( #3529 ) ) GLOBAL_UNIT_ASSIGNED_CONTEXT ( ( #3342, #2747, #2617 ) ) REPRESENTATION_CONTEXT ( 'NONE', 'WORKASPACE' ) );
#2682 = CARTESIAN_POINT ( 'NONE',  ( 26.51638596813748094, 79.50000000000000000, -26.51662262032558459 ) ) ;
#2683 = LINE ( 'NONE', #786, #2079 ) ;
#2684 = EDGE_CURVE ( 'NONE', #228, #337, #2122, .T. ) ;
#2685 = FACE_BOUND ( 'NONE', #140, .T. ) ;
#2686 = DIRECTION ( 'NONE',  ( 8.659560562354888485E-17, 0.7071067811865512365, -0.7071067811865439090 ) ) ;
#2687 = ORIENTED_EDGE ( 'NONE', *, *, #2074, .F. ) ;
#2688 = ADVANCED_FACE ( 'NONE', ( #2797 ), #59, .F. ) ;
#2689 = AXIS2_PLACEMENT_3D ( 'NONE', #322, #1740, #1399 ) ;
#2690 = CARTESIAN_POINT ( 'NONE',  ( 4.999999999999999112, 37.66918910117034613, 32.11308144666283226 ) ) ;
#2691 = ORIENTED_EDGE ( 'NONE', *, *, #3404, .T. ) ;
#2692 = AXIS2_PLACEMENT_3D ( 'NONE', #68, #2863, #2593 ) ;
#2693 = CARTESIAN_POINT ( 'NONE',  ( 3.003357182728971342, 34.00231132206800311, 42.84871248945141531 ) ) ;
#2694 = CARTESIAN_POINT ( 'NONE',  ( 4.065540888643514705, 35.08828464492683707, 42.72238596995098447 ) ) ;
#2695 = CYLINDRICAL_SURFACE ( 'NONE', #3106, 29.00000000000002132 ) ;
#2696 = DIRECTION ( 'NONE',  ( 6.397590658963344466E-20, 1.000000000000000000, 1.906526924835733357E-20 ) ) ;
#2697 = DIRECTION ( 'NONE',  ( 0.000000000000000000, 0.7071067811865453523, 0.7071067811865496822 ) ) ;
#2698 = CARTESIAN_POINT ( 'NONE',  ( -5.000000000000000000, 38.00000000000000711, 50.00000000000000000 ) ) ;
#2699 = CARTESIAN_POINT ( 'NONE',  ( 29.00000000000002842, 0.000000000000000000, 2.500000000000000888 ) ) ;
#2700 = DIRECTION ( 'NONE',  ( 0.000000000000000000, 1.000000000000000000, 0.000000000000000000 ) ) ;
#2701 = EDGE_CURVE ( 'NONE', #417, #3370, #1218, .T. ) ;
#2702 = DIRECTION ( 'NONE',  ( 6.397590658963344466E-20, 1.000000000000000000, 1.906526924835733357E-20 ) ) ;
#2703 = ORIENTED_EDGE ( 'NONE', *, *, #3133, .F. ) ;
#2704 = ORIENTED_EDGE ( 'NONE', *, *, #3120, .F. ) ;
#2705 = DIRECTION ( 'NONE',  ( 6.397590658963344466E-20, 1.000000000000000000, 1.906526924835733357E-20 ) ) ;
#2706 = DIRECTION ( 'NONE',  ( -6.397590658963317985E-20, -1.000000000000000000, -1.906526924835734862E-20 ) ) ;
#2707 = CYLINDRICAL_SURFACE ( 'NONE', #2854, 2.499999999999998668 ) ;
#2708 = EDGE_CURVE ( 'NONE', #2519, #2643, #2003, .T. ) ;
#2709 = DIRECTION ( 'NONE',  ( 1.865879172627007192E-36, 1.000000000000000000, 3.009265538105058025E-36 ) ) ;
#2710 = ORIENTED_EDGE ( 'NONE', *, *, #1848, .F. ) ;
#2711 = CARTESIAN_POINT ( 'NONE',  ( 44.00000000000003553, 8.000000000000000000, 2.500000000000002665 ) ) ;
#2712 = ORIENTED_EDGE ( 'NONE', *, *, #2595, .T. ) ;
#2713 = CARTESIAN_POINT ( 'NONE',  ( 3.392798864234731315, 34.32697191720784957, 42.80683126241500247 ) ) ;
#2714 = CIRCLE ( 'NONE', #2365, 3.999999999999996447 ) ;
#2715 = ORIENTED_EDGE ( 'NONE', *, *, #2874, .F. ) ;
#2716 = LINE ( 'NONE', #480, #2908 ) ;
#2717 = CARTESIAN_POINT ( 'NONE',  ( -1.135571075512809891, 33.12791839659394100, 42.97883328201072572 ) ) ;
#2718 = LINE ( 'NONE', #1545, #2060 ) ;
#2719 = ORIENTED_EDGE ( 'NONE', *, *, #3041, .T. ) ;
#2720 = CARTESIAN_POINT ( 'NONE',  ( 35.00000000000000000, 83.00000000000000000, -2.141549481160254209E-15 ) ) ;
#2721 = ORIENTED_EDGE ( 'NONE', *, *, #122, .F. ) ;
#2722 = CARTESIAN_POINT ( 'NONE',  ( 4.875397928230546185, 36.88948682635932386, 42.60014662707088462 ) ) ;
#2723 = DIRECTION ( 'NONE',  ( -6.397590658963344466E-20, -1.000000000000000000, -1.906526924835733357E-20 ) ) ;
#2724 = ORIENTED_EDGE ( 'NONE', *, *, #3179, .F. ) ;
#2725 = LINE ( 'NONE', #234, #1160 ) ;
#2726 = ADVANCED_FACE ( 'NONE', ( #1805 ), #722, .F. ) ;
#2727 = EDGE_LOOP ( 'NONE', ( #781, #1389, #1609, #824 ) ) ;
#2728 = EDGE_LOOP ( 'NONE', ( #3476, #3143 ) ) ;
#2729 = ADVANCED_FACE ( 'NONE', ( #2091 ), #2938, .F. ) ;
#2730 = CARTESIAN_POINT ( 'NONE',  ( 43.89760813529596817, 8.000000000000000000, -3.000000000000003997 ) ) ;
#2731 = SURFACE_STYLE_FILL_AREA ( #3541 ) ;
#2732 = UNCERTAINTY_MEASURE_WITH_UNIT (LENGTH_MEASURE( 1.000000000000000082E-05 ), #3237, 'distance_accuracy_value', 'NONE');
#2733 = CARTESIAN_POINT ( 'NONE',  ( 31.00000000000000711, 58.00000000000000000, -1.651929077366917560E-15 ) ) ;
#2734 = CARTESIAN_POINT ( 'NONE',  ( -1.970844886359663040, 33.40474327269626542, 42.93491922433235430 ) ) ;
#2735 = FACE_OUTER_BOUND ( 'NONE', #1124, .T. ) ;
#2737 = ORIENTED_EDGE ( 'NONE', *, *, #219, .T. ) ;
#2736 = AXIS2_PLACEMENT_3D ( 'NONE', #2406, #3207, #2033 ) ;
#2738 = CARTESIAN_POINT ( 'NONE',  ( 4.843339754762188143, 36.75369524733099524, 42.60543002882045727 ) ) ;
#2739 = LINE ( 'NONE', #2810, #49 ) ;
#2740 = CARTESIAN_POINT ( 'NONE',  ( -26.51662262032568762, 8.000000000000000000, -26.51638596813737792 ) ) ;
#2741 = ORIENTED_EDGE ( 'NONE', *, *, #2857, .F. ) ;
#2742 = CARTESIAN_POINT ( 'NONE',  ( 26.51662262032568407, 83.00000000000000000, 26.51638596813738147 ) ) ;
#2743 = AXIS2_PLACEMENT_3D ( 'NONE', #1031, #3540, #1086 ) ;
#2744 = EDGE_CURVE ( 'NONE', #966, #2215, #1552, .T. ) ;
#2745 = EDGE_CURVE ( 'NONE', #909, #2222, #2647, .T. ) ;
#2746 = AXIS2_PLACEMENT_3D ( 'NONE', #2418, #3474, #2108 ) ;
#2747 =( NAMED_UNIT ( * ) PLANE_ANGLE_UNIT ( ) SI_UNIT ( $, .RADIAN. ) );
#2748 = CARTESIAN_POINT ( 'NONE',  ( 2.100000000000002309, 0.000000000000000000, -28.92386557844579187 ) ) ;
#2749 = CARTESIAN_POINT ( 'NONE',  ( 2.100000000000002309, 8.000000000000000000, -28.92386557844579187 ) ) ;
#2750 = DIRECTION ( 'NONE',  ( -1.000000000000000000, 0.000000000000000000, 0.000000000000000000 ) ) ;
#2751 = EDGE_LOOP ( 'NONE', ( #3595, #2958, #2158, #1840 ) ) ;
#2752 = VERTEX_POINT ( 'NONE', #2627 ) ;
#2753 = CARTESIAN_POINT ( 'NONE',  ( 5.933876172247473768, 36.44753179632882478, 43.59808033410473627 ) ) ;
#2754 = CARTESIAN_POINT ( 'NONE',  ( 4.935706803448121072, 37.18429793834542352, 42.59015576728586439 ) ) ;
#2755 = ORIENTED_EDGE ( 'NONE', *, *, #2527, .T. ) ;
#2756 = CARTESIAN_POINT ( 'NONE',  ( 26.51638596813748094, 83.00000000000000000, -19.91662262032556541 ) ) ;
#2757 = VECTOR ( 'NONE', #260, 1000.000000000000000 ) ;
#2758 = ORIENTED_EDGE ( 'NONE', *, *, #393, .F. ) ;
#2759 = AXIS2_PLACEMENT_3D ( 'NONE', #2428, #2638, #696 ) ;
#2760 = ADVANCED_FACE ( 'NONE', ( #157 ), #2014, .T. ) ;
#2761 = AXIS2_PLACEMENT_3D ( 'NONE', #2525, #27, #1993 ) ;
#2762 = DIRECTION ( 'NONE',  ( 1.865879172627007192E-36, 1.000000000000000000, 3.009265538105058025E-36 ) ) ;
#2763 = ADVANCED_FACE ( 'NONE', ( #1260 ), #493, .F. ) ;
#2764 = CARTESIAN_POINT ( 'NONE',  ( -26.51638596813748450, 79.50000000000000000, 26.51662262032558104 ) ) ;
#2765 = CARTESIAN_POINT ( 'NONE',  ( -2.084031078860784092, 33.45485598865747079, 42.92722219725041555 ) ) ;
#2766 = DIRECTION ( 'NONE',  ( -8.470329472542997748E-22, 3.009265538105054016E-36, 1.000000000000000000 ) ) ;
#2767 = DIRECTION ( 'NONE',  ( -6.397590658963344466E-20, -1.000000000000000000, -1.906526924835733357E-20 ) ) ;
#2768 = EDGE_LOOP ( 'NONE', ( #657, #931, #2892, #509 ) ) ;
#2769 =( REPRESENTATION_RELATIONSHIP ('NONE','NONE', #1526, #804 ) REPRESENTATION_RELATIONSHIP_WITH_TRANSFORMATION ( #1283 )SHAPE_REPRESENTATION_RELATIONSHIP( ) );
#2770 = ORIENTED_EDGE ( 'NONE', *, *, #2817, .T. ) ;
#2771 = LINE ( 'NONE', #287, #638 ) ;
#2772 = AXIS2_PLACEMENT_3D ( 'NONE', #3553, #2183, #1907 ) ;
#2773 = CARTESIAN_POINT ( 'NONE',  ( -6.126976964903156464, 37.60385701074402220, 43.57132289665908331 ) ) ;
#2774 = CYLINDRICAL_SURFACE ( 'NONE', #2885, 2.499999999999998668 ) ;
#2775 = ORIENTED_EDGE ( 'NONE', *, *, #568, .F. ) ;
#2776 = CONICAL_SURFACE ( 'NONE', #475, 3.099999999999998757, 0.7853981633974512766 ) ;
#2777 = ORIENTED_EDGE ( 'NONE', *, *, #2531, .T. ) ;
#2778 = CARTESIAN_POINT ( 'NONE',  ( -26.51662262032568762, 79.50000000000000000, -29.61638596813737934 ) ) ;
#2779 = ORIENTED_EDGE ( 'NONE', *, *, #3381, .T. ) ;
#2780 = ORIENTED_EDGE ( 'NONE', *, *, #3160, .F. ) ;
#2781 = CYLINDRICAL_SURFACE ( 'NONE', #3566, 3.000000000000006217 ) ;
#2782 = CARTESIAN_POINT ( 'NONE',  ( -29.00000000000002842, 4.000000000000000000, -2.646977960169688560E-20 ) ) ;
#2783 = CARTESIAN_POINT ( 'NONE',  ( -1.361749259106518339, 33.18831671414672257, 42.96902299706894723 ) ) ;
#2784 = ORIENTED_EDGE ( 'NONE', *, *, #3381, .F. ) ;
#2785 = ADVANCED_FACE ( 'NONE', ( #3574 ), #922, .F. ) ;
#2786 = VERTEX_POINT ( 'NONE', #2469 ) ;
#2787 = DIRECTION ( 'NONE',  ( 0.000000000000000000, 0.000000000000000000, -1.000000000000000000 ) ) ;
#2788 = CIRCLE ( 'NONE', #117, 44.00000000000002842 ) ;
#2789 = AXIS2_PLACEMENT_3D ( 'NONE', #788, #2427, #3546 ) ;
#2790 = LINE ( 'NONE', #3049, #2937 ) ;
#2791 = ORIENTED_EDGE ( 'NONE', *, *, #902, .T. ) ;
#2792 = EDGE_CURVE ( 'NONE', #3043, #1233, #3579, .T. ) ;
#2793 = VERTEX_POINT ( 'NONE', #1119 ) ;
#2794 = SURFACE_SIDE_STYLE ('',( #2262 ) ) ;
#2795 = CARTESIAN_POINT ( 'NONE',  ( -27.52036944506964034, 83.00000000000000000, 33.03981334098119760 ) ) ;
#2796 = CIRCLE ( 'NONE', #125, 2.999999999999995559 ) ;
#2797 = FACE_OUTER_BOUND ( 'NONE', #1352, .T. ) ;
#2798 = CARTESIAN_POINT ( 'NONE',  ( 2.430246445902544572, 33.62957874814122050, 42.90108089259913982 ) ) ;
#2799 = DIRECTION ( 'NONE',  ( 6.397590658963344466E-20, 1.000000000000000000, 1.906526924835733357E-20 ) ) ;
#2800 = AXIS2_PLACEMENT_3D ( 'NONE', #1002, #2574, #1743 ) ;
#2801 = CARTESIAN_POINT ( 'NONE',  ( -4.999999999999999112, 57.49999999999997868, 32.11308144666283226 ) ) ;
#2802 = ORIENTED_EDGE ( 'NONE', *, *, #1467, .F. ) ;
#2803 = CYLINDRICAL_SURFACE ( 'NONE', #1049, 3.000000000000006217 ) ;
#2804 = CIRCLE ( 'NONE', #2114, 3.000000000000006217 ) ;
#2805 = DIRECTION ( 'NONE',  ( 6.397590658963344466E-20, 1.000000000000000000, 1.906526924835733357E-20 ) ) ;
#2806 = ORIENTED_EDGE ( 'NONE', *, *, #2963, .T. ) ;
#2807 = B_SPLINE_CURVE_WITH_KNOTS ( 'NONE', 3,
 ( #1761, #1500, #943, #1524 ),
 .UNSPECIFIED., .F., .F.,
 ( 4, 4 ),
 ( 0.000000000000000000, 0.0007113132893519489609 ),
 .UNSPECIFIED. ) ;
#2808 = ORIENTED_EDGE ( 'NONE', *, *, #107, .T. ) ;
#2809 = CARTESIAN_POINT ( 'NONE',  ( 5.049983558924695082, 34.58630516222615370, 43.70927607727218600 ) ) ;
#2810 = CARTESIAN_POINT ( 'NONE',  ( -2.100000000000001865, 0.000000000000000000, -28.92386557844579187 ) ) ;
#2811 = EDGE_CURVE ( 'NONE', #1233, #2453, #3015, .T. ) ;
#2812 = DIRECTION ( 'NONE',  ( 1.865879172627007192E-36, 1.000000000000000000, 3.009265538105058025E-36 ) ) ;
#2813 = ORIENTED_EDGE ( 'NONE', *, *, #1024, .F. ) ;
#2814 = DIRECTION ( 'NONE',  ( -1.000000000000000000, 0.000000000000000000, -8.881784197001252323E-16 ) ) ;
#2815 = CARTESIAN_POINT ( 'NONE',  ( -31.00000000000000711, 58.00000000000000000, 6.430739797005614248E-15 ) ) ;
#2816 = ORIENTED_EDGE ( 'NONE', *, *, #2986, .T. ) ;
#2817 = EDGE_CURVE ( 'NONE', #3425, #1785, #204, .T. ) ;
#2818 = ORIENTED_EDGE ( 'NONE', *, *, #1866, .T. ) ;
#2819 = ORIENTED_EDGE ( 'NONE', *, *, #2050, .T. ) ;
#2820 = APPLICATION_PROTOCOL_DEFINITION ( 'draft international standard', 'automotive_design', 1998, #564 ) ;
#2821 = DIRECTION ( 'NONE',  ( -6.397590658963344466E-20, -1.000000000000000000, -1.906526924835733357E-20 ) ) ;
#2822 = CARTESIAN_POINT ( 'NONE',  ( 2.712377381996177395, 33.79883597669436313, 42.87671535200341566 ) ) ;
#2823 = CIRCLE ( 'NONE', #2535, 3.099999999999998757 ) ;
#2824 = CARTESIAN_POINT ( 'NONE',  ( -4.967300100513294403, 37.42314117988118483, 42.58484998895648488 ) ) ;
#2825 = VECTOR ( 'NONE', #3083, 999.9999999999998863 ) ;
#2826 = CARTESIAN_POINT ( 'NONE',  ( 4.480982491129306133, 33.89722852271414411, 43.77128498030869252 ) ) ;
#2827 = CARTESIAN_POINT ( 'NONE',  ( -4.625974023306357985, 36.10250767445820941, 42.64017554276053801 ) ) ;
#2828 = DIRECTION ( 'NONE',  ( 1.000000000000000000, 1.865879172627004853E-36, 8.470329472542997748E-22 ) ) ;
#2829 = ORIENTED_EDGE ( 'NONE', *, *, #3197, .T. ) ;
#2830 = CARTESIAN_POINT ( 'NONE',  ( 3.766456349938172021, 34.69510875113215320, 32.28186443686180951 ) ) ;
#2831 = AXIS2_PLACEMENT_3D ( 'NONE', #3016, #3575, #1121 ) ;
#2832 = ORIENTED_EDGE ( 'NONE', *, *, #236, .T. ) ;
#2833 = CIRCLE ( 'NONE', #3011, 43.00000000000002132 ) ;
#2834 = EDGE_CURVE ( 'NONE', #1466, #768, #329, .T. ) ;
#2835 = ORIENTED_EDGE ( 'NONE', *, *, #3133, .T. ) ;
#2836 = LINE ( 'NONE', #2566, #318 ) ;
#2837 = DIRECTION ( 'NONE',  ( 0.000000000000000000, 0.000000000000000000, 1.000000000000000000 ) ) ;
#2838 = ADVANCED_FACE ( 'NONE', ( #1671 ), #2276, .F. ) ;
#2839 = DIRECTION ( 'NONE',  ( 6.397590658963344466E-20, 1.000000000000000000, 1.906526924835733357E-20 ) ) ;
#2840 = CARTESIAN_POINT ( 'NONE',  ( -4.870403575924659556, 36.85725123239639345, 42.60098039568353556 ) ) ;
#2841 = DIRECTION ( 'NONE',  ( 6.397590658963344466E-20, 1.000000000000000000, 1.906526924835733357E-20 ) ) ;
#2842 = CARTESIAN_POINT ( 'NONE',  ( 5.217614112553044414, 34.83162204946212626, 43.68969228141362748 ) ) ;
#2843 = B_SPLINE_CURVE_WITH_KNOTS ( 'NONE', 1,
 ( #1292, #184 ),
 .UNSPECIFIED., .F., .F.,
 ( 2, 2 ),
 ( 0.000000000000000000, 1.000000000000000000 ),
 .UNSPECIFIED. ) ;
#2844 = DIRECTION ( 'NONE',  ( 4.462356455070537464E-06, 0.000000000000000000, 0.9999999999900439640 ) ) ;
#2845 = EDGE_LOOP ( 'NONE', ( #2864, #2401, #218, #2775, #794 ) ) ;
#2846 = CARTESIAN_POINT ( 'NONE',  ( -2.217437189278530951, 33.50678973969039021, 32.42566392448881629 ) ) ;
#2847 = SURFACE_STYLE_USAGE ( .BOTH. , #1746 ) ;
#2848 = DIRECTION ( 'NONE',  ( 6.397590658963344466E-20, 1.000000000000000000, 1.906526924835733357E-20 ) ) ;
#2849 = ORIENTED_EDGE ( 'NONE', *, *, #2334, .T. ) ;
#2850 = DIRECTION ( 'NONE',  ( 1.865879172627007192E-36, 1.000000000000000000, -3.009265538105054016E-36 ) ) ;
#2851 = CARTESIAN_POINT ( 'NONE',  ( 0.000000000000000000, 0.000000000000000000, 0.000000000000000000 ) ) ;
#2852 = CARTESIAN_POINT ( 'NONE',  ( -29.80308663282016823, 82.49814945971327518, 31.69584040300400929 ) ) ;
#2853 = EDGE_CURVE ( 'NONE', #2974, #3372, #2790, .T. ) ;
#2854 = AXIS2_PLACEMENT_3D ( 'NONE', #798, #2723, #1825 ) ;
#2855 = DIRECTION ( 'NONE',  ( 0.000000000000000000, 1.000000000000000000, 0.000000000000000000 ) ) ;
#2856 = CYLINDRICAL_SURFACE ( 'NONE', #95, 2.499999999999998668 ) ;
#2857 = EDGE_CURVE ( 'NONE', #244, #2793, #2013, .T. ) ;
#2858 = CARTESIAN_POINT ( 'NONE',  ( -4.586450076794614361, 36.00721811662774030, 42.64633981054394241 ) ) ;
#2859 = CIRCLE ( 'NONE', #3104, 33.00000000000002842 ) ;
#2860 = CARTESIAN_POINT ( 'NONE',  ( 5.814249618350284088, 36.07037116169444602, 43.61416844184515895 ) ) ;
#2861 = AXIS2_PLACEMENT_3D ( 'NONE', #2021, #2850, #377 ) ;
#2862 = DIRECTION ( 'NONE',  ( 0.000000000000000000, 0.000000000000000000, 1.000000000000000000 ) ) ;
#2863 = DIRECTION ( 'NONE',  ( -6.397590658963344466E-20, -1.000000000000000000, -1.906526924835733357E-20 ) ) ;
#2864 = ORIENTED_EDGE ( 'NONE', *, *, #2943, .T. ) ;
#2865 = FACE_OUTER_BOUND ( 'NONE', #994, .T. ) ;
#2866 = AXIS2_PLACEMENT_3D ( 'NONE', #3584, #3319, #297 ) ;
#2867 = ORIENTED_EDGE ( 'NONE', *, *, #1328, .T. ) ;
#2868 = CARTESIAN_POINT ( 'NONE',  ( -43.89760813529596817, 4.000000000000000000, -3.000000000000003997 ) ) ;
#2869 = VERTEX_POINT ( 'NONE', #2491 ) ;
#2870 = CARTESIAN_POINT ( 'NONE',  ( 1.991615668353932556, 33.41305216186786708, 42.93362741633416846 ) ) ;
#2871 = FACE_OUTER_BOUND ( 'NONE', #13, .T. ) ;
#2872 = CARTESIAN_POINT ( 'NONE',  ( 26.51662262032568407, 79.50000000000000000, 26.51638596813738147 ) ) ;
#2873 = VERTEX_POINT ( 'NONE', #1139 ) ;
#2874 = EDGE_CURVE ( 'NONE', #3482, #1335, #3123, .T. ) ;
#2875 = CARTESIAN_POINT ( 'NONE',  ( -5.593401146922619027, 35.51843664936293266, 43.64309652594388211 ) ) ;
#2876 = CARTESIAN_POINT ( 'NONE',  ( 4.999999999999999112, 58.00000000000000000, 32.61901286060021476 ) ) ;
#2877 = VERTEX_POINT ( 'NONE', #981 ) ;
#2878 = ADVANCED_FACE ( 'NONE', ( #699 ), #1800, .T. ) ;
#2879 = CARTESIAN_POINT ( 'NONE',  ( 0.6545930836510441830, 33.03225518987505183, 32.49499207720968030 ) ) ;
#2880 = ORIENTED_EDGE ( 'NONE', *, *, #510, .T. ) ;
#2881 = ORIENTED_EDGE ( 'NONE', *, *, #1557, .T. ) ;
#2882 = DIRECTION ( 'NONE',  ( 6.397590658963344466E-20, 1.000000000000000000, 1.906526924835733357E-20 ) ) ;
#2883 = CARTESIAN_POINT ( 'NONE',  ( -4.193730394251467430, 33.61677799831128510, 43.79975161535855221 ) ) ;
#2884 = CARTESIAN_POINT ( 'NONE',  ( 2.194241526282151078, 33.50421520064551117, 42.91962613500424339 ) ) ;
#2885 = AXIS2_PLACEMENT_3D ( 'NONE', #290, #1158, #3349 ) ;
#2886 = DIRECTION ( 'NONE',  ( 6.397590658963344466E-20, 1.000000000000000000, 1.906526924835733357E-20 ) ) ;
#2887 = CIRCLE ( 'NONE', #1857, 33.00000000000002842 ) ;
#2888 = CARTESIAN_POINT ( 'NONE',  ( -4.997950495114836578, 37.83476100265855990, 42.57968462444138424 ) ) ;
#2889 = DIRECTION ( 'NONE',  ( 6.397590658963414281E-20, 1.000000000000000000, 1.906526924835742084E-20 ) ) ;
#2890 = CARTESIAN_POINT ( 'NONE',  ( -28.84441020371194142, 8.000000000000000000, -3.000000000000003997 ) ) ;
#2891 = EDGE_CURVE ( 'NONE', #2974, #909, #1407, .T. ) ;
#2892 = ORIENTED_EDGE ( 'NONE', *, *, #2353, .T. ) ;
#2893 = CARTESIAN_POINT ( 'NONE',  ( 0.3227972718021427934, 32.99975469903122871, 32.50003773860002809 ) ) ;
#2894 = CARTESIAN_POINT ( 'NONE',  ( 0.000000000000000000, 0.000000000000000000, 0.000000000000000000 ) ) ;
#2895 = CARTESIAN_POINT ( 'NONE',  ( -33.00000000000000711, 8.000000000000000000, 4.041486959340253418E-15 ) ) ;
#2896 = EDGE_CURVE ( 'NONE', #2277, #2501, #396, .T. ) ;
#2897 = FACE_OUTER_BOUND ( 'NONE', #496, .T. ) ;
#2898 = ORIENTED_EDGE ( 'NONE', *, *, #2268, .T. ) ;
#2899 = DIRECTION ( 'NONE',  ( -1.000000000000000000, 0.000000000000000000, 0.000000000000000000 ) ) ;
#2900 = ORIENTED_EDGE ( 'NONE', *, *, #3545, .F. ) ;
#2901 = VERTEX_POINT ( 'NONE', #537 ) ;
#2902 = CARTESIAN_POINT ( 'NONE',  ( 4.484144465044163752, 35.78660946204973925, 42.66200790588273861 ) ) ;
#2903 = AXIS2_PLACEMENT_3D ( 'NONE', #501, #1895, #3495 ) ;
#2904 = CYLINDRICAL_SURFACE ( 'NONE', #1377, 44.00000000000000000 ) ;
#2905 = DIRECTION ( 'NONE',  ( 1.000000000000000000, 0.000000000000000000, 0.000000000000000000 ) ) ;
#2906 = CARTESIAN_POINT ( 'NONE',  ( 6.139534789078585852, 38.00000000000000711, 43.56955488151897526 ) ) ;
#2907 = CYLINDRICAL_SURFACE ( 'NONE', #224, 3.099999999999998757 ) ;
#2908 = VECTOR ( 'NONE', #531, 999.9999999999998863 ) ;
#2909 = CARTESIAN_POINT ( 'NONE',  ( 31.03137784590861870, 82.44997612459837910, -30.55766956963802272 ) ) ;
#2910 = CARTESIAN_POINT ( 'NONE',  ( -26.51638596813748450, 79.50000000000000000, 26.51662262032558104 ) ) ;
#2911 = ORIENTED_EDGE ( 'NONE', *, *, #2126, .F. ) ;
#2912 = AXIS2_PLACEMENT_3D ( 'NONE', #3061, #3278, #809 ) ;
#2913 = EDGE_CURVE ( 'NONE', #1258, #85, #1235, .T. ) ;
#2914 = VERTEX_POINT ( 'NONE', #1308 ) ;
#2915 = VECTOR ( 'NONE', #1143, 1000.000000000000000 ) ;
#2916 = DIRECTION ( 'NONE',  ( 6.397590658963344466E-20, 1.000000000000000000, 1.906526924835750209E-20 ) ) ;
#2917 = ORIENTED_EDGE ( 'NONE', *, *, #1350, .T. ) ;
#2918 = DIRECTION ( 'NONE',  ( 6.397590658963344466E-20, 1.000000000000000000, 1.906526924835733357E-20 ) ) ;
#2919 = EDGE_CURVE ( 'NONE', #1658, #935, #34, .T. ) ;
#2920 = CARTESIAN_POINT ( 'NONE',  ( -4.266959302014613264, 33.68479068209954619, 43.79267338682249999 ) ) ;
#2921 = DIRECTION ( 'NONE',  ( 0.000000000000000000, 0.000000000000000000, 1.000000000000000000 ) ) ;
#2922 = FACE_BOUND ( 'NONE', #1944, .T. ) ;
#2923 = SHAPE_REPRESENTATION_RELATIONSHIP ( 'NONE' , 'NONE' ,  #2271, #3194 ) ;
#2924 = DIRECTION ( 'NONE',  ( 1.000000000000000000, 0.000000000000000000, 0.000000000000000000 ) ) ;
#2925 = AXIS2_PLACEMENT_3D ( 'NONE', #232, #2182, #3289 ) ;
#2926 = CARTESIAN_POINT ( 'NONE',  ( -29.61662262032568549, 83.00000000000000000, -26.51638596813737792 ) ) ;
#2927 = DIRECTION ( 'NONE',  ( -6.397590658963344466E-20, -1.000000000000000000, -1.906526924835733357E-20 ) ) ;
#2928 = CARTESIAN_POINT ( 'NONE',  ( 23.41662262032568620, 58.00000000000000000, 26.51638596813738147 ) ) ;
#2929 = B_SPLINE_SURFACE_WITH_KNOTS ( 'NONE', 1, 3, ( 
 ( #410, #3182, #2888, #3107, #2325, #2824, #2552, #64, #920, #2840, #1221, #2303, #390, #3416, #2029, #2858, #2587, #2052, #681, #1778, #2980, #2947, #2387, #2425, #2661, #3465, #203, #2634, #1849, #1559, #1575, #2132, #998, #1867, #2966, #1594, #3191, #3208, #168, #459, #570, #257, #274, #3339, #2717, #861, #1397, #2477, #223, #1433, #2251, #2172, #1894, #238, #3561, #534, #1373, #831, #3022, #384, #2565, #2339, #2300, #2004, #92, #2320, #1772, #2870, #405, #3076, #1699, #2798, #321, #2269, #2822, #3378, #894, #1984, #628, #1845, #3491, #3506, #2352, #181, #3521, #1052, #2113, #2694, #1791, #993, #2656, #3243, #2902, #455, #144, #1287, #2369, #2095, #1830, #2509, #3113, #2754, #581, #1175, #1446, #3092 ),
 ( #3029, #348, #1974, #2773, #617, #636, #2220, #330, #2543, #12, #2241, #869, #3258, #992, #1284, #2111, #3188, #437, #1844, #2129, #3242, #179, #2961, #2674, #2094, #497, #1028, #2920, #2883, #1540, #2654, #3489, #3222, #2977, #1606, #2439, #3536, #3276, #220, #3000, #802, #2104, #489, #2934, #1045, #469, #3235, #2970, #2667, #3514, #2434, #211, #3533, #3269, #796, #137, #1278, #2090, #3199, #2216, #3286, #1957, #2988, #3570, #286, #1386, #2198, #3306, #556, #3067, #1154, #229, #266, #847, #2449, #1941, #3047, #579, #2238, #3347, #2031, #1759, #2826, #1256, #2273, #2288, #1706, #1224, #2809, #368, #1484, #413, #683, #3400, #1991, #346, #3128, #2860, #1242, #1512, #3429, #2054, #1340, #1305, #1000, #2906 ) ),
 .UNSPECIFIED., .F., .F., .F.,
 ( 2, 2 ),
 ( 4, 2, 2, 2, 2, 2, 2, 2, 2, 2, 2, 2, 2, 2, 2, 2, 2, 2, 2, 2, 2, 2, 2, 2, 2, 2, 2, 2, 2, 2, 2, 2, 2, 2, 2, 2, 2, 2, 2, 2, 2, 2, 2, 2, 2, 2, 2, 2, 2, 2, 2, 2, 4 ),
 ( 0.000000000000000000, 1.000000000000000000 ),
 ( 0.000000000000000000, 0.0002933936688992827254, 0.0005867873377985654507, 0.0008801810066978481761, 0.001173574675597130901, 0.001760362013395696352, 0.002053755682294979186, 0.002347149351194261803, 0.002640543020093544420, 0.002933936688992827037, 0.003520724026791392704, 0.004107511364589958372, 0.004400905033489240989, 0.004694298702388523606, 0.004987692371287806223, 0.005281086040187088840, 0.005867873377985654074, 0.006454660715784219308, 0.006748054384683501924, 0.007041448053582785409, 0.007334841722482068893, 0.007628235391381351510, 0.008215022729179916744, 0.008508416398079199361, 0.008801810066978481978, 0.009095203735877764595, 0.009388597404777047212, 0.009975384742575612446, 0.01026877841147489506, 0.01056217208037417768, 0.01085556574927346030, 0.01114895941817274291, 0.01144235308707202553, 0.01173574675597130815, 0.01202914042487059076, 0.01232253409376987338, 0.01261592776266915600, 0.01290932143156843862, 0.01320271510046772123, 0.01349610876936700385, 0.01408289610716557082, 0.01437628977606485517, 0.01466968344496413779, 0.01496307711386342040, 0.01525647078276270302, 0.01584325812056126825, 0.01613665178946055087, 0.01643004545835983349, 0.01672343912725911610, 0.01701683279615839872, 0.01760362013395696396, 0.01819040747175552919, 0.01877719480955409442 ),
 .UNSPECIFIED. ) ;
#2930 = COLOUR_RGB ( '',0.7921568627450980005, 0.8196078431372548767, 0.9333333333333333481 ) ;
#2931 = CARTESIAN_POINT ( 'NONE',  ( -5.637345843023493508, 58.00000000000000000, 43.13316974030711037 ) ) ;
#2932 = ORIENTED_EDGE ( 'NONE', *, *, #1989, .F. ) ;
#2933 = ADVANCED_BREP_SHAPE_REPRESENTATION ( '', ( #3384, #2616 ), #1083 ) ;
#2934 = CARTESIAN_POINT ( 'NONE',  ( -1.588593363225645261, 32.20103442124282367, 43.97173052303622143 ) ) ;
#2935 = AXIS2_PLACEMENT_3D ( 'NONE', #1321, #1563, #1868 ) ;
#2936 = CYLINDRICAL_SURFACE ( 'NONE', #3423, 2.499999999999998668 ) ;
#2937 = VECTOR ( 'NONE', #1174, 1000.000000000000000 ) ;
#2938 = CYLINDRICAL_SURFACE ( 'NONE', #633, 2.499999999999998668 ) ;
#2939 = DIRECTION ( 'NONE',  ( 0.000000000000000000, 1.000000000000000000, 0.000000000000000000 ) ) ;
#2940 = VERTEX_POINT ( 'NONE', #241 ) ;
#2941 = CARTESIAN_POINT ( 'NONE',  ( 24.01662262032568407, 58.00000000000000000, 26.51638596813738147 ) ) ;
#2942 = CARTESIAN_POINT ( 'NONE',  ( 2.743360450765510716, 33.81979690197253063, 42.87379839680166072 ) ) ;
#2943 = EDGE_CURVE ( 'NONE', #3462, #337, #1900, .T. ) ;
#2944 = AXIS2_PLACEMENT_3D ( 'NONE', #2956, #2702, #763 ) ;
#2945 = ORIENTED_EDGE ( 'NONE', *, *, #436, .T. ) ;
#2946 = CARTESIAN_POINT ( 'NONE',  ( 1.020000000128049969E-06, 8.000000000000000000, -2.464693152877839175E-15 ) ) ;
#2947 = CARTESIAN_POINT ( 'NONE',  ( -4.063738060141720787, 35.08237837498663225, 42.72273239714566273 ) ) ;
#2948 = AXIS2_PLACEMENT_3D ( 'NONE', #2464, #3062, #591 ) ;
#2949 = LINE ( 'NONE', #2442, #2572 ) ;
#2950 = EDGE_CURVE ( 'NONE', #1826, #1116, #1341, .T. ) ;
#2951 = DIRECTION ( 'NONE',  ( -1.000000000000000000, 0.000000000000000000, 0.000000000000000000 ) ) ;
#2952 = CARTESIAN_POINT ( 'NONE',  ( 3.710602582198740537E-18, 58.00000000000000000, 1.105785616404725467E-18 ) ) ;
#2953 = CARTESIAN_POINT ( 'NONE',  ( -26.51638596813748450, 8.000000000000000000, 26.51662262032558104 ) ) ;
#2954 = CARTESIAN_POINT ( 'NONE',  ( 33.00000000000000711, 8.000000000000000000, 1.525221539868586926E-19 ) ) ;
#2955 = LINE ( 'NONE', #484, #2358 ) ;
#2956 = CARTESIAN_POINT ( 'NONE',  ( 3.710602582198740537E-18, 58.00000000000000000, 1.105785616404725467E-18 ) ) ;
#2957 = ORIENTED_EDGE ( 'NONE', *, *, #456, .F. ) ;
#2958 = ORIENTED_EDGE ( 'NONE', *, *, #1951, .F. ) ;
#2959 = EDGE_LOOP ( 'NONE', ( #1726, #1298, #2562, #2256, #3053 ) ) ;
#2960 = ORIENTED_EDGE ( 'NONE', *, *, #1604, .F. ) ;
#2961 = CARTESIAN_POINT ( 'NONE',  ( -4.870799291297282174, 34.34217275494034283, 43.72975701214921429 ) ) ;
#2962 = CONICAL_SURFACE ( 'NONE', #3089, 33.00000000000000711, 0.7853981633974552734 ) ;
#2963 = EDGE_CURVE ( 'NONE', #3257, #1966, #2978, .T. ) ;
#2964 = COLOUR_RGB ( '',0.7921568627450980005, 0.8196078431372548767, 0.9333333333333333481 ) ;
#2965 = DIRECTION ( 'NONE',  ( -6.397590658963290300E-20, -1.000000000000000000, -1.906526924835719514E-20 ) ) ;
#2966 = CARTESIAN_POINT ( 'NONE',  ( -2.501265431620735669, 33.66751564496273375, 42.89546565762123009 ) ) ;
#2967 = EDGE_CURVE ( 'NONE', #2312, #338, #2018, .T. ) ;
#2968 = LINE ( 'NONE', #538, #2290 ) ;
#2969 = VERTEX_POINT ( 'NONE', #1191 ) ;
#2970 = CARTESIAN_POINT ( 'NONE',  ( -0.8001840346445633356, 32.05035900460165976, 43.99283690687755666 ) ) ;
#2971 = CIRCLE ( 'NONE', #1263, 6.600000000000019185 ) ;
#2972 = DIRECTION ( 'NONE',  ( -1.000000000000000000, -1.865879172627004853E-36, -8.470329472542997748E-22 ) ) ;
#2973 = FACE_OUTER_BOUND ( 'NONE', #1664, .T. ) ;
#2974 = VERTEX_POINT ( 'NONE', #3383 ) ;
#2975 = VECTOR ( 'NONE', #2212, 1000.000000000000000 ) ;
#2976 = VECTOR ( 'NONE', #1110, 1000.000000000000000 ) ;
#2977 = CARTESIAN_POINT ( 'NONE',  ( -3.243200249610746599, 32.90171972535870992, 43.88062705269570074 ) ) ;
#2978 = B_SPLINE_CURVE_WITH_KNOTS ( 'NONE', 3,
 ( #2931, #2393, #1854, #1582 ),
 .UNSPECIFIED., .F., .F.,
 ( 4, 4 ),
 ( 1.153949739205086528E-17, 0.0008322413886670376303 ),
 .UNSPECIFIED. ) ;
#2979 = CARTESIAN_POINT ( 'NONE',  ( 3.678614628903922978E-18, 57.49999999999999289, 1.096252981780546650E-18 ) ) ;
#2980 = CARTESIAN_POINT ( 'NONE',  ( -4.244854295777472863, 35.35279520695134181, 42.69736445495036747 ) ) ;
#2981 = UNCERTAINTY_MEASURE_WITH_UNIT (LENGTH_MEASURE( 1.000000000000000082E-05 ), #1354, 'distance_accuracy_value', 'NONE');
#2982 = LINE ( 'NONE', #518, #605 ) ;
#2983 = PRODUCT_RELATED_PRODUCT_CATEGORY ( 'part', '', ( #1076 ) ) ;
#2984 = CARTESIAN_POINT ( 'NONE',  ( 5.637345843023493508, 58.00000000000000000, 43.13316974030711037 ) ) ;
#2985 = ORIENTED_EDGE ( 'NONE', *, *, #2334, .F. ) ;
#2986 = EDGE_CURVE ( 'NONE', #3300, #2901, #2650, .T. ) ;
#2987 = VECTOR ( 'NONE', #2100, 1000.000000000000000 ) ;
#2988 = CARTESIAN_POINT ( 'NONE',  ( 1.691869394786982062, 32.23147764856622643, 43.96756568377320917 ) ) ;
#2989 = CARTESIAN_POINT ( 'NONE',  ( 6.139529320179450522, 37.80280273873101748, 43.56955565216023274 ) ) ;
#2990 = CARTESIAN_POINT ( 'NONE',  ( -44.00000000000002842, 8.000000000000000000, -5.293955920339377119E-20 ) ) ;
#2991 = PRODUCT ( 'Крепление антенны в сборе', 'Крепление антенны в сборе', '', ( #359 ) ) ;
#2992 = DIRECTION ( 'NONE',  ( -1.000000000000000000, 0.000000000000000000, 0.000000000000000000 ) ) ;
#2993 = DIRECTION ( 'NONE',  ( -1.000000000000000000, 0.000000000000000000, 0.000000000000000000 ) ) ;
#2994 = ORIENTED_EDGE ( 'NONE', *, *, #1024, .T. ) ;
#2995 = EDGE_CURVE ( 'NONE', #1569, #155, #2714, .T. ) ;
#2996 = AXIS2_PLACEMENT_3D ( 'NONE', #1009, #728, #3456 ) ;
#2997 = PLANE ( 'NONE',  #3466 ) ;
#2998 = ORIENTED_EDGE ( 'NONE', *, *, #1622, .F. ) ;
#2999 = ORIENTED_EDGE ( 'NONE', *, *, #3309, .T. ) ;
#3000 = CARTESIAN_POINT ( 'NONE',  ( -2.253232867289286734, 32.41781728853441535, 43.94236694346067651 ) ) ;
#3001 = CARTESIAN_POINT ( 'NONE',  ( 3.461406125043088533, 34.39155337192767803, 42.79892760312006317 ) ) ;
#3002 = LINE ( 'NONE', #3581, #1269 ) ;
#3003 = AXIS2_PLACEMENT_3D ( 'NONE', #3562, #1913, #1731 ) ;
#3004 = ORIENTED_EDGE ( 'NONE', *, *, #3519, .F. ) ;
#3005 = CARTESIAN_POINT ( 'NONE',  ( -44.00000000000000000, 59.00000000000001421, 1.124850885653082909E-18 ) ) ;
#3006 = DIRECTION ( 'NONE',  ( -1.000000000000000000, 0.000000000000000000, 0.000000000000000000 ) ) ;
#3007 = DIRECTION ( 'NONE',  ( 0.000000000000000000, 0.000000000000000000, 1.000000000000000000 ) ) ;
#3008 = DIRECTION ( 'NONE',  ( 0.000000000000000000, 1.000000000000000000, 0.000000000000000000 ) ) ;
#3009 = DIRECTION ( 'NONE',  ( -1.000000000000000000, 0.000000000000000000, 0.000000000000000000 ) ) ;
#3010 = CARTESIAN_POINT ( 'NONE',  ( -2.830178255833589063, 33.87802188988716523, 42.86567700464091502 ) ) ;
#3011 = AXIS2_PLACEMENT_3D ( 'NONE', #1787, #3484, #108 ) ;
#3012 = CARTESIAN_POINT ( 'NONE',  ( -29.01662262032568407, 8.000000000000000000, -26.51638596813737792 ) ) ;
#3013 = DIRECTION ( 'NONE',  ( 0.7071067811865426878, -0.7071067811865524577, -1.348118117066092707E-20 ) ) ;
#3014 = EDGE_CURVE ( 'NONE', #3257, #417, #1404, .T. ) ;
#3015 = LINE ( 'NONE', #822, #1393 ) ;
#3016 = CARTESIAN_POINT ( 'NONE',  ( 0.000000000000000000, 8.000000000000000000, 0.000000000000000000 ) ) ;
#3017 = ORIENTED_EDGE ( 'NONE', *, *, #2891, .T. ) ;
#3018 = DIRECTION ( 'NONE',  ( -8.470329472542997748E-22, 3.009265538105054016E-36, 1.000000000000000000 ) ) ;
#3019 = EDGE_CURVE ( 'NONE', #1785, #3425, #693, .T. ) ;
#3020 = CARTESIAN_POINT ( 'NONE',  ( 3.143629266189177152, 34.11183675404807758, 42.83420958060023764 ) ) ;
#3021 = VERTEX_POINT ( 'NONE', #611 ) ;
#3022 = CARTESIAN_POINT ( 'NONE',  ( 0.8969269475993048024, 33.08042072109608256, 42.98663631723404421 ) ) ;
#3023 = CARTESIAN_POINT ( 'NONE',  ( -44.00000000000000000, 83.00000000000000000, 5.390028333595967264E-15 ) ) ;
#3024 = PRESENTATION_LAYER_ASSIGNMENT (  '', '', ( #2340 ) ) ;
#3025 = ORIENTED_EDGE ( 'NONE', *, *, #3248, .F. ) ;
#3026 = CARTESIAN_POINT ( 'NONE',  ( 6.060674358106203918, 37.02160231574921312, 43.58061251783824019 ) ) ;
#3027 = PRESENTATION_STYLE_ASSIGNMENT (( #635 ) ) ;
#3028 = CARTESIAN_POINT ( 'NONE',  ( -4.645911357818922838, 36.15167817203159473, 42.63705687466497807 ) ) ;
#3029 = CARTESIAN_POINT ( 'NONE',  ( -6.139534789078591182, 38.00000000000000711, 43.56955488151897526 ) ) ;
#3030 = FACE_BOUND ( 'NONE', #623, .T. ) ;
#3031 = ORIENTED_EDGE ( 'NONE', *, *, #1285, .T. ) ;
#3032 = EDGE_CURVE ( 'NONE', #3065, #1801, #1179, .T. ) ;
#3033 = CLOSED_SHELL ( 'NONE', ( #1691, #339, #526, #310, #3499, #237, #86, #316, #2395, #1046, #3421, #2612, #15, #1291, #293, #76, #2551, #1322, #3437, #3114, #2043, #1445, #2726, #2206, #3387, #1268, #2372, #3240, #1469, #2631, #2069, #723, #590, #1734 ) ) ;
#3034 = DIRECTION ( 'NONE',  ( 0.000000000000000000, 1.000000000000000000, 0.000000000000000000 ) ) ;
#3035 = ORIENTED_EDGE ( 'NONE', *, *, #2874, .T. ) ;
#3036 = CARTESIAN_POINT ( 'NONE',  ( 4.257532931753429395, 35.37216260310380278, 42.69557591043124489 ) ) ;
#3037 = ORIENTED_EDGE ( 'NONE', *, *, #2196, .F. ) ;
#3038 = EDGE_CURVE ( 'NONE', #2063, #3363, #1897, .T. ) ;
#3039 = VECTOR ( 'NONE', #906, 1000.000000000000114 ) ;
#3040 = VECTOR ( 'NONE', #1080, 1000.000000000000000 ) ;
#3041 = EDGE_CURVE ( 'NONE', #143, #3372, #468, .T. ) ;
#3042 = FACE_OUTER_BOUND ( 'NONE', #488, .T. ) ;
#3043 = VERTEX_POINT ( 'NONE', #411 ) ;
#3044 = CARTESIAN_POINT ( 'NONE',  ( -35.00000000000000000, 58.00000000000000000, 6.430501481140009318E-15 ) ) ;
#3045 = DIRECTION ( 'NONE',  ( -1.865879172627007192E-36, -1.000000000000000000, -3.009265538105058025E-36 ) ) ;
#3046 = ORIENTED_EDGE ( 'NONE', *, *, #1841, .F. ) ;
#3047 = CARTESIAN_POINT ( 'NONE',  ( 3.580375061671200676, 33.12490166323085816, 43.85416104911674040 ) ) ;
#3048 = CARTESIAN_POINT ( 'NONE',  ( 32.50000000000000711, 8.499999999999992895, 6.291538851957918273E-19 ) ) ;
#3049 = CARTESIAN_POINT ( 'NONE',  ( -26.51638596813748450, 79.50000000000000000, 29.61662262032558246 ) ) ;
#3050 = FACE_OUTER_BOUND ( 'NONE', #3532, .T. ) ;
#3051 = ORIENTED_EDGE ( 'NONE', *, *, #2308, .T. ) ;
#3052 = AXIS2_PLACEMENT_3D ( 'NONE', #734, #1574, #3494 ) ;
#3053 = ORIENTED_EDGE ( 'NONE', *, *, #1883, .F. ) ;
#3054 = PRODUCT_DEFINITION ( 'UNKNOWN', '', #663, #783 ) ;
#3055 = EDGE_LOOP ( 'NONE', ( #195, #2779, #331, #561 ) ) ;
#3056 = CARTESIAN_POINT ( 'NONE',  ( -35.00000000000000000, 83.00000000000000000, 6.430978112871219178E-15 ) ) ;
#3057 = AXIS2_PLACEMENT_3D ( 'NONE', #1615, #811, #3007 ) ;
#3058 = ORIENTED_EDGE ( 'NONE', *, *, #433, .T. ) ;
#3059 = ORIENTED_EDGE ( 'NONE', *, *, #897, .T. ) ;
#3060 = ADVANCED_FACE ( 'NONE', ( #3126 ), #2602, .F. ) ;
#3061 = CARTESIAN_POINT ( 'NONE',  ( 26.51650429449560775, 8.000000000000000000, -26.51650429449550472 ) ) ;
#3062 = DIRECTION ( 'NONE',  ( 0.000000000000000000, 1.000000000000000000, 0.000000000000000000 ) ) ;
#3063 = DIRECTION ( 'NONE',  ( 0.000000000000000000, 0.000000000000000000, -1.000000000000000000 ) ) ;
#3064 = EDGE_CURVE ( 'NONE', #3305, #1153, #1730, .T. ) ;
#3065 = VERTEX_POINT ( 'NONE', #3417 ) ;
#3066 = ORIENTED_EDGE ( 'NONE', *, *, #1682, .F. ) ;
#3067 = CARTESIAN_POINT ( 'NONE',  ( 2.717676065620057813, 32.61895061897254067, 43.91608405573155949 ) ) ;
#3068 = CARTESIAN_POINT ( 'NONE',  ( 3.749785627649986797, 33.23278166316020332, 43.84121689062473592 ) ) ;
#3069 = CARTESIAN_POINT ( 'NONE',  ( 26.51650429449560775, 8.000000000000000000, -26.51650429449550472 ) ) ;
#3070 = ORIENTED_EDGE ( 'NONE', *, *, #619, .F. ) ;
#3071 = CIRCLE ( 'NONE', #2027, 3.099999999999998757 ) ;
#3072 = DIRECTION ( 'NONE',  ( -6.397590658963344466E-20, -1.000000000000000000, -1.906526924835733357E-20 ) ) ;
#3073 = FACE_OUTER_BOUND ( 'NONE', #655, .T. ) ;
#3074 = CARTESIAN_POINT ( 'NONE',  ( 4.567227657170922051, 35.96458560970560114, 42.64930795434174371 ) ) ;
#3075 = DIRECTION ( 'NONE',  ( -6.397590658963344466E-20, -1.000000000000000000, -1.906526924835733357E-20 ) ) ;
#3076 = CARTESIAN_POINT ( 'NONE',  ( 2.213258951194847945, 33.51579212599533264, 42.91799135729115022 ) ) ;
#3077 = CARTESIAN_POINT ( 'NONE',  ( 26.51662262032568407, 79.50000000000000000, 23.41638596813738360 ) ) ;
#3078 = ADVANCED_FACE ( 'NONE', ( #975 ), #2070, .T. ) ;
#3079 = CARTESIAN_POINT ( 'NONE',  ( 26.51650429449560775, 8.000000000000000000, -26.51650429449550472 ) ) ;
#3080 = CARTESIAN_POINT ( 'NONE',  ( -51.89691115697975476, 4.000000000000000000, -3.000000000000003109 ) ) ;
#3081 = CARTESIAN_POINT ( 'NONE',  ( -26.51638596813748450, 58.00000000000000000, 26.51662262032558104 ) ) ;
#3082 = CARTESIAN_POINT ( 'NONE',  ( 1.640217821114424712, 33.27538542869394433, 42.95509871894777376 ) ) ;
#3083 = DIRECTION ( 'NONE',  ( 0.7548294247255817879, -3.578558366143001326E-20, -0.6559211382235270449 ) ) ;
#3084 = CIRCLE ( 'NONE', #3149, 3.999999999999996447 ) ;
#3085 = ORIENTED_EDGE ( 'NONE', *, *, #190, .T. ) ;
#3086 = ORIENTED_EDGE ( 'NONE', *, *, #236, .F. ) ;
#3087 = EDGE_CURVE ( 'NONE', #1324, #578, #215, .T. ) ;
#3088 = CARTESIAN_POINT ( 'NONE',  ( 0.8035297947964219478, 32.04839019250752585, 43.99311412147736178 ) ) ;
#3089 = AXIS2_PLACEMENT_3D ( 'NONE', #1638, #1082, #235 ) ;
#3090 = CARTESIAN_POINT ( 'NONE',  ( 29.00000000000002487, 4.000000000000000000, 2.500000000000000888 ) ) ;
#3091 = PRESENTATION_LAYER_ASSIGNMENT (  '', '', ( #898 ) ) ;
#3092 = CARTESIAN_POINT ( 'NONE',  ( 5.000000000000000000, 38.00000000000000711, 42.57933784517401676 ) ) ;
#3093 = CARTESIAN_POINT ( 'NONE',  ( -5.000000000000000000, 38.00000000000000711, 42.57933784517401676 ) ) ;
#3094 = VERTEX_POINT ( 'NONE', #2173 ) ;
#3095 = CARTESIAN_POINT ( 'NONE',  ( -4.492803146975777651, 35.78143173675660194, 32.18820908432756056 ) ) ;
#3096 = ORIENTED_EDGE ( 'NONE', *, *, #3221, .F. ) ;
#3097 = ORIENTED_EDGE ( 'NONE', *, *, #640, .F. ) ;
#3098 = CARTESIAN_POINT ( 'NONE',  ( 3.860554006755875900, 34.82255989653351946, 42.74971855182455016 ) ) ;
#3099 = VERTEX_POINT ( 'NONE', #500 ) ;
#3100 = LINE ( 'NONE', #3121, #3557 ) ;
#3101 = CIRCLE ( 'NONE', #2345, 43.50000000000002132 ) ;
#3102 = CARTESIAN_POINT ( 'NONE',  ( -32.50000000000000711, 57.49999999999997868, 3.980731251114094916E-15 ) ) ;
#3103 = DIRECTION ( 'NONE',  ( -1.000000000000000000, 0.000000000000000000, 0.000000000000000000 ) ) ;
#3104 = AXIS2_PLACEMENT_3D ( 'NONE', #1360, #2642, #3232 ) ;
#3105 = FACE_BOUND ( 'NONE', #1990, .T. ) ;
#3106 = AXIS2_PLACEMENT_3D ( 'NONE', #3259, #1877, #1288 ) ;
#3107 = CARTESIAN_POINT ( 'NONE',  ( -4.989772983941904272, 37.66988083812862698, 42.58106567815673316 ) ) ;
#3108 = DIRECTION ( 'NONE',  ( -1.000000000000000000, 0.000000000000000000, 0.000000000000000000 ) ) ;
#3109 = FACE_OUTER_BOUND ( 'NONE', #2348, .T. ) ;
#3110 = ORIENTED_EDGE ( 'NONE', *, *, #1995, .F. ) ;
#3111 = CARTESIAN_POINT ( 'NONE',  ( 4.058579059273369261, 33.48106227388336009, 43.81333827523449997 ) ) ;
#3112 = CARTESIAN_POINT ( 'NONE',  ( -4.273476694025435840, 35.40399389945881126, 42.69313706756695836 ) ) ;
#3113 = CARTESIAN_POINT ( 'NONE',  ( 4.872097024255607423, 36.86455263701278540, 42.60070114979799882 ) ) ;
#3114 = ADVANCED_FACE ( 'NONE', ( #1356 ), #1850, .F. ) ;
#3115 = EDGE_LOOP ( 'NONE', ( #1261, #2673, #2957, #2653, #3155, #720 ) ) ;
#3116 = CARTESIAN_POINT ( 'NONE',  ( -51.89691115697975476, 4.000000000000000000, -3.000000000000003109 ) ) ;
#3117 = VERTEX_POINT ( 'NONE', #735 ) ;
#3118 = ORIENTED_EDGE ( 'NONE', *, *, #952, .F. ) ;
#3119 = AXIS2_PLACEMENT_3D ( 'NONE', #192, #1601, #1077 ) ;
#3120 = EDGE_CURVE ( 'NONE', #2869, #1503, #1464, .T. ) ;
#3121 = CARTESIAN_POINT ( 'NONE',  ( 24.01638596813748094, 58.00000000000000000, -26.51662262032558459 ) ) ;
#3122 = AXIS2_PLACEMENT_3D ( 'NONE', #3348, #2201, #580 ) ;
#3123 = B_SPLINE_CURVE_WITH_KNOTS ( 'NONE', 3,
 ( #1973, #289, #2508, #868, #616, #1763, #2909, #2087, #115, #134, #370, #3449, #651, #1295 ),
 .UNSPECIFIED., .F., .F.,
 ( 4, 2, 2, 2, 2, 2, 4 ),
 ( 3.469446951953614189E-18, 0.002008868142489652047, 0.003013302213734475252, 0.004017736284979298023, 0.006026604427468937493, 0.007031038498713755060, 0.008035472569958573494 ),
 .UNSPECIFIED. ) ;
#3124 = PLANE ( 'NONE',  #2689 ) ;
#3125 = AXIS2_PLACEMENT_3D ( 'NONE', #3468, #1276, #1549 ) ;
#3126 = FACE_OUTER_BOUND ( 'NONE', #1842, .T. ) ;
#3127 = AXIS2_PLACEMENT_3D ( 'NONE', #594, #1702, #554 ) ;
#3128 = CARTESIAN_POINT ( 'NONE',  ( 5.745916944144697780, 35.88389692925883878, 43.62322347840525794 ) ) ;
#3129 = CARTESIAN_POINT ( 'NONE',  ( 1.003062960982408214, 32.07735822483486743, 43.98900801124849380 ) ) ;
#3130 = CARTESIAN_POINT ( 'NONE',  ( 5.310000246939576882E-18, 83.00000000000000000, -35.00000000000000000 ) ) ;
#3131 = CARTESIAN_POINT ( 'NONE',  ( -44.00000000000003553, 0.000000000000000000, 2.500000000000002665 ) ) ;
#3132 = ORIENTED_EDGE ( 'NONE', *, *, #3559, .T. ) ;
#3133 = EDGE_CURVE ( 'NONE', #471, #3554, #1036, .T. ) ;
#3134 = AXIS2_PLACEMENT_3D ( 'NONE', #444, #2889, #2637 ) ;
#3135 = EDGE_LOOP ( 'NONE', ( #670, #3331 ) ) ;
#3136 = SURFACE_STYLE_FILL_AREA ( #1299 ) ;
#3137 = CARTESIAN_POINT ( 'NONE',  ( 26.51662262032568407, 83.00000000000000000, 26.51638596813738147 ) ) ;
#3138 = AXIS2_PLACEMENT_3D ( 'NONE', #301, #3008, #832 ) ;
#3139 = VERTEX_POINT ( 'NONE', #758 ) ;
#3140 = EDGE_CURVE ( 'NONE', #2873, #3099, #2683, .T. ) ;
#3141 = FACE_OUTER_BOUND ( 'NONE', #1764, .T. ) ;
#3142 = DIRECTION ( 'NONE',  ( -6.397590658963344466E-20, -1.000000000000000000, -1.906526924835733357E-20 ) ) ;
#3143 = ORIENTED_EDGE ( 'NONE', *, *, #952, .T. ) ;
#3144 = DIRECTION ( 'NONE',  ( 6.397590658963334837E-20, 1.000000000000000000, 1.906526924835732755E-20 ) ) ;
#3145 = CARTESIAN_POINT ( 'NONE',  ( -29.01638596813748094, 58.00000000000000000, 26.51662262032558104 ) ) ;
#3146 = DIRECTION ( 'NONE',  ( -1.000000000000000000, 0.000000000000000000, 0.000000000000000000 ) ) ;
#3147 = CARTESIAN_POINT ( 'NONE',  ( 2.067951531382570128E-22, 4.000000000000000000, 0.000000000000000000 ) ) ;
#3148 = DIRECTION ( 'NONE',  ( 0.000000000000000000, 0.000000000000000000, 1.000000000000000000 ) ) ;
#3149 = AXIS2_PLACEMENT_3D ( 'NONE', #3056, #36, #3315 ) ;
#3150 = CARTESIAN_POINT ( 'NONE',  ( 5.437952060118839607E-19, 8.499999999999992895, 1.620547886110372451E-19 ) ) ;
#3151 = ORIENTED_EDGE ( 'NONE', *, *, #2019, .F. ) ;
#3152 = VECTOR ( 'NONE', #1411, 1000.000000000000000 ) ;
#3153 = DIRECTION ( 'NONE',  ( -6.397590658963344466E-20, -1.000000000000000000, -1.906526924835733357E-20 ) ) ;
#3154 = CARTESIAN_POINT ( 'NONE',  ( 3.726944967918921492E-20, 8.000000000000000000, -44.00000000000002842 ) ) ;
#3155 = ORIENTED_EDGE ( 'NONE', *, *, #2019, .T. ) ;
#3156 = CARTESIAN_POINT ( 'NONE',  ( -31.00000000000000711, 83.00000000000000000, 6.430739797005614248E-15 ) ) ;
#3157 = CARTESIAN_POINT ( 'NONE',  ( -28.68699712769324606, 82.69817287614577594, 32.43777118806553261 ) ) ;
#3158 = CONTEXT_DEPENDENT_SHAPE_REPRESENTATION ( #2769, #2676 ) ;
#3159 = CARTESIAN_POINT ( 'NONE',  ( 3.710602582198740537E-18, 58.00000000000000000, 1.105785616404725467E-18 ) ) ;
#3160 = EDGE_CURVE ( 'NONE', #858, #1207, #516, .T. ) ;
#3161 = DIRECTION ( 'NONE',  ( -6.397590658963344466E-20, -1.000000000000000000, -1.906526924835733357E-20 ) ) ;
#3162 = ORIENTED_EDGE ( 'NONE', *, *, #418, .F. ) ;
#3163 = AXIS2_PLACEMENT_3D ( 'NONE', #1987, #325, #883 ) ;
#3164 = DIRECTION ( 'NONE',  ( -6.397590658963344466E-20, -1.000000000000000000, -1.906526924835733357E-20 ) ) ;
#3165 = VECTOR ( 'NONE', #1449, 1000.000000000000000 ) ;
#3166 = CARTESIAN_POINT ( 'NONE',  ( 32.75952791075225434, 82.83486375380620359, 28.10955157604862720 ) ) ;
#3167 = DIRECTION ( 'NONE',  ( 1.865879172627007192E-36, 1.000000000000000000, 3.009265538105058025E-36 ) ) ;
#3168 = CARTESIAN_POINT ( 'NONE',  ( -4.380607276770401626, 35.58815574287817896, 42.67753509162873371 ) ) ;
#3169 = EDGE_LOOP ( 'NONE', ( #2539, #1370 ) ) ;
#3170 = DIRECTION ( 'NONE',  ( 1.000000000000000000, 0.000000000000000000, 0.000000000000000000 ) ) ;
#3171 = DIRECTION ( 'NONE',  ( 0.7071067811865524577, 0.7071067811865426878, 8.660908680472059934E-17 ) ) ;
#3172 = ORIENTED_EDGE ( 'NONE', *, *, #1206, .T. ) ;
#3173 = CARTESIAN_POINT ( 'NONE',  ( -29.61638596813748237, 58.00000000000000000, 26.51662262032558104 ) ) ;
#3174 = ORIENTED_EDGE ( 'NONE', *, *, #3019, .T. ) ;
#3175 = DIRECTION ( 'NONE',  ( -6.397590658963344466E-20, -1.000000000000000000, -1.906526924835733357E-20 ) ) ;
#3176 = CARTESIAN_POINT ( 'NONE',  ( 1.896708435643162050, 33.37370443186984659, 42.93972212734353633 ) ) ;
#3177 = FACE_BOUND ( 'NONE', #216, .T. ) ;
#3178 = CARTESIAN_POINT ( 'NONE',  ( -43.00000000000002132, 83.00000000000000000, 5.328786461003977165E-15 ) ) ;
#3179 = EDGE_CURVE ( 'NONE', #210, #2492, #997, .T. ) ;
#3180 =( NAMED_UNIT ( * ) PLANE_ANGLE_UNIT ( ) SI_UNIT ( $, .RADIAN. ) );
#3181 = VERTEX_POINT ( 'NONE', #654 ) ;
#3182 = CARTESIAN_POINT ( 'NONE',  ( -4.999999728692461787, 37.91732050837352830, 42.57933784478323958 ) ) ;
#3183 = EDGE_CURVE ( 'NONE', #2877, #1631, #3470, .T. ) ;
#3184 = ORIENTED_EDGE ( 'NONE', *, *, #3442, .F. ) ;
#3185 = AXIS2_PLACEMENT_3D ( 'NONE', #1815, #2326, #2905 ) ;
#3186 = ORIENTED_EDGE ( 'NONE', *, *, #1265, .F. ) ;
#3187 = CARTESIAN_POINT ( 'NONE',  ( 0.000000000000000000, 0.000000000000000000, -33.00000000000002842 ) ) ;
#3188 = CARTESIAN_POINT ( 'NONE',  ( -5.590830156227980297, 35.51866096560365804, 43.64337896172814624 ) ) ;
#3189 = CIRCLE ( 'NONE', #3367, 29.00000000000002132 ) ;
#3190 = ORIENTED_EDGE ( 'NONE', *, *, #2196, .T. ) ;
#3191 = CARTESIAN_POINT ( 'NONE',  ( -2.210850579884812372, 33.51458438355442837, 42.91817260348554441 ) ) ;
#3192 = DIRECTION ( 'NONE',  ( -1.000000000000000000, 0.000000000000000000, 0.000000000000000000 ) ) ;
#3193 = EDGE_CURVE ( 'NONE', #159, #2580, #47, .T. ) ;
#3194 = ADVANCED_BREP_SHAPE_REPRESENTATION ( '', ( #2166, #2616 ), #2281 ) ;
#3195 = CARTESIAN_POINT ( 'NONE',  ( -3.227928549848693596, 34.18152173755446910, 42.82517626105885000 ) ) ;
#3196 = ORIENTED_EDGE ( 'NONE', *, *, #928, .F. ) ;
#3197 = EDGE_CURVE ( 'NONE', #984, #2318, #551, .T. ) ;
#3198 = ORIENTED_EDGE ( 'NONE', *, *, #1310, .T. ) ;
#3199 = CARTESIAN_POINT ( 'NONE',  ( 1.101342839611389346, 32.09650493967436802, 43.98632540989363804 ) ) ;
#3200 = DIRECTION ( 'NONE',  ( -8.470329472542997748E-22, 3.009265538105054016E-36, 1.000000000000000000 ) ) ;
#3201 = DIRECTION ( 'NONE',  ( 0.000000000000000000, 0.000000000000000000, 1.000000000000000000 ) ) ;
#3202 = ORIENTED_EDGE ( 'NONE', *, *, #423, .T. ) ;
#3203 = CARTESIAN_POINT ( 'NONE',  ( 26.51662262032568407, 79.50000000000000000, 26.51638596813738147 ) ) ;
#3204 = FACE_OUTER_BOUND ( 'NONE', #136, .T. ) ;
#3205 = VERTEX_POINT ( 'NONE', #1998 ) ;
#3206 = VERTEX_POINT ( 'NONE', #1748 ) ;
#3207 = DIRECTION ( 'NONE',  ( 0.000000000000000000, 0.000000000000000000, 1.000000000000000000 ) ) ;
#3208 = CARTESIAN_POINT ( 'NONE',  ( -2.061600009930690813, 33.44405698194903209, 42.92886882105860735 ) ) ;
#3209 = DIRECTION ( 'NONE',  ( -1.000000000000000000, 0.000000000000000000, 0.000000000000000000 ) ) ;
#3210 = DIRECTION ( 'NONE',  ( 6.397590658963344466E-20, 1.000000000000000000, 1.906526924835733357E-20 ) ) ;
#3211 = VECTOR ( 'NONE', #1833, 1000.000000000000000 ) ;
#3212 = ORIENTED_EDGE ( 'NONE', *, *, #481, .F. ) ;
#3213 = VECTOR ( 'NONE', #1434, 1000.000000000000000 ) ;
#3214 = EDGE_CURVE ( 'NONE', #2914, #1008, #1005, .T. ) ;
#3215 = CARTESIAN_POINT ( 'NONE',  ( 5.310000246939576882E-18, 83.00000000000000000, 1.582417347613658819E-18 ) ) ;
#3216 = CIRCLE ( 'NONE', #79, 6.600000000000019185 ) ;
#3217 = ORIENTED_EDGE ( 'NONE', *, *, #2102, .F. ) ;
#3218 = CARTESIAN_POINT ( 'NONE',  ( 29.01662262032568051, 58.00000000000000000, 26.51638596813738147 ) ) ;
#3219 = DIRECTION ( 'NONE',  ( 6.397590658963344466E-20, 1.000000000000000000, 1.906526924835733357E-20 ) ) ;
#3220 = ORIENTED_EDGE ( 'NONE', *, *, #1223, .T. ) ;
#3221 = EDGE_CURVE ( 'NONE', #1908, #85, #929, .T. ) ;
#3222 = CARTESIAN_POINT ( 'NONE',  ( -3.575574472350654620, 33.11861437638153660, 43.85479516257115051 ) ) ;
#3223 = DIRECTION ( 'NONE',  ( 1.865879172627007192E-36, 1.000000000000000000, 3.009265538105058025E-36 ) ) ;
#3224 = CARTESIAN_POINT ( 'NONE',  ( 0.000000000000000000, 79.99999999999997158, -25.00000000000000000 ) ) ;
#3225 = AXIS2_PLACEMENT_3D ( 'NONE', #2682, #772, #1865 ) ;
#3226 = PRODUCT_DEFINITION_SHAPE ( 'NONE', 'NONE',  #3602 ) ;
#3227 = CARTESIAN_POINT ( 'NONE',  ( 24.01638596813748094, 8.000000000000000000, -26.51662262032558459 ) ) ;
#3228 = FACE_OUTER_BOUND ( 'NONE', #3513, .T. ) ;
#3229 = CARTESIAN_POINT ( 'NONE',  ( 2.067951531382570128E-22, 4.000000000000000000, 0.000000000000000000 ) ) ;
#3230 = CARTESIAN_POINT ( 'NONE',  ( -3.031488438486045212, 34.02297818052331024, 42.84591426980637152 ) ) ;
#3231 = CARTESIAN_POINT ( 'NONE',  ( 5.805009760848906630, 57.83380610672708144, 43.27886399150704477 ) ) ;
#3232 = DIRECTION ( 'NONE',  ( -1.000000000000000000, 0.000000000000000000, 0.000000000000000000 ) ) ;
#3233 = CARTESIAN_POINT ( 'NONE',  ( 27.52066431482229802, 83.00000000000000000, 33.03956772826890642 ) ) ;
#3234 = ORIENTED_EDGE ( 'NONE', *, *, #2744, .T. ) ;
#3235 = CARTESIAN_POINT ( 'NONE',  ( -0.9998176070631072943, 32.07927495706661603, 43.98875204268534134 ) ) ;
#3236 = AXIS2_PLACEMENT_3D ( 'NONE', #303, #280, #2485 ) ;
#3237 =( LENGTH_UNIT ( ) NAMED_UNIT ( * ) SI_UNIT ( .MILLI., .METRE. ) );
#3238 = AXIS2_PLACEMENT_3D ( 'NONE', #3080, #609, #3587 ) ;
#3239 = ORIENTED_EDGE ( 'NONE', *, *, #878, .F. ) ;
#3240 = ADVANCED_FACE ( 'NONE', ( #708 ), #2266, .F. ) ;
#3241 = DIRECTION ( 'NONE',  ( 0.000000000000000000, 0.7071067811865453523, 0.7071067811865496822 ) ) ;
#3242 = CARTESIAN_POINT ( 'NONE',  ( -5.212286124699796908, 34.82335428835474289, 43.69032629583324479 ) ) ;
#3243 = CARTESIAN_POINT ( 'NONE',  ( 4.447503430516238865, 35.71388214004616657, 42.66753510933276772 ) ) ;
#3244 = FACE_OUTER_BOUND ( 'NONE', #3283, .T. ) ;
#3245 = EDGE_CURVE ( 'NONE', #2501, #1809, #1796, .T. ) ;
#3246 = VECTOR ( 'NONE', #3385, 1000.000000000000000 ) ;
#3247 = AXIS2_PLACEMENT_3D ( 'NONE', #1822, #2705, #156 ) ;
#3248 = EDGE_CURVE ( 'NONE', #1503, #578, #2597, .T. ) ;
#3249 = CARTESIAN_POINT ( 'NONE',  ( -6.139533482900519701, 37.60320456262147104, 43.56955506557697078 ) ) ;
#3250 = DIRECTION ( 'NONE',  ( 0.000000000000000000, 1.000000000000000000, 0.000000000000000000 ) ) ;
#3251 = ORIENTED_EDGE ( 'NONE', *, *, #748, .T. ) ;
#3252 = CARTESIAN_POINT ( 'NONE',  ( 6.139534789078584964, 38.00000000000000711, 43.56955488151896816 ) ) ;
#3253 = DIRECTION ( 'NONE',  ( -6.397590658963344466E-20, -1.000000000000000000, -1.906526924835733357E-20 ) ) ;
#3254 = CARTESIAN_POINT ( 'NONE',  ( -43.89760813529596817, 8.000000000000000000, -3.000000000000003997 ) ) ;
#3255 = ORIENTED_EDGE ( 'NONE', *, *, #3303, .T. ) ;
#3256 = LINE ( 'NONE', #2941, #152 ) ;
#3257 = VERTEX_POINT ( 'NONE', #745 ) ;
#3258 = CARTESIAN_POINT ( 'NONE',  ( -5.812640678554767071, 36.06580873454340974, 43.61438263100818347 ) ) ;
#3259 = CARTESIAN_POINT ( 'NONE',  ( 0.000000000000000000, 8.000000000000000000, 0.000000000000000000 ) ) ;
#3260 = AXIS2_PLACEMENT_3D ( 'NONE', #1234, #2317, #672 ) ;
#3261 = FACE_BOUND ( 'NONE', #3473, .T. ) ;
#3262 = EDGE_CURVE ( 'NONE', #1027, #3411, #2833, .T. ) ;
#3263 = DIRECTION ( 'NONE',  ( 8.470329472542997748E-22, -3.009265538105054016E-36, -1.000000000000000000 ) ) ;
#3264 = SHAPE_REPRESENTATION ( 'Держатель USBL (скоба)', ( #2616 ), #2681 ) ;
#3265 = ADVANCED_FACE ( 'NONE', ( #2897 ), #3524, .T. ) ;
#3266 = CARTESIAN_POINT ( 'NONE',  ( 6.139534789078585852, 57.49999999999999289, 43.56955488151896816 ) ) ;
#3267 = LINE ( 'NONE', #1583, #2400 ) ;
#3268 = ORIENTED_EDGE ( 'NONE', *, *, #3523, .T. ) ;
#3269 = CARTESIAN_POINT ( 'NONE',  ( 0.2049938592747164445, 32.00014658757108066, 43.99997904078058752 ) ) ;
#3270 = CIRCLE ( 'NONE', #503, 6.600000000000022737 ) ;
#3271 = DIRECTION ( 'NONE',  ( 6.397590658963414281E-20, 1.000000000000000000, 1.906526924835742084E-20 ) ) ;
#3272 = ORIENTED_EDGE ( 'NONE', *, *, #702, .F. ) ;
#3273 = DIRECTION ( 'NONE',  ( -1.865879172627007192E-36, -1.000000000000000000, -3.009265538105058025E-36 ) ) ;
#3274 = VECTOR ( 'NONE', #391, 1000.000000000000000 ) ;
#3275 = CIRCLE ( 'NONE', #2461, 2.499999999999998668 ) ;
#3276 = CARTESIAN_POINT ( 'NONE',  ( -2.531452996426856394, 32.53286844720123838, 43.92721448374128812 ) ) ;
#3277 = EDGE_LOOP ( 'NONE', ( #3399, #2438, #6, #1443 ) ) ;
#3278 = DIRECTION ( 'NONE',  ( -1.865879172627007192E-36, -1.000000000000000000, -3.009265538105058025E-36 ) ) ;
#3279 = UNCERTAINTY_MEASURE_WITH_UNIT (LENGTH_MEASURE( 1.000000000000000082E-05 ), #2202, 'distance_accuracy_value', 'NONE');
#3280 = ADVANCED_FACE ( 'NONE', ( #2648, #470, #1874, #1062, #3030, #1078 ), #1365, .F. ) ;
#3281 = DIRECTION ( 'NONE',  ( -1.000000000000000000, 0.000000000000000000, 0.000000000000000000 ) ) ;
#3282 = ORIENTED_EDGE ( 'NONE', *, *, #2224, .F. ) ;
#3283 = EDGE_LOOP ( 'NONE', ( #1952, #876 ) ) ;
#3284 = STYLED_ITEM ( 'NONE', ( #1911 ), #2231 ) ;
#3285 = ADVANCED_FACE ( 'NONE', ( #2973 ), #248, .T. ) ;
#3286 = CARTESIAN_POINT ( 'NONE',  ( 1.398655891328767886, 32.15693014163907293, 43.97787421058902879 ) ) ;
#3287 = DIRECTION ( 'NONE',  ( -6.397590658963344466E-20, -1.000000000000000000, -1.906526924835733357E-20 ) ) ;
#3288 = FACE_OUTER_BOUND ( 'NONE', #2959, .T. ) ;
#3289 = DIRECTION ( 'NONE',  ( -8.470329472542996808E-22, 3.009265538105053682E-36, 1.000000000000000000 ) ) ;
#3290 = ORIENTED_EDGE ( 'NONE', *, *, #2811, .T. ) ;
#3291 = VECTOR ( 'NONE', #749, 1000.000000000000000 ) ;
#3292 = CARTESIAN_POINT ( 'NONE',  ( -26.51662262032568762, 79.50000000000000000, -23.41638596813738005 ) ) ;
#3293 = AXIS2_PLACEMENT_3D ( 'NONE', #2373, #2097, #458 ) ;
#3294 = CARTESIAN_POINT ( 'NONE',  ( 2.841342335033409938, 33.88513558348162746, 42.86466953811203240 ) ) ;
#3295 = AXIS2_PLACEMENT_3D ( 'NONE', #1779, #1274, #3192 ) ;
#3296 = CARTESIAN_POINT ( 'NONE',  ( 26.51662262032568407, 83.00000000000000000, 33.11638596813740776 ) ) ;
#3297 = DIRECTION ( 'NONE',  ( 1.000000000000000000, 1.865879172627004853E-36, 8.470329472542997748E-22 ) ) ;
#3298 = FACE_OUTER_BOUND ( 'NONE', #2483, .T. ) ;
#3299 = CARTESIAN_POINT ( 'NONE',  ( -5.747166416169456227, 35.88037516750611644, 43.62311415921729463 ) ) ;
#3300 = VERTEX_POINT ( 'NONE', #1587 ) ;
#3301 = CARTESIAN_POINT ( 'NONE',  ( -26.51650429449560420, 8.000000000000000000, -26.51650429449550828 ) ) ;
#3302 = FACE_OUTER_BOUND ( 'NONE', #1313, .T. ) ;
#3303 = EDGE_CURVE ( 'NONE', #2208, #3305, #1652, .T. ) ;
#3304 = DIRECTION ( 'NONE',  ( 6.397590658963344466E-20, 1.000000000000000000, 1.906526924835733357E-20 ) ) ;
#3305 = VERTEX_POINT ( 'NONE', #194 ) ;
#3306 = CARTESIAN_POINT ( 'NONE',  ( 2.445518736466573806, 32.49566266357246747, 43.93208374400953176 ) ) ;
#3307 = CARTESIAN_POINT ( 'NONE',  ( -4.929406056317249707, 37.16095969102086372, 42.59119391685179323 ) ) ;
#3308 = DIRECTION ( 'NONE',  ( 6.397590658963344466E-20, 1.000000000000000000, 1.906526924835733357E-20 ) ) ;
#3309 = EDGE_CURVE ( 'NONE', #915, #1872, #2416, .T. ) ;
#3310 = ORIENTED_EDGE ( 'NONE', *, *, #1353, .T. ) ;
#3311 = CARTESIAN_POINT ( 'NONE',  ( -27.52036944506964034, 83.00000000000000000, 33.03981334098119760 ) ) ;
#3312 = CARTESIAN_POINT ( 'NONE',  ( -4.872039553750085794, 36.86430137287605646, 32.13276002090719174 ) ) ;
#3313 = CARTESIAN_POINT ( 'NONE',  ( 4.121673671287187091, 35.16937758690072258, 42.71460382697286917 ) ) ;
#3314 = ORIENTED_EDGE ( 'NONE', *, *, #1537, .T. ) ;
#3315 = DIRECTION ( 'NONE',  ( -1.000000000000000000, 0.000000000000000000, 0.000000000000000000 ) ) ;
#3316 = DIRECTION ( 'NONE',  ( -1.000000000000000000, 0.000000000000000000, 0.000000000000000000 ) ) ;
#3317 = ORIENTED_EDGE ( 'NONE', *, *, #3330, .F. ) ;
#3318 = PLANE ( 'NONE',  #3408 ) ;
#3319 = DIRECTION ( 'NONE',  ( -6.397590658963344466E-20, -1.000000000000000000, -1.906526924835733357E-20 ) ) ;
#3320 = PRODUCT_DEFINITION_SHAPE ( 'NONE', 'NONE',  #1795 ) ;
#3321 = AXIS2_PLACEMENT_3D ( 'NONE', #1644, #1396, #1930 ) ;
#3322 = DIRECTION ( 'NONE',  ( 6.397590658963344466E-20, 1.000000000000000000, 1.906526924835733357E-20 ) ) ;
#3323 = CARTESIAN_POINT ( 'NONE',  ( -31.00000000000000711, 83.00000000000000000, 6.430978112871219178E-15 ) ) ;
#3324 = ORIENTED_EDGE ( 'NONE', *, *, #2154, .F. ) ;
#3325 = CARTESIAN_POINT ( 'NONE',  ( -6.139534789078586741, 57.49999999999999289, 43.56955488151896816 ) ) ;
#3326 = CIRCLE ( 'NONE', #2227, 2.999999999999995559 ) ;
#3327 = VERTEX_POINT ( 'NONE', #1347 ) ;
#3328 = DIRECTION ( 'NONE',  ( 1.865879172627007192E-36, 1.000000000000000000, 3.009265538105058025E-36 ) ) ;
#3329 = AXIS2_PLACEMENT_3D ( 'NONE', #880, #2, #1435 ) ;
#3330 = EDGE_CURVE ( 'NONE', #96, #508, #2015, .T. ) ;
#3331 = ORIENTED_EDGE ( 'NONE', *, *, #2607, .T. ) ;
#3332 = ORIENTED_EDGE ( 'NONE', *, *, #857, .T. ) ;
#3333 = AXIS2_PLACEMENT_3D ( 'NONE', #457, #2657, #982 ) ;
#3334 = ORIENTED_EDGE ( 'NONE', *, *, #1020, .T. ) ;
#3335 = CARTESIAN_POINT ( 'NONE',  ( 0.000000000000000000, 8.000000000000000000, 0.000000000000000000 ) ) ;
#3336 = EDGE_CURVE ( 'NONE', #2208, #3500, #940, .T. ) ;
#3337 = VECTOR ( 'NONE', #602, 1000.000000000000000 ) ;
#3338 = FACE_OUTER_BOUND ( 'NONE', #1570, .T. ) ;
#3339 = CARTESIAN_POINT ( 'NONE',  ( -1.293740827114457481, 33.16752862350021758, 42.97237313231046585 ) ) ;
#3340 = CARTESIAN_POINT ( 'NONE',  ( -26.51650429449560420, 8.000000000000000000, -23.51650429449550117 ) ) ;
#3341 = CIRCLE ( 'NONE', #65, 2.999999999999995559 ) ;
#3342 =( LENGTH_UNIT ( ) NAMED_UNIT ( * ) SI_UNIT ( .MILLI., .METRE. ) );
#3343 = CARTESIAN_POINT ( 'NONE',  ( -29.61638596813748237, 83.00000000000000000, 26.51662262032558104 ) ) ;
#3344 = ORIENTED_EDGE ( 'NONE', *, *, #925, .F. ) ;
#3345 = FACE_OUTER_BOUND ( 'NONE', #846, .T. ) ;
#3346 = ORIENTED_EDGE ( 'NONE', *, *, #107, .F. ) ;
#3347 = CARTESIAN_POINT ( 'NONE',  ( 4.051920507140049033, 33.48802739931017669, 43.81330834814766462 ) ) ;
#3348 = CARTESIAN_POINT ( 'NONE',  ( 35.00000000000000000, 83.00000000000000000, -2.141549481160254209E-15 ) ) ;
#3349 = DIRECTION ( 'NONE',  ( 1.000000000000000000, 0.000000000000000000, 0.000000000000000000 ) ) ;
#3350 = EDGE_LOOP ( 'NONE', ( #912, #402 ) ) ;
#3351 = FILL_AREA_STYLE ('',( #1945 ) ) ;
#3352 = ORIENTED_EDGE ( 'NONE', *, *, #1333, .F. ) ;
#3353 = ORIENTED_EDGE ( 'NONE', *, *, #37, .F. ) ;
#3354 = LINE ( 'NONE', #1961, #3337 ) ;
#3355 = EDGE_CURVE ( 'NONE', #255, #2138, #3189, .T. ) ;
#3356 = VERTEX_POINT ( 'NONE', #1943 ) ;
#3357 = AXIS2_PLACEMENT_3D ( 'NONE', #629, #1724, #2588 ) ;
#3358 = ADVANCED_FACE ( 'NONE', ( #3050 ), #2774, .F. ) ;
#3359 = DIRECTION ( 'NONE',  ( -1.000000000000000000, 0.000000000000000000, 0.000000000000000000 ) ) ;
#3360 = CARTESIAN_POINT ( 'NONE',  ( -2.785924728049453236, 33.84804268459588172, 42.86984668274143218 ) ) ;
#3361 = EDGE_CURVE ( 'NONE', #1693, #578, #1176, .T. ) ;
#3362 = CYLINDRICAL_SURFACE ( 'NONE', #277, 44.00000000000000000 ) ;
#3363 = VERTEX_POINT ( 'NONE', #887 ) ;
#3364 = ORIENTED_EDGE ( 'NONE', *, *, #1246, .F. ) ;
#3365 = CARTESIAN_POINT ( 'NONE',  ( 1.397687440259018921, 32.15423497066296932, 43.97823815180321105 ) ) ;
#3366 = SURFACE_STYLE_FILL_AREA ( #3389 ) ;
#3367 = AXIS2_PLACEMENT_3D ( 'NONE', #850, #2812, #372 ) ;
#3368 = CARTESIAN_POINT ( 'NONE',  ( 26.51638596813748094, 79.50000000000000000, -26.51662262032558459 ) ) ;
#3369 = DIRECTION ( 'NONE',  ( -6.397590658963344466E-20, -1.000000000000000000, -1.906526924835733357E-20 ) ) ;
#3370 = VERTEX_POINT ( 'NONE', #3093 ) ;
#3371 = COLOUR_RGB ( '',0.7921568627450980005, 0.8196078431372548767, 0.9333333333333333481 ) ;
#3372 = VERTEX_POINT ( 'NONE', #1713 ) ;
#3373 = ORIENTED_EDGE ( 'NONE', *, *, #3398, .T. ) ;
#3374 = B_SPLINE_CURVE_WITH_KNOTS ( 'NONE', 3,
 ( #900, #242, #41, #1383 ),
 .UNSPECIFIED., .F., .F.,
 ( 4, 4 ),
 ( 0.000000000000000000, 1.000000000000000000 ),
 .UNSPECIFIED. ) ;
#3375 = DIRECTION ( 'NONE',  ( -8.470329472542997748E-22, 3.009265538105054016E-36, 1.000000000000000000 ) ) ;
#3376 = ORIENTED_EDGE ( 'NONE', *, *, #2995, .T. ) ;
#3377 = ORIENTED_EDGE ( 'NONE', *, *, #2102, .T. ) ;
#3378 = CARTESIAN_POINT ( 'NONE',  ( 2.848893895178705726, 33.89019165049209192, 42.86396402362222346 ) ) ;
#3379 = DIRECTION ( 'NONE',  ( -6.397590658963344466E-20, -1.000000000000000000, -1.906526924835733357E-20 ) ) ;
#3380 = CARTESIAN_POINT ( 'NONE',  ( -35.00000000000000000, 58.00000000000000000, 6.430501481140009318E-15 ) ) ;
#3381 = EDGE_CURVE ( 'NONE', #730, #966, #1565, .T. ) ;
#3382 = DIRECTION ( 'NONE',  ( -0.6559211382235270449, 5.635417568813030679E-20, -0.7548294247255817879 ) ) ;
#3383 = CARTESIAN_POINT ( 'NONE',  ( -26.51638596813748450, 79.50000000000000000, 29.61662262032558246 ) ) ;
#3384 = MANIFOLD_SOLID_BREP ( 'Фаска2', #1029 ) ;
#3385 = DIRECTION ( 'NONE',  ( 0.000000000000000000, 0.7071067811865456854, 0.7071067811865493491 ) ) ;
#3386 = VERTEX_POINT ( 'NONE', #2467 ) ;
#3387 = ADVANCED_FACE ( 'NONE', ( #1596 ), #1297, .F. ) ;
#3388 = CARTESIAN_POINT ( 'NONE',  ( 32.90615214731305116, 82.91298616867290150, 27.81679481294404965 ) ) ;
#3389 = FILL_AREA_STYLE ('',( #308 ) ) ;
#3390 = CARTESIAN_POINT ( 'NONE',  ( -4.339530973465971719, 35.51486945131005513, 42.68357947462260427 ) ) ;
#3391 = ORIENTED_EDGE ( 'NONE', *, *, #2465, .T. ) ;
#3392 = DIRECTION ( 'NONE',  ( -8.470329472542997748E-22, 3.009265538105054016E-36, 1.000000000000000000 ) ) ;
#3393 = ORIENTED_EDGE ( 'NONE', *, *, #1494, .F. ) ;
#3394 = CARTESIAN_POINT ( 'NONE',  ( 2.067951531382570128E-22, 4.000000000000000000, 0.000000000000000000 ) ) ;
#3395 = EDGE_LOOP ( 'NONE', ( #2081, #1856, #1101, #1159, #1019, #2260, #2719, #2881, #2394, #3534, #3314, #1705, #3059, #1366, #1922, #573, #1486, #3485 ) ) ;
#3396 = AXIS2_PLACEMENT_3D ( 'NONE', #2478, #178, #2229 ) ;
#3397 = VECTOR ( 'NONE', #1103, 1000.000000000000000 ) ;
#3398 = EDGE_CURVE ( 'NONE', #2901, #586, #1323, .T. ) ;
#3399 = ORIENTED_EDGE ( 'NONE', *, *, #748, .F. ) ;
#3400 = CARTESIAN_POINT ( 'NONE',  ( 5.591808363246242308, 35.52080875107211710, 43.64325314376850429 ) ) ;
#3401 = FACE_OUTER_BOUND ( 'NONE', #249, .T. ) ;
#3402 = CARTESIAN_POINT ( 'NONE',  ( -4.179132450244107844, 35.25500865189067667, 42.70656078997531324 ) ) ;
#3403 = ORIENTED_EDGE ( 'NONE', *, *, #2154, .T. ) ;
#3404 = EDGE_CURVE ( 'NONE', #1970, #2205, #105, .T. ) ;
#3405 = CARTESIAN_POINT ( 'NONE',  ( 4.743281820362633461, 36.38491982098541655, 32.15225293853087152 ) ) ;
#3406 = ORIENTED_EDGE ( 'NONE', *, *, #102, .T. ) ;
#3407 = CARTESIAN_POINT ( 'NONE',  ( 26.51638596813748094, 58.00000000000000000, -26.51662262032558459 ) ) ;
#3408 = AXIS2_PLACEMENT_3D ( 'NONE', #21, #2250, #1752 ) ;
#3409 = ORIENTED_EDGE ( 'NONE', *, *, #1204, .F. ) ;
#3410 = VECTOR ( 'NONE', #1138, 1000.000000000000000 ) ;
#3411 = VERTEX_POINT ( 'NONE', #3233 ) ;
#3412 = ORIENTED_EDGE ( 'NONE', *, *, #3483, .T. ) ;
#3413 = DIRECTION ( 'NONE',  ( -1.000000000000000000, 0.000000000000000000, 0.000000000000000000 ) ) ;
#3414 = CARTESIAN_POINT ( 'NONE',  ( 3.710602582198740537E-18, 58.00000000000000000, 1.105785616404725467E-18 ) ) ;
#3415 = CIRCLE ( 'NONE', #1843, 44.00000000000002842 ) ;
#3416 = CARTESIAN_POINT ( 'NONE',  ( -4.678696115736478589, 36.23465204731675016, 42.63190399637260697 ) ) ;
#3417 = CARTESIAN_POINT ( 'NONE',  ( -39.00000000000000000, 83.00000000000000000, 6.920598516664555630E-15 ) ) ;
#3418 = EDGE_CURVE ( 'NONE', #935, #2940, #589, .T. ) ;
#3419 = DIRECTION ( 'NONE',  ( 0.000000000000000000, 1.000000000000000000, 0.000000000000000000 ) ) ;
#3420 = ORIENTED_EDGE ( 'NONE', *, *, #1604, .T. ) ;
#3421 = ADVANCED_FACE ( 'NONE', ( #2735 ), #1094, .F. ) ;
#3422 = DIRECTION ( 'NONE',  ( 1.000000000000000000, 0.000000000000000000, 0.000000000000000000 ) ) ;
#3423 = AXIS2_PLACEMENT_3D ( 'NONE', #191, #2124, #1873 ) ;
#3424 = DIRECTION ( 'NONE',  ( -0.7071067811865524577, -0.7071067811865426878, 8.658212444237927810E-17 ) ) ;
#3425 = VERTEX_POINT ( 'NONE', #3012 ) ;
#3426 = LINE ( 'NONE', #1455, #2062 ) ;
#3427 = CARTESIAN_POINT ( 'NONE',  ( 5.000000000000000000, 38.00000000000000711, 32.11308144666283226 ) ) ;
#3428 = ORIENTED_EDGE ( 'NONE', *, *, #1557, .F. ) ;
#3429 = CARTESIAN_POINT ( 'NONE',  ( 5.982481835236153955, 36.63746318157471649, 43.59141500711915995 ) ) ;
#3430 = CARTESIAN_POINT ( 'NONE',  ( -2.159326467063458654, 32.37986785836071135, 43.94738146450193028 ) ) ;
#3431 = CYLINDRICAL_SURFACE ( 'NONE', #2187, 3.999999999999996447 ) ;
#3432 = ORIENTED_EDGE ( 'NONE', *, *, #423, .F. ) ;
#3433 = VECTOR ( 'NONE', #711, 1000.000000000000000 ) ;
#3434 = CARTESIAN_POINT ( 'NONE',  ( 2.100000000000002309, 0.000000000000000000, -28.92386557844579187 ) ) ;
#3435 = DIRECTION ( 'NONE',  ( 1.000000000000000000, 0.000000000000000000, 0.000000000000000000 ) ) ;
#3436 = ORIENTED_EDGE ( 'NONE', *, *, #3545, .T. ) ;
#3437 = ADVANCED_FACE ( 'NONE', ( #3109 ), #3362, .T. ) ;
#3438 = VERTEX_POINT ( 'NONE', #2286 ) ;
#3439 = CONTEXT_DEPENDENT_SHAPE_REPRESENTATION ( #2200, #1919 ) ;
#3440 = CARTESIAN_POINT ( 'NONE',  ( -1.013549879251057328, 33.10376654096991444, 42.98280132211900195 ) ) ;
#3441 = CARTESIAN_POINT ( 'NONE',  ( 44.00000000000000000, 8.499999999999980460, 6.291538851957919236E-19 ) ) ;
#3442 = EDGE_CURVE ( 'NONE', #221, #3457, #921, .T. ) ;
#3443 = AXIS2_PLACEMENT_3D ( 'NONE', #3215, #744, #2668 ) ;
#3444 = DIRECTION ( 'NONE',  ( -6.397590658963344466E-20, -1.000000000000000000, -1.906526924835733357E-20 ) ) ;
#3445 = AXIS2_PLACEMENT_3D ( 'NONE', #694, #1471, #2344 ) ;
#3446 = VECTOR ( 'NONE', #1614, 1000.000000000000000 ) ;
#3447 = LINE ( 'NONE', #1473, #1553 ) ;
#3448 = CARTESIAN_POINT ( 'NONE',  ( -3.870442775798094370, 34.83461208671955234, 42.74843093616406975 ) ) ;
#3449 = CARTESIAN_POINT ( 'NONE',  ( 28.10955157604874444, 82.83486375380621780, -32.75952791075214776 ) ) ;
#3450 = VERTEX_POINT ( 'NONE', #3590 ) ;
#3451 = CARTESIAN_POINT ( 'NONE',  ( 4.335249491433449620, 35.48772755404583990, 32.21007539185449531 ) ) ;
#3452 = ORIENTED_EDGE ( 'NONE', *, *, #3523, .F. ) ;
#3453 =( NAMED_UNIT ( * ) SI_UNIT ( $, .STERADIAN. ) SOLID_ANGLE_UNIT ( ) );
#3454 = VERTEX_POINT ( 'NONE', #612 ) ;
#3455 = CARTESIAN_POINT ( 'NONE',  ( -44.00000000000003553, 8.000000000000000000, 2.500000000000002665 ) ) ;
#3456 = DIRECTION ( 'NONE',  ( 1.000000000000000000, 0.000000000000000000, 0.000000000000000000 ) ) ;
#3457 = VERTEX_POINT ( 'NONE', #42 ) ;
#3458 = EDGE_CURVE ( 'NONE', #3450, #1063, #577, .T. ) ;
#3459 = CARTESIAN_POINT ( 'NONE',  ( 0.1649228287267468784, 33.00012087079871748, 42.99998015491284065 ) ) ;
#3460 = CARTESIAN_POINT ( 'NONE',  ( -26.51662262032568762, 79.50000000000000000, -26.51638596813737792 ) ) ;
#3461 = CIRCLE ( 'NONE', #2639, 44.00000000000000000 ) ;
#3462 = VERTEX_POINT ( 'NONE', #901 ) ;
#3463 = ORIENTED_EDGE ( 'NONE', *, *, #1494, .T. ) ;
#3464 = EDGE_CURVE ( 'NONE', #1801, #1569, #1133, .T. ) ;
#3465 = CARTESIAN_POINT ( 'NONE',  ( -3.648251752328550701, 34.57991863842645586, 42.77661025206025869 ) ) ;
#3466 = AXIS2_PLACEMENT_3D ( 'NONE', #2452, #3556, #3018 ) ;
#3467 = CARTESIAN_POINT ( 'NONE',  ( -4.989499021514033572, 34.49828313090799981, 43.71633014705484044 ) ) ;
#3468 = CARTESIAN_POINT ( 'NONE',  ( -5.000000000000000000, 38.00000000000000711, 50.00000000000000000 ) ) ;
#3469 = ORIENTED_EDGE ( 'NONE', *, *, #1712, .F. ) ;
#3470 = CIRCLE ( 'NONE', #827, 3.999999999999996447 ) ;
#3471 = CARTESIAN_POINT ( 'NONE',  ( 2.641423254202168724, 33.75154642865555132, 32.39276658998011271 ) ) ;
#3472 = FACE_OUTER_BOUND ( 'NONE', #2670, .T. ) ;
#3473 = EDGE_LOOP ( 'NONE', ( #637, #3432 ) ) ;
#3474 = DIRECTION ( 'NONE',  ( 1.865879172627007192E-36, 1.000000000000000000, 3.009265538105058025E-36 ) ) ;
#3475 = DIRECTION ( 'NONE',  ( -1.000000000000000000, -1.865879172627004853E-36, -8.470329472542997748E-22 ) ) ;
#3476 = ORIENTED_EDGE ( 'NONE', *, *, #2066, .T. ) ;
#3477 = CARTESIAN_POINT ( 'NONE',  ( 0.9391693453200584685, 33.08883976807369010, 42.98525304629454524 ) ) ;
#3478 = AXIS2_PLACEMENT_3D ( 'NONE', #1441, #2255, #3146 ) ;
#3479 = CARTESIAN_POINT ( 'NONE',  ( 2.891211307832095511E-16, 0.000000000000000000, 2.499999999999996891 ) ) ;
#3480 = EDGE_CURVE ( 'NONE', #1063, #3504, #1678, .T. ) ;
#3481 = CYLINDRICAL_SURFACE ( 'NONE', #1403, 44.00000000000002842 ) ;
#3482 = VERTEX_POINT ( 'NONE', #2589 ) ;
#3483 = EDGE_CURVE ( 'NONE', #1658, #104, #2604, .T. ) ;
#3484 = DIRECTION ( 'NONE',  ( 6.397590658963344466E-20, 1.000000000000000000, 1.906526924835733357E-20 ) ) ;
#3485 = ORIENTED_EDGE ( 'NONE', *, *, #1729, .T. ) ;
#3486 = DIRECTION ( 'NONE',  ( 0.000000000000000000, 3.009265538105054684E-36, 1.000000000000000000 ) ) ;
#3487 = AXIS2_PLACEMENT_3D ( 'NONE', #1109, #2927, #461 ) ;
#3488 = LINE ( 'NONE', #3292, #2128 ) ;
#3489 = CARTESIAN_POINT ( 'NONE',  ( -3.736137516732246144, 33.23482919695349125, 43.84136693227315362 ) ) ;
#3490 = CARTESIAN_POINT ( 'NONE',  ( 1.522180329433355572, 33.23663192089063045, 42.96127061759526811 ) ) ;
#3491 = CARTESIAN_POINT ( 'NONE',  ( 3.420321119346020566, 34.34925718888880652, 42.80389362430759803 ) ) ;
#3492 = LINE ( 'NONE', #2730, #3211 ) ;
#3493 = DIRECTION ( 'NONE',  ( 0.000000000000000000, 0.000000000000000000, 1.000000000000000000 ) ) ;
#3494 = DIRECTION ( 'NONE',  ( 4.336808689942018352E-17, -1.000000000000000000, 0.000000000000000000 ) ) ;
#3495 = DIRECTION ( 'NONE',  ( 0.000000000000000000, 0.000000000000000000, 1.000000000000000000 ) ) ;
#3496 = CARTESIAN_POINT ( 'NONE',  ( -26.51638596813748450, 83.00000000000000000, 19.91662262032556185 ) ) ;
#3497 = CONICAL_SURFACE ( 'NONE', #1444, 44.00000000000000000, 0.7853981633974552734 ) ;
#3498 = CARTESIAN_POINT ( 'NONE',  ( -3.174325566622444139, 34.13688334117834700, 42.83094773461487392 ) ) ;
#3499 = ADVANCED_FACE ( 'NONE', ( #999 ), #2203, .F. ) ;
#3500 = VERTEX_POINT ( 'NONE', #1794 ) ;
#3501 = CIRCLE ( 'NONE', #1935, 2.499999999999998668 ) ;
#3502 = CARTESIAN_POINT ( 'NONE',  ( 3.726944967918917881E-20, 1.324076836766225504E-34, -44.00000000000000000 ) ) ;
#3503 = ADVANCED_FACE ( 'NONE', ( #1741 ), #1275, .F. ) ;
#3504 = VERTEX_POINT ( 'NONE', #2304 ) ;
#3505 = CARTESIAN_POINT ( 'NONE',  ( 3.496434829703421787, 34.42536846453683097, 42.79483781226554839 ) ) ;
#3506 = CARTESIAN_POINT ( 'NONE',  ( 3.593042100985575527, 34.52197235023422195, 42.78334374804845197 ) ) ;
#3507 = FACE_OUTER_BOUND ( 'NONE', #3115, .T. ) ;
#3508 = CIRCLE ( 'NONE', #3225, 3.099999999999998757 ) ;
#3509 = CARTESIAN_POINT ( 'NONE',  ( 6.139534789078585852, 57.49999999999999289, 43.56955488151896816 ) ) ;
#3510 = LINE ( 'NONE', #1914, #2169 ) ;
#3511 = CARTESIAN_POINT ( 'NONE',  ( 3.673940397442058882E-16, 83.00000000000000000, -28.00000000000000000 ) ) ;
#3512 = CARTESIAN_POINT ( 'NONE',  ( -2.884902536794827554, 33.91589448490037029, 42.86044372435415539 ) ) ;
#3513 = EDGE_LOOP ( 'NONE', ( #2780, #7, #1885, #1939, #2486 ) ) ;
#3514 = CARTESIAN_POINT ( 'NONE',  ( -0.4976603969395378968, 32.01892558100283281, 43.99730091611012028 ) ) ;
#3515 = CONICAL_SURFACE ( 'NONE', #2305, 2.999999999999999112, 0.7853981633974430610 ) ;
#3516 = FACE_OUTER_BOUND ( 'NONE', #834, .T. ) ;
#3517 = VERTEX_POINT ( 'NONE', #1253 ) ;
#3518 = LINE ( 'NONE', #1536, #960 ) ;
#3519 = EDGE_CURVE ( 'NONE', #867, #2969, #1511, .T. ) ;
#3520 = ORIENTED_EDGE ( 'NONE', *, *, #1995, .T. ) ;
#3521 = CARTESIAN_POINT ( 'NONE',  ( 3.812621424122596192, 34.76415869744504050, 42.75595881029240530 ) ) ;
#3522 = FACE_OUTER_BOUND ( 'NONE', #57, .T. ) ;
#3523 = EDGE_CURVE ( 'NONE', #1301, #2873, #2600, .T. ) ;
#3524 = CONICAL_SURFACE ( 'NONE', #2321, 44.00000000000000000, 0.7853981633974482790 ) ;
#3525 = ORIENTED_EDGE ( 'NONE', *, *, #1162, .F. ) ;
#3526 = CIRCLE ( 'NONE', #1415, 3.999999999999996447 ) ;
#3527 = CARTESIAN_POINT ( 'NONE',  ( -44.00000000000002842, 4.000000000000000000, -5.293955920339377119E-20 ) ) ;
#3528 = CARTESIAN_POINT ( 'NONE',  ( 5.310000246939576882E-18, 83.00000000000000000, 1.582417347613658819E-18 ) ) ;
#3529 = UNCERTAINTY_MEASURE_WITH_UNIT (LENGTH_MEASURE( 1.000000000000000082E-05 ), #3342, 'distance_accuracy_value', 'NONE');
#3530 = DIRECTION ( 'NONE',  ( -6.397590658963344466E-20, -1.000000000000000000, -1.906526924835733357E-20 ) ) ;
#3531 = CARTESIAN_POINT ( 'NONE',  ( 2.100000000000002309, 0.000000000000000000, -33.00000000000004263 ) ) ;
#3532 = EDGE_LOOP ( 'NONE', ( #2615, #2310, #2068, #2180 ) ) ;
#3533 = CARTESIAN_POINT ( 'NONE',  ( -0.09567080014499936003, 31.99992929191570923, 44.00001012660936794 ) ) ;
#3534 = ORIENTED_EDGE ( 'NONE', *, *, #387, .T. ) ;
#3535 = LINE ( 'NONE', #780, #2189 ) ;
#3536 = CARTESIAN_POINT ( 'NONE',  ( -2.714718809731469396, 32.61750132806173497, 43.91626951695319292 ) ) ;
#3537 = PRODUCT_DEFINITION_SHAPE ( 'NONE', 'NONE',  #3054 ) ;
#3538 = EDGE_CURVE ( 'NONE', #3500, #1555, #1018, .T. ) ;
#3539 = AXIS2_PLACEMENT_3D ( 'NONE', #2742, #800, #1369 ) ;
#3540 = DIRECTION ( 'NONE',  ( -6.397590658963344466E-20, -1.000000000000000000, -1.906526924835733357E-20 ) ) ;
#3541 = FILL_AREA_STYLE ('',( #2150 ) ) ;
#3542 =( GEOMETRIC_REPRESENTATION_CONTEXT ( 3 ) GLOBAL_UNCERTAINTY_ASSIGNED_CONTEXT ( ( #3279 ) ) GLOBAL_UNIT_ASSIGNED_CONTEXT ( ( #2202, #10, #66 ) ) REPRESENTATION_CONTEXT ( 'NONE', 'WORKASPACE' ) );
#3543 = CARTESIAN_POINT ( 'NONE',  ( -26.51638596813748450, 83.00000000000000000, 26.51662262032558104 ) ) ;
#3544 = DIRECTION ( 'NONE',  ( -6.397590658963344466E-20, -1.000000000000000000, -1.906526924835733357E-20 ) ) ;
#3545 = EDGE_CURVE ( 'NONE', #209, #3139, #2117, .T. ) ;
#3546 = DIRECTION ( 'NONE',  ( 0.000000000000000000, 0.000000000000000000, 1.000000000000000000 ) ) ;
#3547 = DIRECTION ( 'NONE',  ( 0.000000000000000000, 0.000000000000000000, 1.000000000000000000 ) ) ;
#3548 = CARTESIAN_POINT ( 'NONE',  ( -29.00000000000003197, 0.000000000000000000, 2.500000000000000888 ) ) ;
#3549 = ORIENTED_EDGE ( 'NONE', *, *, #1824, .F. ) ;
#3550 = CARTESIAN_POINT ( 'NONE',  ( 4.684100550418134112, 36.24257296968130504, 42.63111016268344855 ) ) ;
#3551 = DIRECTION ( 'NONE',  ( 0.000000000000000000, 1.000000000000000000, 0.000000000000000000 ) ) ;
#3552 = CARTESIAN_POINT ( 'NONE',  ( 3.678614628903921437E-18, 57.49999999999997868, 1.096252981780546265E-18 ) ) ;
#3553 = CARTESIAN_POINT ( 'NONE',  ( 5.118072527170675573E-19, 8.000000000000000000, 1.525221539868586686E-19 ) ) ;
#3554 = VERTEX_POINT ( 'NONE', #1629 ) ;
#3555 = CARTESIAN_POINT ( 'NONE',  ( 23.41662262032568620, 79.50000000000000000, 26.51638596813738147 ) ) ;
#3556 = DIRECTION ( 'NONE',  ( -1.000000000000000000, -1.865879172627004853E-36, -8.470329472542997748E-22 ) ) ;
#3557 = VECTOR ( 'NONE', #1860, 1000.000000000000000 ) ;
#3558 = FACE_OUTER_BOUND ( 'NONE', #1142, .T. ) ;
#3559 = EDGE_CURVE ( 'NONE', #2236, #2974, #2164, .T. ) ;
#3560 = FACE_OUTER_BOUND ( 'NONE', #2526, .T. ) ;
#3561 = CARTESIAN_POINT ( 'NONE',  ( 0.3297218444466680221, 33.00821781714715542, 42.99862094611395236 ) ) ;
#3562 = CARTESIAN_POINT ( 'NONE',  ( 2.067951531382570128E-22, 4.000000000000000000, 0.000000000000000000 ) ) ;
#3563 = LINE ( 'NONE', #3005, #2975 ) ;
#3564 = DIRECTION ( 'NONE',  ( 8.470329472542997748E-22, -3.009265538105054016E-36, -1.000000000000000000 ) ) ;
#3565 = EDGE_CURVE ( 'NONE', #3043, #1619, #2982, .T. ) ;
#3566 = AXIS2_PLACEMENT_3D ( 'NONE', #3583, #1128, #1698 ) ;
#3567 = CARTESIAN_POINT ( 'NONE',  ( -2.031453363462745187, 33.43100518786175712, 42.93087260469909694 ) ) ;
#3568 = ORIENTED_EDGE ( 'NONE', *, *, #2123, .F. ) ;
#3569 = VECTOR ( 'NONE', #1680, 1000.000000000000000 ) ;
#3570 = CARTESIAN_POINT ( 'NONE',  ( 1.884109889035006313, 32.28866960427689747, 43.95974732055823608 ) ) ;
#3571 = CARTESIAN_POINT ( 'NONE',  ( 6.129441897746346513, 37.60445457692932081, 43.57098044939951365 ) ) ;
#3572 = DIRECTION ( 'NONE',  ( 0.000000000000000000, 1.000000000000000000, 0.000000000000000000 ) ) ;
#3573 = CARTESIAN_POINT ( 'NONE',  ( 29.00000000000002842, 4.000000000000000000, -2.646977960169688560E-20 ) ) ;
#3574 = FACE_OUTER_BOUND ( 'NONE', #1879, .T. ) ;
#3575 = DIRECTION ( 'NONE',  ( -1.865879172627007192E-36, -1.000000000000000000, -3.009265538105058025E-36 ) ) ;
#3576 = ORIENTED_EDGE ( 'NONE', *, *, #387, .F. ) ;
#3577 = FACE_OUTER_BOUND ( 'NONE', #596, .T. ) ;
#3578 = AXIS2_PLACEMENT_3D ( 'NONE', #3187, #1215, #1282 ) ;
#3579 = CIRCLE ( 'NONE', #2925, 29.00000000000002132 ) ;
#3580 = ORIENTED_EDGE ( 'NONE', *, *, #695, .T. ) ;
#3581 = CARTESIAN_POINT ( 'NONE',  ( -4.999999999999999112, 58.00000000000000000, 50.00000000000000000 ) ) ;
#3582 = AXIS2_PLACEMENT_3D ( 'NONE', #3589, #2214, #1936 ) ;
#3583 = CARTESIAN_POINT ( 'NONE',  ( -26.51650429449560420, 8.000000000000000000, -26.51650429449550828 ) ) ;
#3584 = CARTESIAN_POINT ( 'NONE',  ( 26.51638596813748094, 83.00000000000000000, -26.51662262032558459 ) ) ;
#3585 = AXIS2_PLACEMENT_3D ( 'NONE', #2561, #1374, #2038 ) ;
#3586 = CIRCLE ( 'NONE', #3247, 43.00000000000002132 ) ;
#3587 = DIRECTION ( 'NONE',  ( -1.000000000000000000, -1.865879172627004853E-36, -8.470329472542997748E-22 ) ) ;
#3588 = CARTESIAN_POINT ( 'NONE',  ( 3.678614628903921437E-18, 57.49999999999997868, 1.096252981780546265E-18 ) ) ;
#3589 = CARTESIAN_POINT ( 'NONE',  ( -26.51662262032568762, 8.000000000000000000, -26.51638596813737792 ) ) ;
#3590 = CARTESIAN_POINT ( 'NONE',  ( 26.51638596813748094, 79.50000000000000000, -23.41662262032558672 ) ) ;
#3591 = ADVANCED_FACE ( 'NONE', ( #1358 ), #2176, .F. ) ;
#3592 = EDGE_LOOP ( 'NONE', ( #799, #1683, #291, #283, #3576, #3520, #69 ) ) ;
#3593 = CARTESIAN_POINT ( 'NONE',  ( -4.992061830902440711, 37.67368401137366618, 42.58069768135211319 ) ) ;
#3594 = CARTESIAN_POINT ( 'NONE',  ( 29.61662262032568194, 83.00000000000000000, 26.51638596813738147 ) ) ;
#3595 = ORIENTED_EDGE ( 'NONE', *, *, #902, .F. ) ;
#3596 = ADVANCED_FACE ( 'NONE', ( #2662 ), #2499, .T. ) ;
#3597 = ORIENTED_EDGE ( 'NONE', *, *, #1479, .F. ) ;
#3598 = CARTESIAN_POINT ( 'NONE',  ( 4.137426612564754080, 35.19254796419465947, 42.71240721336700119 ) ) ;
#3599 = EDGE_LOOP ( 'NONE', ( #48, #2945, #1835 ) ) ;
#3600 = AXIS2_PLACEMENT_3D ( 'NONE', #312, #639, #2295 ) ;
#3601 = NEXT_ASSEMBLY_USAGE_OCCURRENCE ( 'NAUO1', ' ', ' ', #1064, #2036, $ ) ;
#3602 = NEXT_ASSEMBLY_USAGE_OCCURRENCE ( 'NAUO2', ' ', ' ', #1064, #2036, $ ) ;
#3603 = NEXT_ASSEMBLY_USAGE_OCCURRENCE ( 'NAUO3', ' ', ' ', #1064, #3054, $ ) ;
#3604 = NEXT_ASSEMBLY_USAGE_OCCURRENCE ( 'NAUO4', ' ', ' ', #1064, #1795, $ ) ;
ENDSEC;
END-ISO-10303-21;
