ISO-10303-21;
HEADER;
FILE_DESCRIPTION (( 'STEP AP214' ),
    '1' );
FILE_NAME ('Zima2-B.STEP',
    '2026-08-18T10:56:08',
    ( '' ),
    ( '' ),
    'SwSTEP 2.0',
    'SolidWorks 2021',
    '' );
FILE_SCHEMA (( 'AUTOMOTIVE_DESIGN' ));
ENDSEC;

DATA;
#1 = CARTESIAN_POINT ( 'NONE',  ( -17.49992637088253389, -5.000000000000232703, -16.50007918004151719 ) ) ;
#2 = CIRCLE ( 'NONE', #2855, 5.000000000000002665 ) ;
#3 = CARTESIAN_POINT ( 'NONE',  ( 8.776339915097043587, -0.4624810329966509981, -19.95096421461914105 ) ) ;
#4 = CARTESIAN_POINT ( 'NONE',  ( -6.707958040084021079, -2.470944406638738489, 26.84746963931525698 ) ) ;
#5 =( NAMED_UNIT ( * ) PLANE_ANGLE_UNIT ( ) SI_UNIT ( $, .RADIAN. ) );
#6 = CARTESIAN_POINT ( 'NONE',  ( 18.42592358877045200, 1.561251128379126385E-14, 11.46274098155321219 ) ) ;
#7 = DIRECTION ( 'NONE',  ( -6.938893903915479074E-15, 1.000000000000000000, -0.000000000000000000 ) ) ;
#8 = CIRCLE ( 'NONE', #2863, 16.49999999987816324 ) ;
#9 = PRESENTATION_LAYER_ASSIGNMENT (  '', '', ( #1605 ) ) ;
#10 = DIRECTION ( 'NONE',  ( 1.000000000000000000, 6.938893904095090869E-15, 0.000000000000000000 ) ) ;
#11 = EDGE_CURVE ( 'NONE', #1166, #1615, #1816, .T. ) ;
#12 = FACE_OUTER_BOUND ( 'NONE', #161, .T. ) ;
#13 = CIRCLE ( 'NONE', #2122, 5.000000000000001776 ) ;
#14 = LINE ( 'NONE', #1629, #3254 ) ;
#15 = ORIENTED_EDGE ( 'NONE', *, *, #3749, .T. ) ;
#16 = EDGE_LOOP ( 'NONE', ( #3627, #1086, #514, #3471, #1467 ) ) ;
#17 = AXIS2_PLACEMENT_3D ( 'NONE', #2772, #1053, #3465 ) ;
#18 = EDGE_CURVE ( 'NONE', #3659, #1431, #550, .T. ) ;
#19 = STYLED_ITEM ( 'NONE', ( #3614 ), #1222 ) ;
#20 = CARTESIAN_POINT ( 'NONE',  ( 14.50768982390435191, -1.035498198352909284E-14, -20.35993457683718688 ) ) ;
#21 = CARTESIAN_POINT ( 'NONE',  ( -1.399291384356438295, 0.3947744217679898249, -27.28390617394391171 ) ) ;
#22 = CARTESIAN_POINT ( 'NONE',  ( 24.38422945645568518, -0.4453589472424540618, -9.248147412885145968 ) ) ;
#23 = DIRECTION ( 'NONE',  ( -1.000000000000000000, -6.938893903907226011E-15, 0.000000000000000000 ) ) ;
#24 = DIRECTION ( 'NONE',  ( -0.9999999999900436309, 0.000000000000000000, -4.462356453843343425E-06 ) ) ;
#25 = CARTESIAN_POINT ( 'NONE',  ( 0.000000000000000000, 0.000000000000000000, 0.000000000000000000 ) ) ;
#26 = CARTESIAN_POINT ( 'NONE',  ( 11.50002008049460223, -26.99999999999991829, -4.499949771823831490 ) ) ;
#27 = DIRECTION ( 'NONE',  ( 0.9999999999900437420, 6.938893903838141517E-15, 4.462356453793778445E-06 ) ) ;
#28 = CARTESIAN_POINT ( 'NONE',  ( -27.15205214524723232, 0.2244603102626647750, -6.286592372653982963 ) ) ;
#29 = DIRECTION ( 'NONE',  ( -6.938893903915479074E-15, 1.000000000000000000, -0.000000000000000000 ) ) ;
#30 = DIRECTION ( 'NONE',  ( 0.9999999999900437420, 6.938893903846393791E-15, 4.462356454316048796E-06 ) ) ;
#31 = B_SPLINE_CURVE_WITH_KNOTS ( 'NONE', 3,
 ( #622, #292, #2719, #2462, #1866, #3904, #1205, #2421, #1547, #1830, #1846, #3041, #346, #1172, #2388, #3577, #2087, #3288, #566, #3726, #1920, #381, #1623, #2826 ),
 .UNSPECIFIED., .F., .F.,
 ( 4, 2, 2, 2, 2, 2, 2, 2, 2, 2, 2, 4 ),
 ( 0.000000000000000000, 0.002198814358095455088, 0.003298221537143182849, 0.004397628716190910177, 0.006596443074286374372, 0.007695850253334103434, 0.008795257432381830762, 0.01099407179047727501, 0.01319288614857272099, 0.01429229332762044398, 0.01539170050666816524, 0.01759051486476360601 ),
 .UNSPECIFIED. ) ;
#32 = CARTESIAN_POINT ( 'NONE',  ( -0.6661183773303108735, 49.33113459616934904, 30.37751169418236330 ) ) ;
#33 = EDGE_CURVE ( 'NONE', #3838, #1125, #3490, .T. ) ;
#34 = ORIENTED_EDGE ( 'NONE', *, *, #3021, .F. ) ;
#35 = ORIENTED_EDGE ( 'NONE', *, *, #3766, .F. ) ;
#36 = ORIENTED_EDGE ( 'NONE', *, *, #3645, .F. ) ;
#37 = ADVANCED_FACE ( 'NONE', ( #573 ), #3420, .F. ) ;
#38 = DIRECTION ( 'NONE',  ( -6.938893903915479074E-15, 1.000000000000000000, -0.000000000000000000 ) ) ;
#39 = CARTESIAN_POINT ( 'NONE',  ( 2.760482228258171133, 0.3824684229437030902, -27.17998532783229848 ) ) ;
#40 = CARTESIAN_POINT ( 'NONE',  ( 21.57797017458110389, 0.1364408276913988138, -15.19517003396270560 ) ) ;
#41 = CARTESIAN_POINT ( 'NONE',  ( -0.3816498784869984950, 0.9527762889560291715, 29.00044709311293545 ) ) ;
#42 = CARTESIAN_POINT ( 'NONE',  ( 0.6564060031515996929, 40.68348979298525592, 30.38722406836107481 ) ) ;
#43 = CARTESIAN_POINT ( 'NONE',  ( 4.937204205750489905, -1.778770791505904114, 27.91009111413620403 ) ) ;
#44 = CARTESIAN_POINT ( 'NONE',  ( -11.40154416434362084, -21.39240848010147289, -14.00858093039353669 ) ) ;
#45 = SURFACE_STYLE_USAGE ( .BOTH. , #310 ) ;
#46 = CARTESIAN_POINT ( 'NONE',  ( 18.42592358877048753, -4.999999999999985789, 11.46274098155321219 ) ) ;
#47 = CARTESIAN_POINT ( 'NONE',  ( -28.99999999964207120, -22.00000000000019895, -7.918032764175908511E-05 ) ) ;
#48 = LINE ( 'NONE', #1647, #340 ) ;
#49 = CARTESIAN_POINT ( 'NONE',  ( -25.96061969785136370, 0.8870479484030064921, -11.60441045693769802 ) ) ;
#50 = DIRECTION ( 'NONE',  ( -6.938893903915479074E-15, 1.000000000000000000, -0.000000000000000000 ) ) ;
#51 = CARTESIAN_POINT ( 'NONE',  ( 28.99999999999354472, 49.00000000001419664, 3.551475717526576189E-15 ) ) ;
#52 = ORIENTED_EDGE ( 'NONE', *, *, #651, .F. ) ;
#53 = VERTEX_POINT ( 'NONE', #1480 ) ;
#54 = ORIENTED_EDGE ( 'NONE', *, *, #2037, .T. ) ;
#55 = DIRECTION ( 'NONE',  ( 0.9701714207817749847, 0.000000000000000000, -0.2424199131636516069 ) ) ;
#56 = CIRCLE ( 'NONE', #3298, 7.000000000000000888 ) ;
#57 = CARTESIAN_POINT ( 'NONE',  ( 1.145339951962853320, 60.10041207929891982, 15.47355481769579022 ) ) ;
#58 = ADVANCED_FACE ( 'NONE', ( #2373 ), #2622, .F. ) ;
#59 = CARTESIAN_POINT ( 'NONE',  ( 29.87267188455749789, 2.199246539564051250, -3.677593621012174907 ) ) ;
#60 = CARTESIAN_POINT ( 'NONE',  ( -1.797149386205770139, -1.049781931248458200, 28.86446672619308984 ) ) ;
#61 = DIRECTION ( 'NONE',  ( -1.000000000000000000, -7.240584943207539705E-15, 0.000000000000000000 ) ) ;
#62 = AXIS2_PLACEMENT_3D ( 'NONE', #3656, #2210, #1612 ) ;
#63 = CARTESIAN_POINT ( 'NONE',  ( 2.933733169686064013, -1.242294579934464460, 28.62525426581484567 ) ) ;
#64 = DIRECTION ( 'NONE',  ( 1.000000000000000000, 7.709882115452469489E-15, 0.000000000000000000 ) ) ;
#65 = EDGE_CURVE ( 'NONE', #2017, #1379, #56, .T. ) ;
#66 = CARTESIAN_POINT ( 'NONE',  ( 4.858036875556881462, 2.074168447078896804, 29.58109630898966103 ) ) ;
#67 = CIRCLE ( 'NONE', #385, 9.041592679142368638 ) ;
#68 = CARTESIAN_POINT ( 'NONE',  ( -11.49997991927644314, -22.00000000000007816, -4.500052406022268414 ) ) ;
#69 = CARTESIAN_POINT ( 'NONE',  ( -28.86446769105620902, -1.049780740726094619, -1.797151265868357051 ) ) ;
#70 = FACE_OUTER_BOUND ( 'NONE', #2851, .T. ) ;
#71 = TOROIDAL_SURFACE ( 'NONE', #1355, 4.500000000000003553, 7.000000000000000000 ) ;
#72 = CARTESIAN_POINT ( 'NONE',  ( 1.748177823867233638, 49.00000000001269029, 29.29545224764545353 ) ) ;
#73 = VECTOR ( 'NONE', #1159, 1000.000000000000000 ) ;
#74 = ORIENTED_EDGE ( 'NONE', *, *, #1136, .F. ) ;
#75 = ORIENTED_EDGE ( 'NONE', *, *, #3217, .T. ) ;
#76 = ORIENTED_EDGE ( 'NONE', *, *, #1074, .F. ) ;
#77 = AXIS2_PLACEMENT_3D ( 'NONE', #559, #429, #1311 ) ;
#78 = CARTESIAN_POINT ( 'NONE',  ( -17.49994868266468728, -22.00000000000012079, -11.50007918009129781 ) ) ;
#79 = AXIS2_PLACEMENT_3D ( 'NONE', #2427, #50, #2133 ) ;
#80 = CARTESIAN_POINT ( 'NONE',  ( 16.44634096677246049, -4.999999999999993783, 18.82864490090487664 ) ) ;
#81 = CARTESIAN_POINT ( 'NONE',  ( 28.59105171010441993, 1.687907368569570021, 7.519074081737395332 ) ) ;
#82 = VECTOR ( 'NONE', #1055, 1000.000000000000000 ) ;
#83 = CARTESIAN_POINT ( 'NONE',  ( 10.00479911914606745, -4.170041138411208159, 23.21506472738636617 ) ) ;
#84 = ADVANCED_FACE ( 'NONE', ( #813 ), #1376, .F. ) ;
#85 = CARTESIAN_POINT ( 'NONE',  ( -24.21856504117825182, 0.5072000426665258521, 13.34364400051003585 ) ) ;
#86 = CARTESIAN_POINT ( 'NONE',  ( 11.49992637100888082, 7.979727989523731111E-14, 16.50005022772341690 ) ) ;
#87 = CARTESIAN_POINT ( 'NONE',  ( 19.16959146593874763, -4.999999999999979572, -11.40250887217018594 ) ) ;
#88 = CARTESIAN_POINT ( 'NONE',  ( 17.50002008049162328, -14.99999999999987743, -4.499922997685106729 ) ) ;
#89 = ADVANCED_FACE ( 'NONE', ( #2913 ), #3039, .T. ) ;
#90 = LINE ( 'NONE', #1328, #1425 ) ;
#91 = CARTESIAN_POINT ( 'NONE',  ( -27.52721246467256577, 1.329942645771584386, -9.467954966717954335 ) ) ;
#92 = CARTESIAN_POINT ( 'NONE',  ( 11.15702711845105455, -14.99999999999992717, -15.28783009042840213 ) ) ;
#93 = CARTESIAN_POINT ( 'NONE',  ( 0.6564060031515998039, 49.31651020702861388, 30.38722406836107837 ) ) ;
#94 = EDGE_LOOP ( 'NONE', ( #1809, #1358 ) ) ;
#95 = ORIENTED_EDGE ( 'NONE', *, *, #3742, .F. ) ;
#96 = VERTEX_POINT ( 'NONE', #1095 ) ;
#97 = CARTESIAN_POINT ( 'NONE',  ( -4.362000309958896686E-13, 62.45679950559254223, 0.000000000000000000 ) ) ;
#98 = CARTESIAN_POINT ( 'NONE',  ( -12.65773760170255891, 0.03064964662596837697, -22.42718761756459855 ) ) ;
#99 = CARTESIAN_POINT ( 'NONE',  ( 27.52721364316797192, 1.329942645808898760, 9.467951540506845731 ) ) ;
#100 = CARTESIAN_POINT ( 'NONE',  ( 10.86838341003581121, -0.6192057849740454367, 21.32637165153157355 ) ) ;
#101 = FACE_OUTER_BOUND ( 'NONE', #1334, .T. ) ;
#102 = SHAPE_DEFINITION_REPRESENTATION ( #1331, #3660 ) ;
#103 = DIRECTION ( 'NONE',  ( -1.000000000000000000, -6.938893903915479074E-15, 0.000000000000000000 ) ) ;
#104 = CARTESIAN_POINT ( 'NONE',  ( 26.41631895659806872, -2.730140672848475170, -7.295557446393674539 ) ) ;
#105 = DIRECTION ( 'NONE',  ( -6.938893903915479863E-15, 1.000000000000000000, -0.000000000000000000 ) ) ;
#106 = CARTESIAN_POINT ( 'NONE',  ( -11.26100903884237425, -18.94775871931853573, -14.84333018354966960 ) ) ;
#107 = CARTESIAN_POINT ( 'NONE',  ( -29.68450254618154105, 2.116005457986422478, -4.547331318736318906 ) ) ;
#108 = DIRECTION ( 'NONE',  ( 4.462356454256373631E-06, 0.000000000000000000, -0.9999999999900436309 ) ) ;
#109 = CYLINDRICAL_SURFACE ( 'NONE', #2512, 31.99999999999416644 ) ;
#110 = EDGE_CURVE ( 'NONE', #919, #370, #3507, .T. ) ;
#111 = ORIENTED_EDGE ( 'NONE', *, *, #745, .T. ) ;
#112 = ORIENTED_EDGE ( 'NONE', *, *, #2364, .F. ) ;
#113 = ORIENTED_EDGE ( 'NONE', *, *, #1531, .T. ) ;
#114 = EDGE_CURVE ( 'NONE', #302, #393, #890, .T. ) ;
#115 = ORIENTED_EDGE ( 'NONE', *, *, #3222, .T. ) ;
#116 = DIRECTION ( 'NONE',  ( 0.000000000000000000, 1.000000000000000000, 0.000000000000000000 ) ) ;
#117 = CARTESIAN_POINT ( 'NONE',  ( 0.7708225331047134921, 59.99359919071267200, 15.79060308331583684 ) ) ;
#118 = CARTESIAN_POINT ( 'NONE',  ( 29.68450311223400462, 2.116005458048413335, 4.547327623999714241 ) ) ;
#119 = CARTESIAN_POINT ( 'NONE',  ( 5.975586189621542310, 0.2922426992213373875, 27.36789511314466949 ) ) ;
#120 = CARTESIAN_POINT ( 'NONE',  ( 16.49992190860264429, 3.468905084056959677E-15, 17.50007253913521055 ) ) ;
#121 =( NAMED_UNIT ( * ) SI_UNIT ( $, .STERADIAN. ) SOLID_ANGLE_UNIT ( ) );
#122 = VECTOR ( 'NONE', #524, 1000.000000000000000 ) ;
#123 = CARTESIAN_POINT ( 'NONE',  ( -16.00775927636928841, -15.00000000000010836, -11.50007252141026903 ) ) ;
#124 = CARTESIAN_POINT ( 'NONE',  ( 23.24059262675610071, -4.161278672391357070, -9.990030281253952538 ) ) ;
#125 = CARTESIAN_POINT ( 'NONE',  ( 5.577946057109156889E-05, -5.000000000000115463, -12.50000108904640506 ) ) ;
#126 = AXIS2_PLACEMENT_3D ( 'NONE', #2369, #3873, #3832 ) ;
#127 = CARTESIAN_POINT ( 'NONE',  ( -9.615625315358732550, -4.999999998497507647, -18.89306592093933901 ) ) ;
#128 = CARTESIAN_POINT ( 'NONE',  ( -21.31744524170125388, -0.6303877508591357870, -10.88894376341190195 ) ) ;
#129 = DIRECTION ( 'NONE',  ( -6.938893903915479074E-15, 1.000000000000000000, -0.000000000000000000 ) ) ;
#130 = FACE_OUTER_BOUND ( 'NONE', #2596, .T. ) ;
#131 = CIRCLE ( 'NONE', #62, 24.99999999999416644 ) ;
#132 = ADVANCED_FACE ( 'NONE', ( #2029 ), #1437, .F. ) ;
#133 = EDGE_LOOP ( 'NONE', ( #3178, #1362, #838, #2319, #2580, #2100, #935 ) ) ;
#134 = ORIENTED_EDGE ( 'NONE', *, *, #3242, .F. ) ;
#135 = CIRCLE ( 'NONE', #3554, 5.000000000000000888 ) ;
#136 = VERTEX_POINT ( 'NONE', #799 ) ;
#137 = CARTESIAN_POINT ( 'NONE',  ( -21.99999999964207476, -22.00000000000015277, -7.918032764077937292E-05 ) ) ;
#138 = EDGE_LOOP ( 'NONE', ( #2344, #1782, #3493, #2396 ) ) ;
#139 = EDGE_CURVE ( 'NONE', #2195, #1181, #2922, .T. ) ;
#140 = VECTOR ( 'NONE', #657, 1000.000000000000114 ) ;
#141 = CARTESIAN_POINT ( 'NONE',  ( -11.30584101493799665, 0.08342683676657428049, -23.50443563406869174 ) ) ;
#142 = CARTESIAN_POINT ( 'NONE',  ( 26.00876138127679127, -0.1092744009302788755, 7.772987840775372526 ) ) ;
#143 = CIRCLE ( 'NONE', #3748, 4.999999999999999112 ) ;
#144 = CARTESIAN_POINT ( 'NONE',  ( -10.89022211672623719, -4.707689003187787158, 21.26425399660262983 ) ) ;
#145 = CARTESIAN_POINT ( 'NONE',  ( -24.99999999999421618, 6.999999999999714895, 0.000000000000000000 ) ) ;
#146 = ORIENTED_EDGE ( 'NONE', *, *, #1332, .T. ) ;
#147 = ITEM_DEFINED_TRANSFORMATION ( 'NONE', 'NONE', #3262,  #1748 ) ;
#148 = CIRCLE ( 'NONE', #851, 3.000000000000002665 ) ;
#149 = DIRECTION ( 'NONE',  ( 0.7071067811865456854, 0.000000000000000000, -0.7071067811865493491 ) ) ;
#150 = CARTESIAN_POINT ( 'NONE',  ( 28.05713671759588479, -1.670977639516368907, 4.574384459134638981 ) ) ;
#151 = AXIS2_PLACEMENT_3D ( 'NONE', #1930, #797, #3715 ) ;
#152 = DIRECTION ( 'NONE',  ( -6.938893903915479074E-15, 1.000000000000000000, -0.000000000000000000 ) ) ;
#153 = CARTESIAN_POINT ( 'NONE',  ( -11.39296822689439637, -21.21601161122979562, -14.10400555794737976 ) ) ;
#154 = CARTESIAN_POINT ( 'NONE',  ( -20.83024530660323137, 0.07221658872327653411, -15.59907072838609210 ) ) ;
#155 = CARTESIAN_POINT ( 'NONE',  ( -2.818925648461510440E-15, -1.110223024625156540E-13, 0.000000000000000000 ) ) ;
#156 = PRODUCT_DEFINITION_SHAPE ( 'NONE', 'NONE',  #2525 ) ;
#157 = CARTESIAN_POINT ( 'NONE',  ( 17.49994868278836080, -14.99999999999987743, 11.50007700191192228 ) ) ;
#158 = ORIENTED_EDGE ( 'NONE', *, *, #65, .F. ) ;
#159 = VERTEX_POINT ( 'NONE', #2787 ) ;
#160 = EDGE_CURVE ( 'NONE', #96, #3657, #1288, .T. ) ;
#161 = EDGE_LOOP ( 'NONE', ( #585, #1272, #3133 ) ) ;
#162 = CARTESIAN_POINT ( 'NONE',  ( 16.09168925742750389, -16.69764327350279132, -11.29533690819225811 ) ) ;
#163 = CYLINDRICAL_SURFACE ( 'NONE', #771, 5.000000000000000888 ) ;
#164 = CARTESIAN_POINT ( 'NONE',  ( 28.86446791485517238, -1.049780740604979945, 1.797147673191612061 ) ) ;
#165 = ADVANCED_FACE ( 'NONE', ( #2183 ), #3641, .F. ) ;
#166 = CARTESIAN_POINT ( 'NONE',  ( -11.38600906693393178, -4.983081978236717724, 19.15641393186064789 ) ) ;
#167 = DIRECTION ( 'NONE',  ( -6.938893903915479074E-15, 1.000000000000000000, -0.000000000000000000 ) ) ;
#168 = ORIENTED_EDGE ( 'NONE', *, *, #1651, .T. ) ;
#169 = SHAPE_REPRESENTATION_RELATIONSHIP ( 'NONE' , 'NONE' ,  #280, #3620 ) ;
#170 = CARTESIAN_POINT ( 'NONE',  ( -1.499999999986399768, 60.44193893134606554, 14.49999685643533276 ) ) ;
#171 = CARTESIAN_POINT ( 'NONE',  ( 25.46736051602940876, -3.226403069375356925, -8.300062694158226506 ) ) ;
#172 = ADVANCED_FACE ( 'NONE', ( #1028 ), #1348, .F. ) ;
#173 = DIRECTION ( 'NONE',  ( -1.000000000000000000, -6.938893903908690137E-15, 0.000000000000000000 ) ) ;
#174 = CARTESIAN_POINT ( 'NONE',  ( 3.432180458484751728, -0.7733559911417354771, -23.48019012623776192 ) ) ;
#175 = CARTESIAN_POINT ( 'NONE',  ( -19.52423123469426258, -0.3640192185867548447, -11.32934567898366396 ) ) ;
#176 = CARTESIAN_POINT ( 'NONE',  ( -7.809123268900405965E-05, -57.00000000000000000, 17.49999891025371568 ) ) ;
#177 = CARTESIAN_POINT ( 'NONE',  ( 6.945824410335958987, -4.732693386918436218, -21.66912906049972420 ) ) ;
#178 = ORIENTED_EDGE ( 'NONE', *, *, #3552, .T. ) ;
#179 = EDGE_LOOP ( 'NONE', ( #494, #1617, #1727, #2083 ) ) ;
#180 = CARTESIAN_POINT ( 'NONE',  ( -28.44467569894170822, -1.385915214668848927, -3.601743191870226291 ) ) ;
#181 = CARTESIAN_POINT ( 'NONE',  ( 19.81605376190756473, -0.4291061755539436473, 11.27629810879992789 ) ) ;
#182 = CARTESIAN_POINT ( 'NONE',  ( -3.130405205786829903, 0.7713874907172062478, 28.59727683175539426 ) ) ;
#183 = CARTESIAN_POINT ( 'NONE',  ( 17.50007362876900174, -4.999999999999989342, -16.49992299756562630 ) ) ;
#184 = EDGE_CURVE ( 'NONE', #3302, #3857, #2791, .T. ) ;
#185 = EDGE_LOOP ( 'NONE', ( #2212, #284, #3090, #953, #2985, #3281 ) ) ;
#186 = CARTESIAN_POINT ( 'NONE',  ( -11.35853324821346710, -20.66248706074837926, -14.30409358021134381 ) ) ;
#187 = CARTESIAN_POINT ( 'NONE',  ( -4.500078091232743382, -50.00000000000003553, 17.49999891025371568 ) ) ;
#188 = DIRECTION ( 'NONE',  ( -6.938893903915479074E-15, 1.000000000000000000, 0.000000000000000000 ) ) ;
#189 = DIRECTION ( 'NONE',  ( 0.000000000000000000, 1.000000000000000000, 0.000000000000000000 ) ) ;
#190 = CARTESIAN_POINT ( 'NONE',  ( 6.094920636067715947, -4.644540257869836708, -22.25543276344328092 ) ) ;
#191 = CARTESIAN_POINT ( 'NONE',  ( -25.05308357114829931, 0.6816562005648020284, -12.54836109507811770 ) ) ;
#192 = ADVANCED_FACE ( 'NONE', ( #2244 ), #1372, .T. ) ;
#193 = DIRECTION ( 'NONE',  ( 1.000000000000000000, 6.938893903980740748E-15, 0.000000000000000000 ) ) ;
#194 = CARTESIAN_POINT ( 'NONE',  ( -4.744468706796567403E-13, 68.00000000002098943, 0.000000000000000000 ) ) ;
#195 = AXIS2_PLACEMENT_3D ( 'NONE', #658, #1810, #3303 ) ;
#196 = CIRCLE ( 'NONE', #633, 5.000000000000000888 ) ;
#197 = VERTEX_POINT ( 'NONE', #3729 ) ;
#198 = AXIS2_PLACEMENT_3D ( 'NONE', #1176, #1194, #3560 ) ;
#199 = ORIENTED_EDGE ( 'NONE', *, *, #2339, .F. ) ;
#200 = CARTESIAN_POINT ( 'NONE',  ( 11.77885221125892201, -19.52245827587659122, -9.853685265193519172 ) ) ;
#201 = VECTOR ( 'NONE', #2144, 1000.000000000000114 ) ;
#202 = FACE_OUTER_BOUND ( 'NONE', #2063, .T. ) ;
#203 = CARTESIAN_POINT ( 'NONE',  ( -11.25810281020250336, -4.921051475652764573, 19.87487034557451793 ) ) ;
#204 = CIRCLE ( 'NONE', #3113, 5.000000000000000888 ) ;
#205 = CARTESIAN_POINT ( 'NONE',  ( -21.99999999964212094, -15.00000000000015277, -7.918032764120799870E-05 ) ) ;
#206 = ORIENTED_EDGE ( 'NONE', *, *, #18, .T. ) ;
#207 = DIRECTION ( 'NONE',  ( 0.000000000000000000, -0.000000000000000000, 1.000000000000000000 ) ) ;
#208 = CARTESIAN_POINT ( 'NONE',  ( -16.50007362871225780, -15.00000000000011369, 16.49992528174270845 ) ) ;
#209 = VECTOR ( 'NONE', #1003, 1000.000000000000227 ) ;
#210 = EDGE_CURVE ( 'NONE', #2763, #1653, #1964, .T. ) ;
#211 = DIRECTION ( 'NONE',  ( 0.000000000000000000, 0.000000000000000000, 1.000000000000000000 ) ) ;
#212 = CARTESIAN_POINT ( 'NONE',  ( 3.539408309465773783, -4.430067651284843144, -23.44485553311470483 ) ) ;
#213 = AXIS2_PLACEMENT_3D ( 'NONE', #1607, #2481, #2247 ) ;
#214 = DIRECTION ( 'NONE',  ( 0.9999999999900436309, 0.000000000000000000, 4.462356454091161548E-06 ) ) ;
#215 = DIRECTION ( 'NONE',  ( -6.938893903915479074E-15, 1.000000000000000000, -0.000000000000000000 ) ) ;
#216 = CARTESIAN_POINT ( 'NONE',  ( 2.999999999999580336, 59.99999999999999289, 3.673940397442101776E-16 ) ) ;
#217 = CARTESIAN_POINT ( 'NONE',  ( -3.308891566654038385, -4.415574675609999389, -23.51666152952773459 ) ) ;
#218 = AXIS2_PLACEMENT_3D ( 'NONE', #155, #2571, #1354 ) ;
#219 = ADVANCED_FACE ( 'NONE', ( #3402 ), #2676, .T. ) ;
#220 = DIRECTION ( 'NONE',  ( 1.000000000000000000, 0.000000000000000000, 1.224646799147352961E-16 ) ) ;
#221 = EDGE_LOOP ( 'NONE', ( #673, #1589, #2777, #1192 ) ) ;
#222 = CARTESIAN_POINT ( 'NONE',  ( 29.69829937873763015, 2.123915745913076414, -4.423742788260973668 ) ) ;
#223 = CARTESIAN_POINT ( 'NONE',  ( -27.58013186425268159, -2.003486912136231535, -5.546682544394426984 ) ) ;
#224 = CARTESIAN_POINT ( 'NONE',  ( -11.32934432220753962, -0.3640191994882361892, 19.52423163026788444 ) ) ;
#225 = LINE ( 'NONE', #1663, #1490 ) ;
#226 = ORIENTED_EDGE ( 'NONE', *, *, #3169, .T. ) ;
#227 = CARTESIAN_POINT ( 'NONE',  ( 17.49999999988758148, -14.99999999999987743, 7.700214825490103721E-05 ) ) ;
#228 = CARTESIAN_POINT ( 'NONE',  ( -17.49994868266468728, -22.00000000000012079, -11.50007918009129781 ) ) ;
#229 = SPHERICAL_SURFACE ( 'NONE', #1737, 5.000000000000000000 ) ;
#230 = CARTESIAN_POINT ( 'NONE',  ( 4.267886783752632418, -4.481596584250659987, -23.18183240210273155 ) ) ;
#231 = ORIENTED_EDGE ( 'NONE', *, *, #3721, .T. ) ;
#232 = CARTESIAN_POINT ( 'NONE',  ( -4.885414989225457694E-13, 69.99999999999998579, 0.000000000000000000 ) ) ;
#233 = DIRECTION ( 'NONE',  ( -6.938893903915479074E-15, 1.000000000000000000, -0.000000000000000000 ) ) ;
#234 = CARTESIAN_POINT ( 'NONE',  ( -26.77928336730993664, 1.108591654662922643, 10.55908940258894191 ) ) ;
#235 = FACE_OUTER_BOUND ( 'NONE', #2489, .T. ) ;
#236 = ADVANCED_FACE ( 'NONE', ( #1985 ), #3446, .F. ) ;
#237 = FILL_AREA_STYLE_COLOUR ( '', #3312 ) ;
#238 = EDGE_LOOP ( 'NONE', ( #111, #2252, #2077, #3491 ) ) ;
#239 = CARTESIAN_POINT ( 'NONE',  ( -4.805287176749506988E-13, 68.84523652349349732, 0.000000000000000000 ) ) ;
#240 = CARTESIAN_POINT ( 'NONE',  ( 29.16960227183919940, 1.906778969373298604, 6.126929881778705678 ) ) ;
#241 = ORIENTED_EDGE ( 'NONE', *, *, #2342, .T. ) ;
#242 = CARTESIAN_POINT ( 'NONE',  ( -11.50007362876210415, -5.000000000000184741, 16.49994759352497908 ) ) ;
#243 = DIRECTION ( 'NONE',  ( 4.462356453595526148E-06, 0.000000000000000000, -0.9999999999900436309 ) ) ;
#244 = UNCERTAINTY_MEASURE_WITH_UNIT (LENGTH_MEASURE( 1.000000000000000082E-05 ), #3186, 'distance_accuracy_value', 'NONE');
#245 = CARTESIAN_POINT ( 'NONE',  ( 5.577946057109156889E-05, -5.000000000000115463, -12.50000108904640506 ) ) ;
#246 = CARTESIAN_POINT ( 'NONE',  ( -0.7124517462196982009, 0.3991653544517466679, -27.32297638264128992 ) ) ;
#247 = DIRECTION ( 'NONE',  ( -0.9999999999900436309, -6.938893903846393002E-15, -4.462356453843343425E-06 ) ) ;
#248 = DIRECTION ( 'NONE',  ( 6.938893903838139151E-15, -1.000000000000000000, 3.096381799429073247E-20 ) ) ;
#249 = CARTESIAN_POINT ( 'NONE',  ( -1.300397972031609006, -4.329143086069143997, -23.92912412399772037 ) ) ;
#250 = CLOSED_SHELL ( 'NONE', ( #3383, #1997, #1361, #427 ) ) ;
#251 = CARTESIAN_POINT ( 'NONE',  ( -24.94573394935389388, -3.473778102640834309, 8.771217833579187939 ) ) ;
#252 = DIRECTION ( 'NONE',  ( -1.000000000000000000, -6.938893903980740748E-15, 0.000000000000000000 ) ) ;
#253 = ORIENTED_EDGE ( 'NONE', *, *, #1243, .T. ) ;
#254 = AXIS2_PLACEMENT_3D ( 'NONE', #1307, #1006, #768 ) ;
#255 = ADVANCED_FACE ( 'NONE', ( #3162 ), #1324, .F. ) ;
#256 = EDGE_LOOP ( 'NONE', ( #3743, #3151, #287, #3335, #54 ) ) ;
#257 = CARTESIAN_POINT ( 'NONE',  ( 26.07856387552683231, 0.9217598837457561256, -11.44165733691167119 ) ) ;
#258 = TOROIDAL_SURFACE ( 'NONE', #578, 16.49999999987816679, 5.000000000000000000 ) ;
#259 = VERTEX_POINT ( 'NONE', #170 ) ;
#260 = VECTOR ( 'NONE', #594, 1000.000000000000000 ) ;
#261 = ADVANCED_FACE ( 'NONE', ( #3753 ), #3693, .F. ) ;
#262 = CARTESIAN_POINT ( 'NONE',  ( -16.36246738600561912, -18.73577763365328508, -10.43988312107238769 ) ) ;
#263 = AXIS2_PLACEMENT_3D ( 'NONE', #2712, #2380, #1765 ) ;
#264 = ORIENTED_EDGE ( 'NONE', *, *, #457, .T. ) ;
#265 = CARTESIAN_POINT ( 'NONE',  ( 5.577946088334179457E-05, -50.00000000000000000, -12.50000108904640506 ) ) ;
#266 = CARTESIAN_POINT ( 'NONE',  ( 21.98317504308969461, -4.536747667127334793, 10.61429208959313542 ) ) ;
#267 = CIRCLE ( 'NONE', #521, 4.999999999999999112 ) ;
#268 = CARTESIAN_POINT ( 'NONE',  ( 11.42160559978428047, -0.2144527145899617349, 18.93319008145712345 ) ) ;
#269 = CARTESIAN_POINT ( 'NONE',  ( 9.283333978583643287, 0.1688390219480438437, -24.85430354996606184 ) ) ;
#270 = FACE_OUTER_BOUND ( 'NONE', #2515, .T. ) ;
#271 = CIRCLE ( 'NONE', #2439, 5.000000000000000888 ) ;
#272 = CARTESIAN_POINT ( 'NONE',  ( -3.555588269223504572, 2.217574229702988120, 29.91493258417153100 ) ) ;
#273 = AXIS2_PLACEMENT_3D ( 'NONE', #2112, #1821, #252 ) ;
#274 = APPLICATION_CONTEXT ( 'automotive_design' ) ;
#275 = CARTESIAN_POINT ( 'NONE',  ( -20.90665835716221466, -4.766101438484456665, 10.98963202254403626 ) ) ;
#276 = DIRECTION ( 'NONE',  ( 0.9999999999900437420, 0.000000000000000000, 4.462356453793781833E-06 ) ) ;
#277 = CARTESIAN_POINT ( 'NONE',  ( -19.15693444322807082, -4.999999998053744399, 11.40352911523790347 ) ) ;
#278 = ORIENTED_EDGE ( 'NONE', *, *, #3363, .F. ) ;
#279 = CIRCLE ( 'NONE', #151, 5.000000000000000888 ) ;
#280 = SHAPE_REPRESENTATION ( 'Заливка Zima2-В', ( #1748 ), #1937 ) ;
#281 = EDGE_LOOP ( 'NONE', ( #3764, #3109, #3478, #693, #2336, #1318 ) ) ;
#282 = CARTESIAN_POINT ( 'NONE',  ( -30.24999999967805664, 2.369935205278167700, 1.869119155929159071E-13 ) ) ;
#283 = AXIS2_PLACEMENT_3D ( 'NONE', #1068, #1027, #2263 ) ;
#284 = ORIENTED_EDGE ( 'NONE', *, *, #3597, .T. ) ;
#285 = EDGE_CURVE ( 'NONE', #2172, #2798, #3097, .T. ) ;
#286 = CARTESIAN_POINT ( 'NONE',  ( -16.49995743921888547, -19.88563070952043077, -9.537773528013463675 ) ) ;
#287 = ORIENTED_EDGE ( 'NONE', *, *, #822, .T. ) ;
#288 = DIRECTION ( 'NONE',  ( 6.938893903915479074E-15, -1.000000000000000000, 0.000000000000000000 ) ) ;
#289 = EDGE_CURVE ( 'NONE', #2982, #2040, #3141, .T. ) ;
#290 = CARTESIAN_POINT ( 'NONE',  ( 28.67444499689222681, 0.8056541946075577165, -2.756159366897076080 ) ) ;
#291 = CARTESIAN_POINT ( 'NONE',  ( 11.06363117903192084, -0.5680908579894061727, 20.70558118118747615 ) ) ;
#292 = CARTESIAN_POINT ( 'NONE',  ( -19.17090260942530833, -5.000000000000245137, 11.40240067835079962 ) ) ;
#293 = DIRECTION ( 'NONE',  ( -6.938893903915479074E-15, 1.000000000000000000, 6.018531076270031416E-36 ) ) ;
#294 = SURFACE_STYLE_FILL_AREA ( #3065 ) ;
#295 = DIRECTION ( 'NONE',  ( 0.9999999999900437420, 6.938893903846394580E-15, 4.462356454316049643E-06 ) ) ;
#296 = CARTESIAN_POINT ( 'NONE',  ( -9.312499803013169597, 1.362396816065669869, 27.64405688123409277 ) ) ;
#297 = CARTESIAN_POINT ( 'NONE',  ( -27.93531621350217620, -1.760882946949377637, 4.884084774094408665 ) ) ;
#298 = CYLINDRICAL_SURFACE ( 'NONE', #1298, 3.000000000000000444 ) ;
#299 = CARTESIAN_POINT ( 'NONE',  ( -16.00775927636928486, -15.00000000000011013, -11.50007252141026903 ) ) ;
#300 = CARTESIAN_POINT ( 'NONE',  ( -11.50007362871220273, -22.00000000000007816, 16.49992528174270845 ) ) ;
#301 = ORIENTED_EDGE ( 'NONE', *, *, #3909, .T. ) ;
#302 = VERTEX_POINT ( 'NONE', #705 ) ;
#303 = DIRECTION ( 'NONE',  ( -0.9999999999900437420, -6.938893350912822921E-15, -4.462356454091162395E-06 ) ) ;
#304 = FACE_OUTER_BOUND ( 'NONE', #2213, .T. ) ;
#305 = CARTESIAN_POINT ( 'NONE',  ( 20.43482486971471346, 0.03850336722458529148, -15.81179722195091486 ) ) ;
#306 = CARTESIAN_POINT ( 'NONE',  ( 0.000000000000000000, 200.0000000000000000, -3.000000000000000444 ) ) ;
#307 = EDGE_CURVE ( 'NONE', #356, #2698, #1472, .T. ) ;
#308 = CARTESIAN_POINT ( 'NONE',  ( 7.735375758444644312, -0.6155682430909089620, -21.02878831524989067 ) ) ;
#309 = CARTESIAN_POINT ( 'NONE',  ( 8.300060815281680604, -3.226403536885581236, 25.46736024887346517 ) ) ;
#310 = SURFACE_SIDE_STYLE ('',( #294 ) ) ;
#311 = CARTESIAN_POINT ( 'NONE',  ( -17.50005131686324233, -5.000000000000233591, 11.49992081943603672 ) ) ;
#312 = CYLINDRICAL_SURFACE ( 'NONE', #1983, 5.000000000000000888 ) ;
#313 = CARTESIAN_POINT ( 'NONE',  ( -22.68922448961530236, 0.2668423703758280863, 14.49848412239157192 ) ) ;
#314 = DIRECTION ( 'NONE',  ( -1.000000000000000000, -6.530723674265543553E-15, 0.000000000000000000 ) ) ;
#315 = CARTESIAN_POINT ( 'NONE',  ( -10.87376246045161565, -4.697705801287908045, 21.31399215135253655 ) ) ;
#316 = DIRECTION ( 'NONE',  ( -1.000000000000000000, -6.938893903908492133E-15, 0.000000000000000000 ) ) ;
#317 = CARTESIAN_POINT ( 'NONE',  ( -6.332663201757379845, -4.667893441867174253, -22.11295520151884375 ) ) ;
#318 = EDGE_LOOP ( 'NONE', ( #1975, #3623, #2671, #1682 ) ) ;
#319 = VERTEX_POINT ( 'NONE', #1625 ) ;
#320 = VECTOR ( 'NONE', #2971, 1000.000000000000114 ) ;
#321 = CARTESIAN_POINT ( 'NONE',  ( -16.05194875468037097, -16.23303258616665445, -11.39501343792662169 ) ) ;
#322 = TOROIDAL_SURFACE ( 'NONE', #3429, 4.499999999878165013, 7.000000000000000000 ) ;
#323 = CYLINDRICAL_SURFACE ( 'NONE', #2850, 5.000000000000000888 ) ;
#324 = CARTESIAN_POINT ( 'NONE',  ( 19.15693302389488295, -4.999999998054403427, -11.40353149966338009 ) ) ;
#325 = APPLICATION_CONTEXT ( 'automotive_design' ) ;
#326 = FACE_OUTER_BOUND ( 'NONE', #2416, .T. ) ;
#327 = CIRCLE ( 'NONE', #2796, 16.50000000000000711 ) ;
#328 = CARTESIAN_POINT ( 'NONE',  ( 12.62343105198769955, 0.03394148885254259784, -22.40646847222349791 ) ) ;
#329 = DIRECTION ( 'NONE',  ( 0.9999999999900437420, 6.938894456763465636E-15, 4.462356453595526995E-06 ) ) ;
#330 = CARTESIAN_POINT ( 'NONE',  ( 12.74950569848662951, 0.6380179893544072334, 24.87115500233304388 ) ) ;
#331 = CIRCLE ( 'NONE', #1600, 7.000000000000000888 ) ;
#332 = ADVANCED_FACE ( 'NONE', ( #425 ), #1645, .F. ) ;
#333 = CIRCLE ( 'NONE', #3437, 7.000000000000000888 ) ;
#334 = CARTESIAN_POINT ( 'NONE',  ( -27.59979906606816513, -1.990263756040534737, -5.511020289269435324 ) ) ;
#335 = CARTESIAN_POINT ( 'NONE',  ( -1.747923017378851140, 49.00000000001393374, 29.29570705413382115 ) ) ;
#336 = EDGE_CURVE ( 'NONE', #2229, #3917, #3864, .T. ) ;
#337 = AXIS2_PLACEMENT_3D ( 'NONE', #205, #2324, #2062 ) ;
#338 = ORIENTED_EDGE ( 'NONE', *, *, #503, .F. ) ;
#339 = ORIENTED_EDGE ( 'NONE', *, *, #3772, .T. ) ;
#340 = VECTOR ( 'NONE', #105, 1000.000000000000000 ) ;
#341 = AXIS2_PLACEMENT_3D ( 'NONE', #176, #3427, #1096 ) ;
#342 = CARTESIAN_POINT ( 'NONE',  ( 17.49994868278841054, -21.99999999999987566, 11.50007700191192228 ) ) ;
#343 = CARTESIAN_POINT ( 'NONE',  ( -5.809461921885612057, 0.3024347370362429621, -26.40642892997401248 ) ) ;
#344 = CARTESIAN_POINT ( 'NONE',  ( 25.95302177911067432, 0.8902961066981698313, -11.58789307348884456 ) ) ;
#345 = CARTESIAN_POINT ( 'NONE',  ( -0.7095615596306923401, -0.9508303539157622053, 28.98385672083459852 ) ) ;
#346 = CARTESIAN_POINT ( 'NONE',  ( -25.72318528302112384, -3.097466933625996788, 8.046590466549567111 ) ) ;
#347 = CARTESIAN_POINT ( 'NONE',  ( 5.577946088334179457E-05, -50.00000000000000000, -12.50000108904640506 ) ) ;
#348 = CARTESIAN_POINT ( 'NONE',  ( 11.44417703170429768, 0.9212178590367732234, 26.07641915275773670 ) ) ;
#349 = CARTESIAN_POINT ( 'NONE',  ( -17.50005131686312509, -22.00000000000012079, 11.49992081943603672 ) ) ;
#350 = CARTESIAN_POINT ( 'NONE',  ( -26.51765352057100600, 1.032679243763522159, -10.93020790976465939 ) ) ;
#351 = DIRECTION ( 'NONE',  ( -4.462356453595526148E-06, 0.000000000000000000, 0.9999999999900436309 ) ) ;
#352 = DIRECTION ( 'NONE',  ( 0.000000000000000000, 0.000000000000000000, 1.000000000000000000 ) ) ;
#353 = ORIENTED_EDGE ( 'NONE', *, *, #751, .T. ) ;
#354 = ADVANCED_FACE ( 'NONE', ( #3266 ), #3789, .T. ) ;
#355 = ORIENTED_EDGE ( 'NONE', *, *, #2259, .T. ) ;
#356 = VERTEX_POINT ( 'NONE', #2604 ) ;
#357 = CARTESIAN_POINT ( 'NONE',  ( 11.50005577934621215, -23.94427190981750897, -12.49994977194718082 ) ) ;
#358 = ADVANCED_FACE ( 'NONE', ( #846 ), #792, .T. ) ;
#359 = CARTESIAN_POINT ( 'NONE',  ( -9.286802259556228734, 0.1686616665293609318, -24.86355388152226098 ) ) ;
#360 = CARTESIAN_POINT ( 'NONE',  ( 24.94573285769997284, -3.473778102597916195, -8.771220938540951195 ) ) ;
#361 = CARTESIAN_POINT ( 'NONE',  ( 2.873359628040490055, -1.229864190412942593, 28.64098019768086090 ) ) ;
#362 = CARTESIAN_POINT ( 'NONE',  ( -18.82864584182249601, -2.416722783133212894E-13, 16.44633988955989068 ) ) ;
#363 = PRESENTATION_STYLE_ASSIGNMENT (( #2203 ) ) ;
#364 = CARTESIAN_POINT ( 'NONE',  ( -5.139118297586985331E-14, 6.999999999999888090, 0.000000000000000000 ) ) ;
#365 = CARTESIAN_POINT ( 'NONE',  ( 17.49999999988751043, -4.999999999999990230, 7.700214825490103721E-05 ) ) ;
#366 = DIRECTION ( 'NONE',  ( -6.938893903915479074E-15, 1.000000000000000000, -0.000000000000000000 ) ) ;
#367 = CARTESIAN_POINT ( 'NONE',  ( -28.89998279366814060, 0.9065251971268969422, -1.570778037271943317 ) ) ;
#368 = CARTESIAN_POINT ( 'NONE',  ( 11.45016889447521891, -22.27140592593288915, -13.58443043145573625 ) ) ;
#369 = CARTESIAN_POINT ( 'NONE',  ( -16.49997991922662877, -27.00000000000011369, -4.500074717804538160 ) ) ;
#370 = VERTEX_POINT ( 'NONE', #242 ) ;
#371 = ORIENTED_EDGE ( 'NONE', *, *, #2214, .T. ) ;
#372 = ORIENTED_EDGE ( 'NONE', *, *, #2602, .T. ) ;
#373 = EDGE_CURVE ( 'NONE', #920, #2623, #2550, .T. ) ;
#374 = DIRECTION ( 'NONE',  ( 0.2424199131636516069, 1.682126057636981852E-15, 0.9701714207817749847 ) ) ;
#375 = VECTOR ( 'NONE', #2630, 1000.000000000000114 ) ;
#376 = DIRECTION ( 'NONE',  ( 1.000000000000000000, 6.906973953740272334E-15, 0.000000000000000000 ) ) ;
#377 = CARTESIAN_POINT ( 'NONE',  ( 27.15205292781596214, 0.2244603103143744949, 6.286588993139919701 ) ) ;
#378 = CIRCLE ( 'NONE', #2231, 5.000000000000001776 ) ;
#379 = EDGE_CURVE ( 'NONE', #434, #3604, #767, .T. ) ;
#380 = CARTESIAN_POINT ( 'NONE',  ( 10.04996693064133950, -0.5979421909531510426, 23.18557455418068969 ) ) ;
#381 = CARTESIAN_POINT ( 'NONE',  ( -28.92931933189615279, -0.9974052603741122569, 1.470337070315267614 ) ) ;
#382 = AXIS2_PLACEMENT_3D ( 'NONE', #80, #1764, #1704 ) ;
#383 = CARTESIAN_POINT ( 'NONE',  ( -12.10341522912650269, -15.28221498993276661, -11.50005509863284558 ) ) ;
#384 = CARTESIAN_POINT ( 'NONE',  ( -7.809123268900405965E-05, -57.00000000000000000, 17.49999891025371568 ) ) ;
#385 = AXIS2_PLACEMENT_3D ( 'NONE', #1787, #3519, #2910 ) ;
#386 = CARTESIAN_POINT ( 'NONE',  ( -18.42602588968056665, -5.000000000000240696, 11.46257653501171703 ) ) ;
#387 = DIRECTION ( 'NONE',  ( 0.9967533895240345831, 6.860497448298040307E-15, -0.08051509468632936373 ) ) ;
#388 = CARTESIAN_POINT ( 'NONE',  ( -27.05093918157280797, -2.345962455317463835, -6.415191798669632739 ) ) ;
#389 = CARTESIAN_POINT ( 'NONE',  ( -4.885414989225456684E-13, 69.99999999999998579, 0.000000000000000000 ) ) ;
#390 = CIRCLE ( 'NONE', #2800, 3.000000000000000444 ) ;
#391 = CARTESIAN_POINT ( 'NONE',  ( -11.50007809111855828, -5.000000000000206057, 17.49994759315449144 ) ) ;
#392 = VECTOR ( 'NONE', #999, 1000.000000000000227 ) ;
#393 = VERTEX_POINT ( 'NONE', #2065 ) ;
#394 = ORIENTED_EDGE ( 'NONE', *, *, #968, .T. ) ;
#395 = ORIENTED_EDGE ( 'NONE', *, *, #2390, .T. ) ;
#396 =( GEOMETRIC_REPRESENTATION_CONTEXT ( 3 ) GLOBAL_UNCERTAINTY_ASSIGNED_CONTEXT ( ( #3269 ) ) GLOBAL_UNIT_ASSIGNED_CONTEXT ( ( #2130, #5, #3342 ) ) REPRESENTATION_CONTEXT ( 'NONE', 'WORKASPACE' ) );
#397 = CIRCLE ( 'NONE', #2497, 7.000000000000002665 ) ;
#398 = DIRECTION ( 'NONE',  ( -1.000000000000000000, -6.938893903915477496E-15, 5.329070518200750605E-15 ) ) ;
#399 = VECTOR ( 'NONE', #2206, 1000.000000000000227 ) ;
#400 = CARTESIAN_POINT ( 'NONE',  ( 1.427927328934921691, 60.27456281834916751, 14.96935208124947003 ) ) ;
#401 = CARTESIAN_POINT ( 'NONE',  ( 28.35948370355739456, 0.6686566398813325041, 3.876760297511142372 ) ) ;
#402 = CIRCLE ( 'NONE', #2321, 16.50000000000000355 ) ;
#403 = CARTESIAN_POINT ( 'NONE',  ( 11.58789116153955234, 0.8902958756274084173, 25.95302217959711299 ) ) ;
#404 = CARTESIAN_POINT ( 'NONE',  ( 1.380061757376525033, 40.94247400945966575, 29.66356831413614614 ) ) ;
#405 = MECHANICAL_DESIGN_GEOMETRIC_PRESENTATION_REPRESENTATION (  '', ( #3117 ), #396 ) ;
#406 = CARTESIAN_POINT ( 'NONE',  ( 5.561310774818553071, -2.002090150019698811, 27.59030061249825749 ) ) ;
#407 = EDGE_CURVE ( 'NONE', #1102, #2019, #632, .T. ) ;
#408 = APPLICATION_PROTOCOL_DEFINITION ( 'draft international standard', 'automotive_design', 1998, #3035 ) ;
#409 = DIRECTION ( 'NONE',  ( 4.462356454091161548E-06, 0.000000000000000000, -0.9999999999900436309 ) ) ;
#410 = DIRECTION ( 'NONE',  ( -1.000000000000000000, -7.240584943207538128E-15, 0.000000000000000000 ) ) ;
#411 = DIRECTION ( 'NONE',  ( 1.000000000000000000, 6.938893903915479074E-15, 0.000000000000000000 ) ) ;
#412 = CARTESIAN_POINT ( 'NONE',  ( -11.04757397575392730, 0.09397993270245665054, -23.69894303898859889 ) ) ;
#413 = CARTESIAN_POINT ( 'NONE',  ( -28.33666270348662053, 0.6621418526213177502, 3.883624898734232112 ) ) ;
#414 = CARTESIAN_POINT ( 'NONE',  ( -7.809123268900405965E-05, -57.00000000000000000, 17.49999891025371568 ) ) ;
#415 = CARTESIAN_POINT ( 'NONE',  ( -14.50750811675561280, -5.000000000000211386, -20.36006405299299260 ) ) ;
#416 = ORIENTED_EDGE ( 'NONE', *, *, #1464, .F. ) ;
#417 = ORIENTED_EDGE ( 'NONE', *, *, #623, .T. ) ;
#418 = ORIENTED_EDGE ( 'NONE', *, *, #2091, .T. ) ;
#419 = DIRECTION ( 'NONE',  ( -0.9999999999900436309, -6.938893903846393791E-15, -4.462356453843343425E-06 ) ) ;
#420 = CARTESIAN_POINT ( 'NONE',  ( 1.455141262964835702, 60.30731899106631744, 14.87626754164650222 ) ) ;
#421 = CARTESIAN_POINT ( 'NONE',  ( 28.89998298929123521, 0.9065251972138888004, 1.570774440175825903 ) ) ;
#422 = CARTESIAN_POINT ( 'NONE',  ( 3.896766839261490478, -1.473392078262606208, 28.32542361697334599 ) ) ;
#423 = CARTESIAN_POINT ( 'NONE',  ( -29.18953411256150687, 1.913303315540859417, 6.120359356156996888 ) ) ;
#424 = CARTESIAN_POINT ( 'NONE',  ( -11.62617033628094987, -19.98560159375334422, -9.425980937573298135 ) ) ;
#425 = FACE_OUTER_BOUND ( 'NONE', #3153, .T. ) ;
#426 = CARTESIAN_POINT ( 'NONE',  ( -11.50007809123305691, -5.000000000000195399, 17.49999891025371568 ) ) ;
#427 = ADVANCED_FACE ( 'NONE', ( #2930 ), #2908, .F. ) ;
#428 = DIRECTION ( 'NONE',  ( -0.9999999999900437420, -6.938893903846393791E-15, -4.462356454084752897E-06 ) ) ;
#429 = DIRECTION ( 'NONE',  ( 6.938893903915479074E-15, -1.000000000000000000, 0.000000000000000000 ) ) ;
#430 = CARTESIAN_POINT ( 'NONE',  ( -22.69790718384715689, 0.2622448510631079643, -14.51315413602406856 ) ) ;
#431 = CARTESIAN_POINT ( 'NONE',  ( 16.43773409178905354, -19.31812698366433878, -10.01482838677895160 ) ) ;
#432 = CARTESIAN_POINT ( 'NONE',  ( 1.500000000013637980, 54.99999999999999289, 14.49999685643533276 ) ) ;
#433 = EDGE_CURVE ( 'NONE', #672, #919, #2009, .T. ) ;
#434 = VERTEX_POINT ( 'NONE', #1433 ) ;
#435 = EDGE_LOOP ( 'NONE', ( #3808, #3054, #467, #3877 ) ) ;
#436 = VERTEX_POINT ( 'NONE', #1145 ) ;
#437 = ORIENTED_EDGE ( 'NONE', *, *, #3892, .F. ) ;
#438 = CARTESIAN_POINT ( 'NONE',  ( 16.50004172750594833, -20.05234861549531900, -9.351229984847460486 ) ) ;
#439 = DIRECTION ( 'NONE',  ( 6.938893903915479074E-15, -1.000000000000000000, 0.000000000000000000 ) ) ;
#440 = CARTESIAN_POINT ( 'NONE',  ( 28.91604963173086773, -1.007139277793323240, 1.434011388522711261 ) ) ;
#441 = CLOSED_SHELL ( 'NONE', ( #132, #1801, #3489, #1942, #1678, #2577, #3197, #219, #354, #1368, #3818, #690, #3149, #1336, #1576, #2357, #451, #1168, #722, #2925, #1627, #3580, #255, #2410, #236, #3176, #2810, #2964, #1603, #1091, #89, #2280, #1066, #3859, #2780, #3649, #3087, #3138, #2701, #1418, #3299, #3509, #332, #1240, #478, #3435, #2555, #358, #1444, #1015, #1195, #1966, #3440, #535, #192, #1190, #1851, #3389, #3070, #2430, #3270, #528, #165, #3885, #2240, #37, #618, #1560, #2738, #1287, #2404, #1315, #2609, #925, #84, #571, #3716, #2677, #2018, #1918, #1390, #3027, #261, #804, #1751, #868, #2986, #58, #2111, #989, #172, #3321, #3075, #3091, #1509 ) ) ;
#442 = CARTESIAN_POINT ( 'NONE',  ( -10.02555241746629555, -0.5887219897100807176, 23.19275163763971292 ) ) ;
#443 = CARTESIAN_POINT ( 'NONE',  ( 5.577946093191405190E-05, -57.00000000000000000, -12.50000108904640506 ) ) ;
#444 = AXIS2_PLACEMENT_3D ( 'NONE', #3533, #809, #1768 ) ;
#445 = DIRECTION ( 'NONE',  ( -6.938893903915479074E-15, 1.000000000000000000, 3.520178551907966670E-36 ) ) ;
#446 = CARTESIAN_POINT ( 'NONE',  ( 16.50002008044481983, -26.99999999999988631, -4.499927460041560856 ) ) ;
#447 = DIRECTION ( 'NONE',  ( -0.9999999999900437420, -6.938893903846393791E-15, -4.462356454084752897E-06 ) ) ;
#448 = CARTESIAN_POINT ( 'NONE',  ( -13.63769308564676486, -2.073354333281984343E-13, -21.44992352187847473 ) ) ;
#449 = CARTESIAN_POINT ( 'NONE',  ( -18.42592216200437960, -2.385244779468109755E-13, -11.46274327497292056 ) ) ;
#450 = LINE ( 'NONE', #1313, #3568 ) ;
#451 = ADVANCED_FACE ( 'NONE', ( #3501 ), #3518, .T. ) ;
#452 = CARTESIAN_POINT ( 'NONE',  ( -30.16593609654015395, 2.331064282741721172, -1.787160269371537158 ) ) ;
#453 = AXIS2_PLACEMENT_3D ( 'NONE', #228, #525, #1127 ) ;
#454 = TOROIDAL_SURFACE ( 'NONE', #2626, 16.50000000000000355, 5.000000000000000000 ) ;
#455 = ORIENTED_EDGE ( 'NONE', *, *, #751, .F. ) ;
#456 = EDGE_LOOP ( 'NONE', ( #2468, #1654, #2117, #339 ) ) ;
#457 = EDGE_CURVE ( 'NONE', #1718, #1691, #3208, .T. ) ;
#458 = AXIS2_PLACEMENT_3D ( 'NONE', #880, #303, #2099 ) ;
#459 = VERTEX_POINT ( 'NONE', #487 ) ;
#460 = CARTESIAN_POINT ( 'NONE',  ( 16.36087285475884201, -18.72388102262649667, -10.44756539019670960 ) ) ;
#461 = CIRCLE ( 'NONE', #1928, 5.000000000000000888 ) ;
#462 = DIRECTION ( 'NONE',  ( -1.000000000000000000, 0.000000000000000000, 0.000000000000000000 ) ) ;
#463 = CARTESIAN_POINT ( 'NONE',  ( 29.11415719444729788, 1.884972378739318888, 6.276592341590780499 ) ) ;
#464 = CIRCLE ( 'NONE', #1104, 31.99999999999416644 ) ;
#465 = CARTESIAN_POINT ( 'NONE',  ( -10.49765156982097913, -0.6357508639636176850, 22.26095093635850120 ) ) ;
#466 = FACE_OUTER_BOUND ( 'NONE', #2407, .T. ) ;
#467 = ORIENTED_EDGE ( 'NONE', *, *, #1555, .T. ) ;
#468 = SHAPE_DEFINITION_REPRESENTATION ( #156, #280 ) ;
#469 = AXIS2_PLACEMENT_3D ( 'NONE', #2708, #2998, #3582 ) ;
#470 = DIRECTION ( 'NONE',  ( -6.938893903915479074E-15, 1.000000000000000000, 0.000000000000000000 ) ) ;
#471 = CARTESIAN_POINT ( 'NONE',  ( 19.88782404711918161, -4.931915422177580055, -11.27254321444368834 ) ) ;
#472 = CIRCLE ( 'NONE', #3755, 4.250000000000054179 ) ;
#473 = DIRECTION ( 'NONE',  ( -1.000000000000000000, -6.938893903907224433E-15, 0.000000000000000000 ) ) ;
#474 = CARTESIAN_POINT ( 'NONE',  ( -3.448938586147189955, -0.7732564831616665080, -23.47486785283556898 ) ) ;
#475 = CYLINDRICAL_SURFACE ( 'NONE', #1432, 11.50000000000000711 ) ;
#476 = LINE ( 'NONE', #2897, #3737 ) ;
#477 = ORIENTED_EDGE ( 'NONE', *, *, #1332, .F. ) ;
#478 = ADVANCED_FACE ( 'NONE', ( #1450 ), #3844, .T. ) ;
#479 = ORIENTED_EDGE ( 'NONE', *, *, #1495, .T. ) ;
#480 = CARTESIAN_POINT ( 'NONE',  ( 11.47214859608443938, -22.73582656615992192, -13.32477451839399052 ) ) ;
#481 = CARTESIAN_POINT ( 'NONE',  ( -23.84840750456572422, -3.932210140553316524, -9.595502317334251074 ) ) ;
#482 = CARTESIAN_POINT ( 'NONE',  ( 19.52423264486136389, -0.3640192185894173260, 11.32934324886789668 ) ) ;
#483 = EDGE_CURVE ( 'NONE', #1521, #1277, #952, .T. ) ;
#484 = CARTESIAN_POINT ( 'NONE',  ( -4.943696508373269793, 0.4891011227086428659, 27.89930490490384329 ) ) ;
#485 = DIRECTION ( 'NONE',  ( -1.000000000000000000, 0.000000000000000000, 0.000000000000000000 ) ) ;
#486 = VERTEX_POINT ( 'NONE', #3809 ) ;
#487 = CARTESIAN_POINT ( 'NONE',  ( -18.82849701515661778, -2.416712456208767402E-13, -16.44651027269756938 ) ) ;
#488 = DIRECTION ( 'NONE',  ( 0.08051510369879517903, 4.806801319676086306E-15, 0.9967533887960313699 ) ) ;
#489 = PRODUCT_DEFINITION_CONTEXT ( 'detailed design', #1552, 'design' ) ;
#490 = DIRECTION ( 'NONE',  ( 0.9999999999900436309, 0.000000000000000000, 4.462356454091161548E-06 ) ) ;
#491 = CARTESIAN_POINT ( 'NONE',  ( 5.433222244545338420, -4.579842849845943142, -22.64859711308838186 ) ) ;
#492 = DIRECTION ( 'NONE',  ( 6.938893903915479074E-15, -1.000000000000000000, 0.000000000000000000 ) ) ;
#493 = DIRECTION ( 'NONE',  ( -1.000000000000000000, -6.938893903908493711E-15, 0.000000000000000000 ) ) ;
#494 = ORIENTED_EDGE ( 'NONE', *, *, #828, .T. ) ;
#495 = VERTEX_POINT ( 'NONE', #1167 ) ;
#496 = CARTESIAN_POINT ( 'NONE',  ( 11.56356812787068122, -20.10077429239100866, -9.297110462870767478 ) ) ;
#497 = DIRECTION ( 'NONE',  ( -6.938893903915479074E-15, 1.000000000000000000, -0.000000000000000000 ) ) ;
#498 = EDGE_CURVE ( 'NONE', #3566, #2397, #1674, .T. ) ;
#499 = CARTESIAN_POINT ( 'NONE',  ( -13.71805453712524070, 0.4282631408369549364, 23.74175098901352143 ) ) ;
#500 = DIRECTION ( 'NONE',  ( 0.000000000000000000, -0.000000000000000000, -1.000000000000000000 ) ) ;
#501 = ORIENTED_EDGE ( 'NONE', *, *, #2214, .F. ) ;
#502 = CARTESIAN_POINT ( 'NONE',  ( 17.49999999988763122, -21.99999999999987566, 7.700214825490103721E-05 ) ) ;
#503 = EDGE_CURVE ( 'NONE', #1125, #1371, #3542, .T. ) ;
#504 = DIRECTION ( 'NONE',  ( -1.000000000000000000, -6.938893903915479074E-15, 0.000000000000000000 ) ) ;
#505 = CARTESIAN_POINT ( 'NONE',  ( 16.00788422235985919, -4.999999999999997335, -16.49992965624666041 ) ) ;
#506 = CARTESIAN_POINT ( 'NONE',  ( -5.650406932336228039, -0.7409162130050912509, -22.53187516363110987 ) ) ;
#507 = DIRECTION ( 'NONE',  ( 4.462356454084752897E-06, 3.096381799634658445E-20, -0.9999999999900437420 ) ) ;
#508 = CARTESIAN_POINT ( 'NONE',  ( 16.00786191057767027, -14.99999999999988809, -11.49992965629644104 ) ) ;
#509 = CARTESIAN_POINT ( 'NONE',  ( -7.809123268900405965E-05, -57.00000000000000000, 17.49999891025371568 ) ) ;
#510 = CARTESIAN_POINT ( 'NONE',  ( -6.755114534409573324, -4.712356631271581442, -21.82118133234604329 ) ) ;
#511 = CIRCLE ( 'NONE', #2615, 5.000000000000000888 ) ;
#512 = LINE ( 'NONE', #1776, #3257 ) ;
#513 = CIRCLE ( 'NONE', #834, 12.00000000000000000 ) ;
#514 = ORIENTED_EDGE ( 'NONE', *, *, #2339, .T. ) ;
#515 = AXIS2_PLACEMENT_3D ( 'NONE', #364, #2463, #944 ) ;
#516 = EDGE_LOOP ( 'NONE', ( #3702, #3351, #168, #479 ) ) ;
#517 = ORIENTED_EDGE ( 'NONE', *, *, #1845, .T. ) ;
#518 = CIRCLE ( 'NONE', #3496, 7.000000000000000888 ) ;
#519 = CARTESIAN_POINT ( 'NONE',  ( -22.93540906448562922, -4.251899047591545688, -10.14076383062654862 ) ) ;
#520 = CARTESIAN_POINT ( 'NONE',  ( -9.467952979698869953, 1.329942286035575183, 27.52721262194464913 ) ) ;
#521 = AXIS2_PLACEMENT_3D ( 'NONE', #1508, #1319, #1278 ) ;
#522 = DIRECTION ( 'NONE',  ( 1.000000000000000000, 6.938893904095096391E-15, 0.000000000000000000 ) ) ;
#523 = ORIENTED_EDGE ( 'NONE', *, *, #3003, .F. ) ;
#524 = DIRECTION ( 'NONE',  ( -6.938893903915479863E-15, 1.000000000000000000, -0.000000000000000000 ) ) ;
#525 = DIRECTION ( 'NONE',  ( -4.462356453843344272E-06, -3.096381799467148280E-20, 0.9999999999900437420 ) ) ;
#526 = AXIS2_PLACEMENT_3D ( 'NONE', #2300, #167, #1065 ) ;
#527 = FACE_OUTER_BOUND ( 'NONE', #3855, .T. ) ;
#528 = ADVANCED_FACE ( 'NONE', ( #3375 ), #323, .F. ) ;
#529 = CARTESIAN_POINT ( 'NONE',  ( -0.5268161088982024065, -4.315716535209967120, -23.99083532034935828 ) ) ;
#530 = AXIS2_PLACEMENT_3D ( 'NONE', #1268, #2267, #1886 ) ;
#531 =( REPRESENTATION_RELATIONSHIP ('NONE','NONE', #3660, #280 ) REPRESENTATION_RELATIONSHIP_WITH_TRANSFORMATION ( #3161 )SHAPE_REPRESENTATION_RELATIONSHIP( ) );
#532 = DIRECTION ( 'NONE',  ( 6.938893903915479074E-15, -1.000000000000000000, 0.000000000000000000 ) ) ;
#533 = DIRECTION ( 'NONE',  ( -1.000000000000000000, -6.530723674265543553E-15, 0.000000000000000000 ) ) ;
#534 = CARTESIAN_POINT ( 'NONE',  ( 4.029394448838464093, -4.463751938698787392, -23.27410311773948948 ) ) ;
#535 = ADVANCED_FACE ( 'NONE', ( #2731 ), #1850, .T. ) ;
#536 = CARTESIAN_POINT ( 'NONE',  ( -28.32542487397578768, -1.473391057693124617, 3.896765285941378387 ) ) ;
#537 = FACE_OUTER_BOUND ( 'NONE', #3680, .T. ) ;
#538 = CARTESIAN_POINT ( 'NONE',  ( -8.298541549177295806, -3.220310669327102193, 25.49198924475744832 ) ) ;
#539 = VERTEX_POINT ( 'NONE', #1543 ) ;
#540 = ORIENTED_EDGE ( 'NONE', *, *, #1140, .F. ) ;
#541 = SURFACE_SIDE_STYLE ('',( #3585 ) ) ;
#542 = VERTEX_POINT ( 'NONE', #2458 ) ;
#543 = CARTESIAN_POINT ( 'NONE',  ( -28.99999999964221686, -0.9372539334886028639, -7.918032764435547826E-05 ) ) ;
#544 = CARTESIAN_POINT ( 'NONE',  ( -11.44207033965757958, -0.1082103665775924067, 18.68183248641376792 ) ) ;
#545 = CARTESIAN_POINT ( 'NONE',  ( 29.91358868182212305, 2.216979391071922212, 3.562103225783470606 ) ) ;
#546 = ORIENTED_EDGE ( 'NONE', *, *, #2531, .T. ) ;
#547 = CARTESIAN_POINT ( 'NONE',  ( -17.50002008036799594, -15.00000000000012079, 4.499920819505731195 ) ) ;
#548 = CYLINDRICAL_SURFACE ( 'NONE', #2859, 7.000000000000000888 ) ;
#549 = CARTESIAN_POINT ( 'NONE',  ( -1.359344025148896629, -0.7780543526218941519, -23.92267518215651734 ) ) ;
#550 = LINE ( 'NONE', #2367, #949 ) ;
#551 = CARTESIAN_POINT ( 'NONE',  ( 16.00786191057766317, -15.49719335744642201, -11.49992965629643749 ) ) ;
#552 = CARTESIAN_POINT ( 'NONE',  ( -14.43823838126559878, 0.2772357294189610744, 22.80805868015637827 ) ) ;
#553 = EDGE_CURVE ( 'NONE', #2455, #1058, #1022, .T. ) ;
#554 = CARTESIAN_POINT ( 'NONE',  ( -25.46968310570579419, -3.225327953867321185, 8.298038470387638199 ) ) ;
#555 = CARTESIAN_POINT ( 'NONE',  ( 16.49992190860283259, -26.99999999999988631, 17.50007253913520699 ) ) ;
#556 = ORIENTED_EDGE ( 'NONE', *, *, #2508, .F. ) ;
#557 = EDGE_CURVE ( 'NONE', #2821, #319, #3101, .T. ) ;
#558 = ORIENTED_EDGE ( 'NONE', *, *, #110, .F. ) ;
#559 = CARTESIAN_POINT ( 'NONE',  ( -2.818925648461510440E-15, -1.110223024625156540E-13, 0.000000000000000000 ) ) ;
#560 = ORIENTED_EDGE ( 'NONE', *, *, #645, .T. ) ;
#561 = DIRECTION ( 'NONE',  ( -6.938893903915479074E-15, 1.000000000000000000, -0.000000000000000000 ) ) ;
#562 = ORIENTED_EDGE ( 'NONE', *, *, #1074, .T. ) ;
#563 = CARTESIAN_POINT ( 'NONE',  ( -3.428247269404179399E-13, 49.00000000001399769, 0.000000000000000000 ) ) ;
#564 = CARTESIAN_POINT ( 'NONE',  ( 26.20019635942728087, -2.844270026418559638, 7.528568525901815356 ) ) ;
#565 = CARTESIAN_POINT ( 'NONE',  ( 16.44634096677242496, 1.734723475976807094E-15, 18.82864490090487664 ) ) ;
#566 = CARTESIAN_POINT ( 'NONE',  ( -28.42838483529711979, -1.395024350694027859, 3.598469285498153258 ) ) ;
#567 = ORIENTED_EDGE ( 'NONE', *, *, #729, .F. ) ;
#568 = DIRECTION ( 'NONE',  ( 0.4226182617407009401, -0.9063077870366491595, 0.000000000000000000 ) ) ;
#569 = DIRECTION ( 'NONE',  ( -1.000000000000000000, -6.938893903915479074E-15, 0.000000000000000000 ) ) ;
#570 = CARTESIAN_POINT ( 'NONE',  ( -19.49826159110871160, -0.3737852499708548271, 11.34726233619438851 ) ) ;
#571 = ADVANCED_FACE ( 'NONE', ( #304 ), #3796, .F. ) ;
#572 = CYLINDRICAL_SURFACE ( 'NONE', #654, 4.999999999999999112 ) ;
#573 = FACE_OUTER_BOUND ( 'NONE', #896, .T. ) ;
#574 = ORIENTED_EDGE ( 'NONE', *, *, #3008, .F. ) ;
#575 = VECTOR ( 'NONE', #445, 1000.000000000000000 ) ;
#576 = ORIENTED_EDGE ( 'NONE', *, *, #1458, .T. ) ;
#577 = CARTESIAN_POINT ( 'NONE',  ( -17.49999999976395415, -15.00000000000012079, -7.918032764175908511E-05 ) ) ;
#578 = AXIS2_PLACEMENT_3D ( 'NONE', #628, #689, #1907 ) ;
#579 = VERTEX_POINT ( 'NONE', #1202 ) ;
#580 = EDGE_CURVE ( 'NONE', #495, #2798, #1274, .T. ) ;
#581 = CIRCLE ( 'NONE', #3107, 5.000000000000000000 ) ;
#582 = CARTESIAN_POINT ( 'NONE',  ( -10.11127663305373936, -5.000000000000185629, -17.97822679119099831 ) ) ;
#583 = EDGE_CURVE ( 'NONE', #692, #3174, #378, .T. ) ;
#584 = AXIS2_PLACEMENT_3D ( 'NONE', #3066, #2424, #64 ) ;
#585 = ORIENTED_EDGE ( 'NONE', *, *, #1488, .T. ) ;
#586 = CARTESIAN_POINT ( 'NONE',  ( 7.415119694369599834, 0.2456783663628080150, -25.80554168512414748 ) ) ;
#587 = CARTESIAN_POINT ( 'NONE',  ( 21.24840257156338197, -4.698414659981400732, -10.87786482626472306 ) ) ;
#588 = VECTOR ( 'NONE', #1561, 1000.000000000000000 ) ;
#589 = CARTESIAN_POINT ( 'NONE',  ( -11.49994422042479769, -23.94427190981768305, -12.50005240614562929 ) ) ;
#590 = CARTESIAN_POINT ( 'NONE',  ( 8.973295858346107323, -4.941814590851953959, -19.71098744131252900 ) ) ;
#591 = ORIENTED_EDGE ( 'NONE', *, *, #3250, .T. ) ;
#592 = CARTESIAN_POINT ( 'NONE',  ( 16.03102056336051362, -15.98402978259084684, -11.44758455029162292 ) ) ;
#593 = CARTESIAN_POINT ( 'NONE',  ( 5.577946088334179457E-05, -50.00000000000000000, -12.50000108904640506 ) ) ;
#594 = DIRECTION ( 'NONE',  ( -6.938893903915479074E-15, 1.000000000000000000, -0.000000000000000000 ) ) ;
#595 = CARTESIAN_POINT ( 'NONE',  ( -27.61633908524419567, -1.984661333754543122, 5.515015676462424743 ) ) ;
#596 = CARTESIAN_POINT ( 'NONE',  ( -2.121320343559646826, 170.0009999999999479, 28.92230972795305632 ) ) ;
#597 = AXIS2_PLACEMENT_3D ( 'NONE', #2072, #3870, #2666 ) ;
#598 = CARTESIAN_POINT ( 'NONE',  ( 26.89663534665777433, 1.141771982065844293, -10.39920166393188872 ) ) ;
#599 = ORIENTED_EDGE ( 'NONE', *, *, #3696, .T. ) ;
#600 = ORIENTED_EDGE ( 'NONE', *, *, #3339, .F. ) ;
#601 = EDGE_CURVE ( 'NONE', #2293, #3586, #1952, .T. ) ;
#602 = DIRECTION ( 'NONE',  ( -1.000000000000000000, -6.938893903915479074E-15, 0.000000000000000000 ) ) ;
#603 = CARTESIAN_POINT ( 'NONE',  ( 1.385862784205535325, 0.4003939909047862233, -27.33383336516530093 ) ) ;
#604 = CARTESIAN_POINT ( 'NONE',  ( 21.64108812346067978, -0.6323029746204903434, -10.75468244122669148 ) ) ;
#605 = EDGE_CURVE ( 'NONE', #136, #2255, #3156, .T. ) ;
#606 = DIRECTION ( 'NONE',  ( 0.000000000000000000, 0.000000000000000000, -1.000000000000000000 ) ) ;
#607 = CARTESIAN_POINT ( 'NONE',  ( 12.10897502002780612, 0.05206594718163141261, -22.86488356544098011 ) ) ;
#608 = B_SPLINE_CURVE_WITH_KNOTS ( 'NONE', 3,
 ( #3096, #2219, #42, #404, #1264, #1601 ),
 .UNSPECIFIED., .F., .F.,
 ( 4, 2, 4 ),
 ( 3.335398339040370840E-07, 0.001566874513906638382, 0.003133415487979372693 ),
 .UNSPECIFIED. ) ;
#609 = DIRECTION ( 'NONE',  ( 0.4763596053206531344, 3.305408761427133026E-15, 0.8792505481481099894 ) ) ;
#610 = CARTESIAN_POINT ( 'NONE',  ( -17.49992637088253389, -5.000000000000233591, -16.50007918004151719 ) ) ;
#611 = CARTESIAN_POINT ( 'NONE',  ( -27.53806385865052420, 1.329050814990895280, 9.481506368429799991 ) ) ;
#612 = CARTESIAN_POINT ( 'NONE',  ( 11.39223970830920685, -21.20165894422170538, -14.11011124444221210 ) ) ;
#613 = CARTESIAN_POINT ( 'NONE',  ( 1.500000000013600232, 60.44193893134503526, 14.49999685643533098 ) ) ;
#614 = CARTESIAN_POINT ( 'NONE',  ( -8.106144976711551209, -0.5681769165737644567, -20.66431593138850786 ) ) ;
#615 = ORIENTED_EDGE ( 'NONE', *, *, #2390, .F. ) ;
#616 = EDGE_LOOP ( 'NONE', ( #3760, #3033, #3684, #15, #599, #3234, #2078, #355 ) ) ;
#617 = CARTESIAN_POINT ( 'NONE',  ( -16.01346198973167390, -15.49567986305932088, -11.48687598883627992 ) ) ;
#618 = ADVANCED_FACE ( 'NONE', ( #2276 ), #1303, .F. ) ;
#619 = DIRECTION ( 'NONE',  ( -6.938893903915479074E-15, 1.000000000000000000, -0.000000000000000000 ) ) ;
#620 = CARTESIAN_POINT ( 'NONE',  ( 21.32637136881076145, -0.6192057738101188757, -10.86838498927071939 ) ) ;
#621 = FACE_OUTER_BOUND ( 'NONE', #652, .T. ) ;
#622 = CARTESIAN_POINT ( 'NONE',  ( -18.42602588968056665, -5.000000000000240696, 11.46257653501171703 ) ) ;
#623 = EDGE_CURVE ( 'NONE', #302, #1371, #511, .T. ) ;
#624 = FACE_OUTER_BOUND ( 'NONE', #2576, .T. ) ;
#625 = PRESENTATION_STYLE_ASSIGNMENT (( #3403 ) ) ;
#626 = CARTESIAN_POINT ( 'NONE',  ( -28.99922876435510943, -0.9379025192101418940, 0.7329002626872033188 ) ) ;
#627 = DIRECTION ( 'NONE',  ( -0.9999999999900438530, -6.938893903846394580E-15, -4.462356453843344272E-06 ) ) ;
#628 = CARTESIAN_POINT ( 'NONE',  ( -17.49999999976402520, -5.000000000000233591, -7.918032764175908511E-05 ) ) ;
#629 = CARTESIAN_POINT ( 'NONE',  ( -6.533595620919172120, -0.7056275723154185053, -21.98111828939936174 ) ) ;
#630 = EDGE_LOOP ( 'NONE', ( #863, #737, #1257, #2838 ) ) ;
#631 = ORIENTED_EDGE ( 'NONE', *, *, #3482, .F. ) ;
#632 = CIRCLE ( 'NONE', #1591, 11.49999999987816679 ) ;
#633 = AXIS2_PLACEMENT_3D ( 'NONE', #1596, #982, #2782 ) ;
#634 = CARTESIAN_POINT ( 'NONE',  ( -16.49997991922671403, -15.00000000000011369, -4.500074717804538160 ) ) ;
#635 = TOROIDAL_SURFACE ( 'NONE', #1280, 16.50000000000000711, 5.000000000000000000 ) ;
#636 = CARTESIAN_POINT ( 'NONE',  ( -5.476141200271497311, 0.3129727053986504637, -26.51253441937234712 ) ) ;
#637 = CARTESIAN_POINT ( 'NONE',  ( 28.79282987033298014, 1.758947555422659903, -7.113709268651194684 ) ) ;
#638 = CARTESIAN_POINT ( 'NONE',  ( 8.554673533640393401, -0.2911397079122032272, 25.22628037782065036 ) ) ;
#639 = CIRCLE ( 'NONE', #2741, 4.999999999999999112 ) ;
#640 = PLANE ( 'NONE',  #2379 ) ;
#641 =( LENGTH_UNIT ( ) NAMED_UNIT ( * ) SI_UNIT ( .MILLI., .METRE. ) );
#642 = DIRECTION ( 'NONE',  ( -6.938893903915479074E-15, 1.000000000000000000, -0.000000000000000000 ) ) ;
#643 = CARTESIAN_POINT ( 'NONE',  ( -0.8848883558189198917, 2.362321693006958157, 30.23369507021163827 ) ) ;
#644 = VECTOR ( 'NONE', #3867, 1000.000000000000000 ) ;
#645 = EDGE_CURVE ( 'NONE', #3799, #3319, #3236, .T. ) ;
#646 = CIRCLE ( 'NONE', #3184, 4.999999999999999112 ) ;
#647 = CARTESIAN_POINT ( 'NONE',  ( -28.91747511891584566, 0.9135022132626824387, 1.591533589903219692 ) ) ;
#648 = DIRECTION ( 'NONE',  ( -0.9999999999900436309, 0.000000000000000000, -4.462356454091161548E-06 ) ) ;
#649 = CARTESIAN_POINT ( 'NONE',  ( -2.664968939972498079E-13, 37.99999999999990052, 0.000000000000000000 ) ) ;
#650 = AXIS2_PLACEMENT_3D ( 'NONE', #1327, #2567, #1626 ) ;
#651 = EDGE_CURVE ( 'NONE', #3704, #2302, #2198, .T. ) ;
#652 = EDGE_LOOP ( 'NONE', ( #3472, #1299, #2401, #1763 ) ) ;
#653 = ORIENTED_EDGE ( 'NONE', *, *, #651, .T. ) ;
#654 = AXIS2_PLACEMENT_3D ( 'NONE', #555, #1796, #276 ) ;
#655 = ORIENTED_EDGE ( 'NONE', *, *, #675, .T. ) ;
#656 = AXIS2_PLACEMENT_3D ( 'NONE', #2529, #1012, #711 ) ;
#657 = DIRECTION ( 'NONE',  ( -4.462356454316048796E-06, -3.096381799795152205E-20, 0.9999999999900436309 ) ) ;
#658 = CARTESIAN_POINT ( 'NONE',  ( 0.000000000000000000, 0.000000000000000000, 0.000000000000000000 ) ) ;
#659 = CARTESIAN_POINT ( 'NONE',  ( 19.64700187667989439, 2.460652714865793069E-14, -16.16039520671208152 ) ) ;
#660 = B_SPLINE_CURVE_WITH_KNOTS ( 'NONE', 3,
 ( #1713, #3773, #3247, #1695, #2933, #3483, #3555, #2606, #811, #2647, #794, #770, #2027, #1410, #1128, #1753, #1452, #2911, #849, #1392, #3227, #1147, #2307, #3791 ),
 .UNSPECIFIED., .F., .F.,
 ( 4, 2, 2, 2, 2, 2, 2, 2, 2, 2, 2, 4 ),
 ( 0.008942326486542433520, 0.009548774151141942168, 0.01015522181574145082, 0.01076166948034096120, 0.01106489331264071292, 0.01136811714494046464, 0.01197456480953996809, 0.01227778864183971981, 0.01258101247413946980, 0.01288423630643922152, 0.01318746013873897324, 0.01379390780333848016 ),
 .UNSPECIFIED. ) ;
#661 = CARTESIAN_POINT ( 'NONE',  ( -1.434013119191630770, -1.007140485331104562, 28.91604846082778835 ) ) ;
#662 = CARTESIAN_POINT ( 'NONE',  ( -26.07856428971884100, 0.9217596286144282836, 11.44165527832086227 ) ) ;
#663 = CARTESIAN_POINT ( 'NONE',  ( -11.42190679080676752, -21.74342760632497118, -13.84857520634204064 ) ) ;
#664 =( NAMED_UNIT ( * ) PLANE_ANGLE_UNIT ( ) SI_UNIT ( $, .RADIAN. ) );
#665 = DIRECTION ( 'NONE',  ( 4.462356454316048796E-06, 0.000000000000000000, -0.9999999999900436309 ) ) ;
#666 = LINE ( 'NONE', #988, #901 ) ;
#667 = CARTESIAN_POINT ( 'NONE',  ( 4.249999999999634959, 60.00000000000000711, 0.000000000000000000 ) ) ;
#668 = CARTESIAN_POINT ( 'NONE',  ( -24.10691802006103401, -3.831446513136085752, -9.419338153529194457 ) ) ;
#669 = CARTESIAN_POINT ( 'NONE',  ( 11.28201230730978821, -19.32239872263294700, -14.73173799359182645 ) ) ;
#670 = EDGE_CURVE ( 'NONE', #919, #3564, #196, .T. ) ;
#671 = DIRECTION ( 'NONE',  ( -1.000000000000000000, -6.938893903908493711E-15, 0.000000000000000000 ) ) ;
#672 = VERTEX_POINT ( 'NONE', #1659 ) ;
#673 = ORIENTED_EDGE ( 'NONE', *, *, #160, .F. ) ;
#674 = ORIENTED_EDGE ( 'NONE', *, *, #1140, .T. ) ;
#675 = EDGE_CURVE ( 'NONE', #975, #259, #2524, .T. ) ;
#676 = DIRECTION ( 'NONE',  ( -1.000000000000000000, 0.000000000000000000, 0.000000000000000000 ) ) ;
#677 = CARTESIAN_POINT ( 'NONE',  ( 0.2035827491693761593, 59.92424907674743650, 15.99968892772968232 ) ) ;
#678 = CARTESIAN_POINT ( 'NONE',  ( 28.83850412912679317, 0.8784829446096825700, 1.967932827095169257 ) ) ;
#679 = CARTESIAN_POINT ( 'NONE',  ( 8.298039753605038982, -3.225328417560021865, 25.46968181368396955 ) ) ;
#680 = CARTESIAN_POINT ( 'NONE',  ( -30.18341684385512025, 2.338480288245685657, 1.782443994089856432 ) ) ;
#681 = CARTESIAN_POINT ( 'NONE',  ( -4.900677571306570890, -1.776664433712617175, 27.90953872672512759 ) ) ;
#682 = CARTESIAN_POINT ( 'NONE',  ( 1.432276123174664258E-06, -38.69000424000001459, 1.432275991023485763E-06 ) ) ;
#683 = DIRECTION ( 'NONE',  ( -4.462356454316048796E-06, -3.096381799795152205E-20, 0.9999999999900437420 ) ) ;
#684 = CARTESIAN_POINT ( 'NONE',  ( 8.548923561934428150, 1.509205551339147577, 28.08792538365735680 ) ) ;
#685 = FACE_OUTER_BOUND ( 'NONE', #1156, .T. ) ;
#686 = CARTESIAN_POINT ( 'NONE',  ( -28.93131340335478896, -0.9956896633750991210, 1.450058324960407319 ) ) ;
#687 = CARTESIAN_POINT ( 'NONE',  ( 11.15702711845105455, -14.99999999999992717, -15.28783009042840213 ) ) ;
#688 = PRODUCT ( 'КМГПЭУГ 6х0,12-2,0', 'КМГПЭУГ 6х0,12-2,0', '', ( #747 ) ) ;
#689 = DIRECTION ( 'NONE',  ( -6.938893903915479074E-15, 1.000000000000000000, -0.000000000000000000 ) ) ;
#690 = ADVANCED_FACE ( 'NONE', ( #1062 ), #2852, .T. ) ;
#691 = ORIENTED_EDGE ( 'NONE', *, *, #1597, .T. ) ;
#692 = VERTEX_POINT ( 'NONE', #2804 ) ;
#693 = ORIENTED_EDGE ( 'NONE', *, *, #583, .F. ) ;
#694 = EDGE_CURVE ( 'NONE', #3838, #899, #954, .T. ) ;
#695 = DIRECTION ( 'NONE',  ( -1.000000000000000000, -6.938893903915479863E-15, 0.000000000000000000 ) ) ;
#696 = CARTESIAN_POINT ( 'NONE',  ( 1.207064273254953468, 60.12692657725384748, 15.39573261114302127 ) ) ;
#697 = CARTESIAN_POINT ( 'NONE',  ( 27.28413844221136131, 1.255263267813512051, 9.842502360852458665 ) ) ;
#698 = VECTOR ( 'NONE', #1900, 1000.000000000000000 ) ;
#699 = EDGE_CURVE ( 'NONE', #3704, #136, #821, .T. ) ;
#700 = CARTESIAN_POINT ( 'NONE',  ( 4.999598516085256961, 2.057187954402508456, 29.54054406370945074 ) ) ;
#701 = DIRECTION ( 'NONE',  ( 1.000000000000000000, 6.938893903907226800E-15, 0.000000000000000000 ) ) ;
#702 = TOROIDAL_SURFACE ( 'NONE', #2046, 28.99999999999417355, 3.000000000000002665 ) ;
#703 = CARTESIAN_POINT ( 'NONE',  ( -6.422751777783691551, -2.349183465776224278, 27.04570516661755164 ) ) ;
#704 = CARTESIAN_POINT ( 'NONE',  ( -11.47496564759187265, -22.75609470982381310, -13.33271212800649508 ) ) ;
#705 = CARTESIAN_POINT ( 'NONE',  ( -16.50007809123309244, -2.242130092700703988E-13, 17.49999891025371568 ) ) ;
#706 = FACE_OUTER_BOUND ( 'NONE', #3265, .T. ) ;
#707 = CIRCLE ( 'NONE', #776, 5.000000000000000888 ) ;
#708 = CARTESIAN_POINT ( 'NONE',  ( 30.11504858115219463, 2.307691654777972001, 2.235467211167384338 ) ) ;
#709 = CARTESIAN_POINT ( 'NONE',  ( -12.66835739294358198, 0.03031710865300546454, -22.41674710766518430 ) ) ;
#710 = CARTESIAN_POINT ( 'NONE',  ( -30.24919073626372423, 2.369556863813865544, 0.9356032541846048822 ) ) ;
#711 = DIRECTION ( 'NONE',  ( -1.000000000000000000, -6.245004513516504751E-15, 0.000000000000000000 ) ) ;
#712 = AXIS2_PLACEMENT_3D ( 'NONE', #1, #869, #3271 ) ;
#713 = CARTESIAN_POINT ( 'NONE',  ( -26.08157976306195636, 0.9173347098895557883, -11.46425962041009505 ) ) ;
#714 = CIRCLE ( 'NONE', #1805, 3.000000000000000444 ) ;
#715 = ORIENTED_EDGE ( 'NONE', *, *, #995, .F. ) ;
#716 = ORIENTED_EDGE ( 'NONE', *, *, #3576, .T. ) ;
#717 =( GEOMETRIC_REPRESENTATION_CONTEXT ( 3 ) GLOBAL_UNCERTAINTY_ASSIGNED_CONTEXT ( ( #244 ) ) GLOBAL_UNIT_ASSIGNED_CONTEXT ( ( #3186, #2603, #121 ) ) REPRESENTATION_CONTEXT ( 'NONE', 'WORKASPACE' ) );
#718 = CARTESIAN_POINT ( 'NONE',  ( -16.17141143561391914, -17.41446177207939172, -11.08863497856995828 ) ) ;
#719 = FACE_OUTER_BOUND ( 'NONE', #138, .T. ) ;
#720 = CIRCLE ( 'NONE', #2573, 28.99999999999388933 ) ;
#721 = DIRECTION ( 'NONE',  ( -1.000000000000000000, 0.000000000000000000, 0.000000000000000000 ) ) ;
#722 = ADVANCED_FACE ( 'NONE', ( #3514 ), #702, .T. ) ;
#723 = CARTESIAN_POINT ( 'NONE',  ( 24.95216196666088138, -3.479346374485559945, 8.787027744814482233 ) ) ;
#724 = AXIS2_PLACEMENT_3D ( 'NONE', #2937, #215, #1438 ) ;
#725 = CARTESIAN_POINT ( 'NONE',  ( 2.756157414537846684, 0.8056534255181012627, 28.67444411891389322 ) ) ;
#726 = PRODUCT ( 'Заливка Zima2-В', 'Заливка Zima2-В', '', ( #3728 ) ) ;
#727 = CARTESIAN_POINT ( 'NONE',  ( -28.86550224227363870, 1.786406351946361326, 6.943262600414091601 ) ) ;
#728 = CARTESIAN_POINT ( 'NONE',  ( -11.17612128998085907, -16.68813564716181119, -15.20999994006120026 ) ) ;
#729 = EDGE_CURVE ( 'NONE', #2835, #1999, #2425, .T. ) ;
#730 = CARTESIAN_POINT ( 'NONE',  ( 26.42520420184043672, -2.718228004848828760, 7.260351955655488077 ) ) ;
#731 = PLANE ( 'NONE',  #3058 ) ;
#732 = DIRECTION ( 'NONE',  ( 0.2424285716553992165, 1.682186137992586178E-15, -0.9701692572150094618 ) ) ;
#733 = CARTESIAN_POINT ( 'NONE',  ( -23.81457223705708515, -3.945096599467821097, -9.617922691141624014 ) ) ;
#734 = DIRECTION ( 'NONE',  ( 4.462356454316048796E-06, 3.096381799795152205E-20, -0.9999999999900436309 ) ) ;
#735 = CARTESIAN_POINT ( 'NONE',  ( -11.50002008048450008, -27.00000000000007816, 4.499947593644455957 ) ) ;
#736 = ORIENTED_EDGE ( 'NONE', *, *, #2508, .T. ) ;
#737 = ORIENTED_EDGE ( 'NONE', *, *, #3600, .F. ) ;
#738 = EDGE_LOOP ( 'NONE', ( #1399, #1135, #740, #574 ) ) ;
#739 = CARTESIAN_POINT ( 'NONE',  ( -11.23054100345580686, -18.34523779385162001, -14.97785543795422569 ) ) ;
#740 = ORIENTED_EDGE ( 'NONE', *, *, #1706, .T. ) ;
#741 = CARTESIAN_POINT ( 'NONE',  ( 16.00786191057766672, -14.99999999999988631, -11.49992965629644281 ) ) ;
#742 = DIRECTION ( 'NONE',  ( 0.000000000000000000, -0.000000000000000000, -1.000000000000000000 ) ) ;
#743 = CARTESIAN_POINT ( 'NONE',  ( 29.89435823773218459, 2.208439802231850990, 3.661981563412546326 ) ) ;
#744 = CARTESIAN_POINT ( 'NONE',  ( -6.906287383052934992, 0.08931657985878119210, 26.72195300289861919 ) ) ;
#745 = EDGE_CURVE ( 'NONE', #672, #1521, #3106, .T. ) ;
#746 = CARTESIAN_POINT ( 'NONE',  ( -16.50007362871232175, -5.000000000000226485, 16.49992528174270845 ) ) ;
#747 = PRODUCT_CONTEXT ( 'NONE', #3035, 'mechanical' ) ;
#748 = CARTESIAN_POINT ( 'NONE',  ( -16.01342429855778704, -15.49417309608679538, -11.48696293640750454 ) ) ;
#749 = CARTESIAN_POINT ( 'NONE',  ( 26.84747095508906867, -2.470943713065906877, 6.707956636484735391 ) ) ;
#750 = FACE_OUTER_BOUND ( 'NONE', #3455, .T. ) ;
#751 = EDGE_CURVE ( 'NONE', #1484, #3564, #1722, .T. ) ;
#752 = DIRECTION ( 'NONE',  ( 4.462356453793781833E-06, 6.939203542018084264E-16, -0.9999999999900438530 ) ) ;
#753 = CARTESIAN_POINT ( 'NONE',  ( -21.92989590465387195, -4.550437397928549288, -10.63663964269539264 ) ) ;
#754 = DIRECTION ( 'NONE',  ( -6.938893903915479863E-15, 1.000000000000000000, -0.000000000000000000 ) ) ;
#755 = CARTESIAN_POINT ( 'NONE',  ( -25.17508372831500552, 0.7082102469737046047, -12.42667705354309682 ) ) ;
#756 = ORIENTED_EDGE ( 'NONE', *, *, #3414, .F. ) ;
#757 = CARTESIAN_POINT ( 'NONE',  ( -10.13691154080659196, -4.249599005145634045, 22.94262811925857193 ) ) ;
#758 = ORIENTED_EDGE ( 'NONE', *, *, #3242, .T. ) ;
#759 = VERTEX_POINT ( 'NONE', #2356 ) ;
#760 = CARTESIAN_POINT ( 'NONE',  ( 11.40306271064188337, -21.38379603903000614, -14.03046058284921571 ) ) ;
#761 = VERTEX_POINT ( 'NONE', #299 ) ;
#762 = CARTESIAN_POINT ( 'NONE',  ( -1.499999999986399768, 60.44193893134606554, 14.49999685643533276 ) ) ;
#763 = CARTESIAN_POINT ( 'NONE',  ( 27.72664105893144182, 0.4243650996490496707, 5.293595650346136772 ) ) ;
#764 = CARTESIAN_POINT ( 'NONE',  ( -9.847705309823682640, -0.5606389310435110351, 23.49613886087299974 ) ) ;
#765 = CARTESIAN_POINT ( 'NONE',  ( 20.49527560260294479, 0.04915507173642343075, 15.76481984948193826 ) ) ;
#766 = ORIENTED_EDGE ( 'NONE', *, *, #1758, .F. ) ;
#767 = CIRCLE ( 'NONE', #3424, 31.99999999999417355 ) ;
#768 = DIRECTION ( 'NONE',  ( 1.000000000000000000, 6.938893903915479074E-15, 0.000000000000000000 ) ) ;
#769 = CARTESIAN_POINT ( 'NONE',  ( 27.90954000937600910, -1.776663520092511384, 4.900676072568796116 ) ) ;
#770 = CARTESIAN_POINT ( 'NONE',  ( 0.2027767801535366177, 61.01607435108070376, 12.99995709649057396 ) ) ;
#771 = AXIS2_PLACEMENT_3D ( 'NONE', #2641, #1383, #2340 ) ;
#772 = CARTESIAN_POINT ( 'NONE',  ( 4.192763862827285415, -0.7672151580600662379, -23.21326002120545695 ) ) ;
#773 = CARTESIAN_POINT ( 'NONE',  ( -20.22708793685299256, -4.876200133311614948, -11.17781171919477146 ) ) ;
#774 = FACE_OUTER_BOUND ( 'NONE', #1955, .T. ) ;
#775 = CARTESIAN_POINT ( 'NONE',  ( 0.000000000000000000, 200.0000000000000000, -3.000000000000000444 ) ) ;
#776 = AXIS2_PLACEMENT_3D ( 'NONE', #3163, #1986, #1965 ) ;
#777 = EDGE_CURVE ( 'NONE', #579, #1137, #1337, .T. ) ;
#778 = AXIS2_PLACEMENT_3D ( 'NONE', #2285, #447, #3211 ) ;
#779 = VERTEX_POINT ( 'NONE', #840 ) ;
#780 = EDGE_LOOP ( 'NONE', ( #3216, #2761, #2173 ) ) ;
#781 = EDGE_CURVE ( 'NONE', #434, #2882, #2795, .T. ) ;
#782 = ORIENTED_EDGE ( 'NONE', *, *, #3144, .T. ) ;
#783 = CARTESIAN_POINT ( 'NONE',  ( 12.10351786327815127, -15.56450135298857873, -11.49994707808451366 ) ) ;
#784 = AXIS2_PLACEMENT_3D ( 'NONE', #3241, #2360, #1746 ) ;
#785 = CARTESIAN_POINT ( 'NONE',  ( -27.03576845694957953, -2.355353145783361857, -6.437462860406590437 ) ) ;
#786 = CARTESIAN_POINT ( 'NONE',  ( 19.87487142938840989, -4.921051454509512091, 11.25810172330670156 ) ) ;
#787 = AXIS2_PLACEMENT_3D ( 'NONE', #2466, #3048, #1296 ) ;
#788 = CARTESIAN_POINT ( 'NONE',  ( -7.772989113668351102, -0.1092747485319926493, 26.00876011507097374 ) ) ;
#789 = CARTESIAN_POINT ( 'NONE',  ( 23.86144620678949835, 0.4488849351792667530, 13.62125155918598018 ) ) ;
#790 = ORIENTED_EDGE ( 'NONE', *, *, #916, .T. ) ;
#791 = TOROIDAL_SURFACE ( 'NONE', #2878, 16.50000000000000711, 5.000000000000000000 ) ;
#792 = CYLINDRICAL_SURFACE ( 'NONE', #1343, 7.000000000000000888 ) ;
#793 = CARTESIAN_POINT ( 'NONE',  ( 27.59030121641884747, -2.002089313544181515, -5.561312748744474455 ) ) ;
#794 = CARTESIAN_POINT ( 'NONE',  ( -0.1018292447225460640, 61.01605012172049669, 13.00001677959723878 ) ) ;
#795 = CARTESIAN_POINT ( 'NONE',  ( 5.479415498394917705, 0.3128813517136432298, -26.51157699943104618 ) ) ;
#796 = CARTESIAN_POINT ( 'NONE',  ( -11.50007362876210415, -5.000000000000184741, 16.49994759352498974 ) ) ;
#797 = DIRECTION ( 'NONE',  ( -6.938893903915479863E-15, 1.000000000000000000, -0.000000000000000000 ) ) ;
#798 = CARTESIAN_POINT ( 'NONE',  ( 17.49999999988758148, -14.99999999999987743, 7.700214825490103721E-05 ) ) ;
#799 = CARTESIAN_POINT ( 'NONE',  ( 11.50005577934639511, -49.99999999999992184, -12.49994977194718260 ) ) ;
#800 = EDGE_CURVE ( 'NONE', #1658, #3174, #2109, .T. ) ;
#801 = ORIENTED_EDGE ( 'NONE', *, *, #1262, .T. ) ;
#802 = EDGE_LOOP ( 'NONE', ( #3517, #3073, #1802, #1700 ) ) ;
#803 = CARTESIAN_POINT ( 'NONE',  ( 11.50005676377986319, -23.66116316048223567, -12.72055824733393692 ) ) ;
#804 = ADVANCED_FACE ( 'NONE', ( #202 ), #163, .F. ) ;
#805 = CARTESIAN_POINT ( 'NONE',  ( -28.04834437710689343, -1.677321846212307621, -4.594576796817481323 ) ) ;
#806 = CARTESIAN_POINT ( 'NONE',  ( -4.876577168864298706, -1.768619701720721027, 27.92094751519879381 ) ) ;
#807 = CARTESIAN_POINT ( 'NONE',  ( -6.062615574054786904, 68.84523652349345468, 9.248660145466170907E-16 ) ) ;
#808 = VERTEX_POINT ( 'NONE', #1139 ) ;
#809 = DIRECTION ( 'NONE',  ( -6.938893903915479074E-15, 1.000000000000000000, -0.000000000000000000 ) ) ;
#810 = CARTESIAN_POINT ( 'NONE',  ( 19.89767967521729375, -4.918613714213725174, 11.25347159868025315 ) ) ;
#811 = CARTESIAN_POINT ( 'NONE',  ( -0.4019461486161665098, 60.99525024855481092, 13.05134718222720736 ) ) ;
#812 = CARTESIAN_POINT ( 'NONE',  ( -3.703077062411429310, -0.7716397980605812501, -23.39187782394016324 ) ) ;
#813 = FACE_OUTER_BOUND ( 'NONE', #2989, .T. ) ;
#814 = DIRECTION ( 'NONE',  ( 3.326044119846864873E-06, 0.6666666666835847632, -0.7453559924773768275 ) ) ;
#815 = FACE_OUTER_BOUND ( 'NONE', #3703, .T. ) ;
#816 =( BOUNDED_SURFACE ( )  B_SPLINE_SURFACE ( 3, 2, ( 
 ( #3425, #2590, #1352 ),
 ( #127, #3145, #448 ),
 ( #1648, #3733, #709 ),
 ( #1855, #2527, #1032 ),
 ( #2248, #614, #412 ),
 ( #1054, #2569, #1671 ),
 ( #2871, #1375, #3774 ),
 ( #3642, #2137, #3032 ),
 ( #317, #629, #1608 ),
 ( #2815, #506, #2607 ),
 ( #1129, #3556, #2012 ),
 ( #2070, #2348, #2047 ),
 ( #1471, #3831, #2308 ),
 ( #3536, #812, #3793 ),
 ( #3212, #474, #2956 ),
 ( #2287, #3847, #1072 ),
 ( #3272, #2028, #3228 ),
 ( #1714, #549, #1393 ),
 ( #1771, #3484, #3248 ),
 ( #529, #2974, #246 ),
 ( #2329, #1696, #1148 ),
 ( #2366, #2665, #1732 ),
 ( #1754, #2629, #1094 ),
 ( #2686, #174, #2935 ),
 ( #212, #830, #3505 ),
 ( #2648, #772, #795 ),
 ( #230, #1453, #1989 ),
 ( #1436, #850, #3190 ),
 ( #491, #2894, #2912 ),
 ( #190, #1413, #3813 ),
 ( #1113, #3521, #2734 ),
 ( #2406, #3635, #269 ),
 ( #3307, #3025, #927 ),
 ( #1497, #308, #1566 ),
 ( #2704, #2161, #3612 ),
 ( #2104, #3, #607 ),
 ( #590, #1790, #328 ),
 ( #1529, #1514, #2995 ),
 ( #3358, #3890, #1191 ),
 ( #3651, #942, #3868 ) ),
 .UNSPECIFIED., .F., .F., .F. ) 
 B_SPLINE_SURFACE_WITH_KNOTS ( ( 4, 2, 2, 2, 2, 2, 2, 2, 2, 2, 2, 2, 2, 2, 2, 2, 2, 2, 2, 4 ),
 ( 3, 3 ),
 ( 0.000000000000000000, 0.004399353578034814402, 0.005499191972543518436, 0.006599030367052221603, 0.008798707156069628804, 0.01099838394508703687, 0.01209822233959573917, 0.01319806073410444321, 0.01539773752312184954, 0.01649757591763055531, 0.01759741431213925761, 0.02199676789017407375, 0.02309660628468277604, 0.02419644467919147834, 0.02639612146820888641, 0.02749595986271759218, 0.02859579825722629448, 0.03079547504624369908, 0.03299515183526111062, 0.03519482862427851522 ),
 ( 0.000000000000000000, 1.000000000000000000 ),
 .UNSPECIFIED. ) 
 GEOMETRIC_REPRESENTATION_ITEM ( )  RATIONAL_B_SPLINE_SURFACE ( (
 ( 1.000000000000000000, 0.7071067811865473507, 1.000000000000000000),
 ( 1.000000000000000000, 0.7244619077297843601, 1.000000000000000000),
 ( 1.000000000000000000, 0.7397645551854193924, 1.000000000000000000),
 ( 1.000000000000000000, 0.7566652608508636080, 1.000000000000000000),
 ( 1.000000000000000000, 0.7599326567881106165, 1.000000000000000000),
 ( 1.000000000000000000, 0.7662429875296969950, 1.000000000000000000),
 ( 1.000000000000000000, 0.7692957195914904567, 1.000000000000000000),
 ( 1.000000000000000000, 0.7779919932607362032, 1.000000000000000000),
 ( 1.000000000000000000, 0.7832084400851614392, 1.000000000000000000),
 ( 1.000000000000000000, 0.7925517099503768259, 1.000000000000000000),
 ( 1.000000000000000000, 0.7966783430721393611, 1.000000000000000000),
 ( 1.000000000000000000, 0.8020532259681827369, 1.000000000000000000),
 ( 1.000000000000000000, 0.8037123260407473824, 1.000000000000000000),
 ( 1.000000000000000000, 0.8067117635178239210, 1.000000000000000000),
 ( 1.000000000000000000, 0.8080578421908479747, 1.000000000000000000),
 ( 1.000000000000000000, 0.8116483232213062005, 1.000000000000000000),
 ( 1.000000000000000000, 0.8134472056088122294, 1.000000000000000000),
 ( 1.000000000000000000, 0.8152635485346818589, 1.000000000000000000),
 ( 1.000000000000000000, 0.8157214372982265482, 1.000000000000000000),
 ( 1.000000000000000000, 0.8163368454307659006, 1.000000000000000000),
 ( 1.000000000000000000, 0.8164936650242194949, 1.000000000000000000),
 ( 1.000000000000000000, 0.8165081761454073828, 1.000000000000000000),
 ( 1.000000000000000000, 0.8141323683010007750, 1.000000000000000000),
 ( 1.000000000000000000, 0.8081446575310085034, 1.000000000000000000),
 ( 1.000000000000000000, 0.8067876693219737660, 1.000000000000000000),
 ( 1.000000000000000000, 0.8037978859575132251, 1.000000000000000000),
 ( 1.000000000000000000, 0.8021631207652859530, 1.000000000000000000),
 ( 1.000000000000000000, 0.7968432768007124301, 1.000000000000000000),
 ( 1.000000000000000000, 0.7927447939868091931, 1.000000000000000000),
 ( 1.000000000000000000, 0.7857463173410581536, 1.000000000000000000),
 ( 1.000000000000000000, 0.7832711708142595652, 1.000000000000000000),
 ( 1.000000000000000000, 0.7780256120501670702, 1.000000000000000000),
 ( 1.000000000000000000, 0.7752458805303162892, 1.000000000000000000),
 ( 1.000000000000000000, 0.7665687433566497067, 1.000000000000000000),
 ( 1.000000000000000000, 0.7603090797110854115, 1.000000000000000000),
 ( 1.000000000000000000, 0.7468174481954272803, 1.000000000000000000),
 ( 1.000000000000000000, 0.7395857637605911528, 1.000000000000000000),
 ( 1.000000000000000000, 0.7240670041646015687, 1.000000000000000000),
 ( 1.000000000000000000, 0.7157697641922958764, 1.000000000000000000),
 ( 1.000000000000000000, 0.7071067811865471286, 1.000000000000000000) ) ) 
 REPRESENTATION_ITEM ( '' )  SURFACE ( )  );
#817 = DIRECTION ( 'NONE',  ( -0.000000000000000000, -1.000000000000000000, -0.000000000000000000 ) ) ;
#818 = ORIENTED_EDGE ( 'NONE', *, *, #995, .T. ) ;
#819 = ORIENTED_EDGE ( 'NONE', *, *, #3626, .F. ) ;
#820 = DIRECTION ( 'NONE',  ( -1.000000000000000000, -6.938893903980740748E-15, 4.440892466822868044E-15 ) ) ;
#821 = LINE ( 'NONE', #2322, #2618 ) ;
#822 = EDGE_CURVE ( 'NONE', #2746, #2763, #2598, .T. ) ;
#823 = CARTESIAN_POINT ( 'NONE',  ( -1.967934513633498250, 0.8784821380452336737, 28.83850293485467375 ) ) ;
#824 = CARTESIAN_POINT ( 'NONE',  ( 19.25440819429388384, 2.171340725854821357E-14, 16.29769286816739893 ) ) ;
#825 = ORIENTED_EDGE ( 'NONE', *, *, #2095, .F. ) ;
#826 = DIRECTION ( 'NONE',  ( -6.938893903915479863E-15, 1.000000000000000000, -0.000000000000000000 ) ) ;
#827 = CARTESIAN_POINT ( 'NONE',  ( 18.79756061249008070, -4.999999999999982236, 11.43272112863050083 ) ) ;
#828 = EDGE_CURVE ( 'NONE', #1739, #1653, #1477, .T. ) ;
#829 = LINE ( 'NONE', #2955, #3862 ) ;
#830 = CARTESIAN_POINT ( 'NONE',  ( 3.689509924626571458, -0.7717392759712586869, -23.39651392869777524 ) ) ;
#831 = DIRECTION ( 'NONE',  ( 1.000000000000000000, 6.938893903915479074E-15, 0.000000000000000000 ) ) ;
#832 = CARTESIAN_POINT ( 'NONE',  ( -15.76453585309263872, 0.04919023091410863052, 20.49588008756123259 ) ) ;
#833 = DIRECTION ( 'NONE',  ( -1.224646799147353207E-16, -8.497694209053172746E-31, 1.000000000000000000 ) ) ;
#834 = AXIS2_PLACEMENT_3D ( 'NONE', #1297, #1588, #2192 ) ;
#835 = EDGE_LOOP ( 'NONE', ( #134, #1199, #1635, #1573, #2656, #2612, #2272, #1057 ) ) ;
#836 = PRESENTATION_LAYER_ASSIGNMENT (  '', '', ( #2113 ) ) ;
#837 =( NAMED_UNIT ( * ) PLANE_ANGLE_UNIT ( ) SI_UNIT ( $, .RADIAN. ) );
#838 = ORIENTED_EDGE ( 'NONE', *, *, #3834, .F. ) ;
#839 = CIRCLE ( 'NONE', #3053, 6.999999999999999112 ) ;
#840 = CARTESIAN_POINT ( 'NONE',  ( 28.99999999999360156, 41.00000000000010658, 3.735172737398696267E-15 ) ) ;
#841 = CARTESIAN_POINT ( 'NONE',  ( -16.03549713899550611, -15.98735051137080809, -11.43449834824031797 ) ) ;
#842 = AXIS2_PLACEMENT_3D ( 'NONE', #1657, #3529, #820 ) ;
#843 = CARTESIAN_POINT ( 'NONE',  ( 16.49992637095913395, -4.999999999999997335, 16.50007253950568398 ) ) ;
#844 = EDGE_CURVE ( 'NONE', #1680, #2253, #2760, .T. ) ;
#845 = ORIENTED_EDGE ( 'NONE', *, *, #1622, .F. ) ;
#846 = FACE_OUTER_BOUND ( 'NONE', #3528, .T. ) ;
#847 = DIRECTION ( 'NONE',  ( 0.9967526809328371984, 6.224724991285245904E-15, 0.08052386635775538037 ) ) ;
#848 = AXIS2_PLACEMENT_3D ( 'NONE', #3143, #428, #3712 ) ;
#849 = CARTESIAN_POINT ( 'NONE',  ( 1.206488626143310317, 60.77698667643392128, 13.60351728428256912 ) ) ;
#850 = CARTESIAN_POINT ( 'NONE',  ( 5.166192972745209389, -0.7528163926042159559, -22.79010656874437757 ) ) ;
#851 = AXIS2_PLACEMENT_3D ( 'NONE', #1738, #1179, #875 ) ;
#852 = CARTESIAN_POINT ( 'NONE',  ( 11.27254182291132700, -4.931915439839222870, 19.88782437305433959 ) ) ;
#853 = EDGE_CURVE ( 'NONE', #1150, #3821, #3856, .T. ) ;
#854 = CARTESIAN_POINT ( 'NONE',  ( -4.744468706796567403E-13, 68.00000000002098943, 0.000000000000000000 ) ) ;
#855 = CARTESIAN_POINT ( 'NONE',  ( -16.29763835706136277, -2.201512745296811333E-13, 19.25456634763169816 ) ) ;
#856 = CARTESIAN_POINT ( 'NONE',  ( 5.434133169146333486, -4.579929381685645673, -22.64808872497890846 ) ) ;
#857 = CIRCLE ( 'NONE', #656, 5.000000000000000888 ) ;
#858 = CARTESIAN_POINT ( 'NONE',  ( -20.40055741244511012, -0.5298045432840842173, 11.14448326372903253 ) ) ;
#859 = DIRECTION ( 'NONE',  ( 0.000000000000000000, 0.000000000000000000, -1.000000000000000000 ) ) ;
#860 = EDGE_LOOP ( 'NONE', ( #1840, #2415, #3916, #1186 ) ) ;
#861 = ORIENTED_EDGE ( 'NONE', *, *, #1993, .F. ) ;
#862 = FACE_OUTER_BOUND ( 'NONE', #1100, .T. ) ;
#863 = ORIENTED_EDGE ( 'NONE', *, *, #2118, .T. ) ;
#864 = CARTESIAN_POINT ( 'NONE',  ( -28.99999999999432276, 61.99999999992608224, 0.000000000000000000 ) ) ;
#865 = CARTESIAN_POINT ( 'NONE',  ( 28.66476114714766155, 1.714800172912327225, 7.358803995254410424 ) ) ;
#866 = ORIENTED_EDGE ( 'NONE', *, *, #2473, .F. ) ;
#867 = CARTESIAN_POINT ( 'NONE',  ( -0.6661183773302480349, 40.66886540384446391, 30.37751169418242014 ) ) ;
#868 = ADVANCED_FACE ( 'NONE', ( #3086 ), #258, .F. ) ;
#869 = DIRECTION ( 'NONE',  ( 0.9999999999900438530, 6.938893903838143095E-15, 4.462356453793780139E-06 ) ) ;
#870 = DIRECTION ( 'NONE',  ( -1.000000000000000000, -9.251858538542970644E-15, 0.000000000000000000 ) ) ;
#871 = CARTESIAN_POINT ( 'NONE',  ( 30.02606042997089375, 54.81907786237189129, 3.677131879656933379E-15 ) ) ;
#872 = CARTESIAN_POINT ( 'NONE',  ( 31.99999999999373657, 61.99999999992650146, 3.918869757270815555E-15 ) ) ;
#873 = EDGE_CURVE ( 'NONE', #2255, #1718, #513, .T. ) ;
#874 = CARTESIAN_POINT ( 'NONE',  ( -25.95302322139160722, 0.8902961066733563467, 11.58788984315196835 ) ) ;
#875 = DIRECTION ( 'NONE',  ( 1.000000000000000000, 0.000000000000000000, 1.224646799147354440E-16 ) ) ;
#876 = ORIENTED_EDGE ( 'NONE', *, *, #3902, .T. ) ;
#877 = ORIENTED_EDGE ( 'NONE', *, *, #1597, .F. ) ;
#878 = CARTESIAN_POINT ( 'NONE',  ( 30.24999726872165695, 2.369932108664368542, -0.8925614515006849992 ) ) ;
#879 = ORIENTED_EDGE ( 'NONE', *, *, #2829, .F. ) ;
#880 = CARTESIAN_POINT ( 'NONE',  ( -17.49997991915991236, -15.00000000000012079, -4.500079180160990511 ) ) ;
#881 = VERTEX_POINT ( 'NONE', #2511 ) ;
#882 = DIRECTION ( 'NONE',  ( -0.9967526709096348192, -6.916361031878112203E-15, -0.08052399042837857235 ) ) ;
#883 = CARTESIAN_POINT ( 'NONE',  ( -16.44650900636757029, -5.000000000000226485, 18.82849812128383604 ) ) ;
#884 = CARTESIAN_POINT ( 'NONE',  ( -17.49992637088256942, -2.324524348765142192E-13, -16.50007918004153140 ) ) ;
#885 = FACE_OUTER_BOUND ( 'NONE', #2547, .T. ) ;
#886 = PLANE ( 'NONE',  #1688 ) ;
#887 = PLANE ( 'NONE',  #956 ) ;
#888 = CARTESIAN_POINT ( 'NONE',  ( -17.49999999976390441, -22.00000000000012079, -7.918032764175908511E-05 ) ) ;
#889 = B_SPLINE_CURVE_WITH_KNOTS ( 'NONE', 3,
 ( #1449, #824, #3477, #765, #1982, #2888, #3786, #789, #2007, #2381, #3571, #1165, #1466, #1766, #3861, #865, #2969, #240, #2679, #2082, #545, #708, #3384, #1009, #1925, #3083 ),
 .UNSPECIFIED., .F., .F.,
 ( 4, 2, 2, 2, 2, 2, 2, 2, 2, 2, 2, 2, 4 ),
 ( 2.642051970200922131E-22, 0.001352555969935518481, 0.002705111939871036961, 0.005410223879742076525, 0.006762779849677593054, 0.008115335819613109583, 0.01082044775948414264, 0.01352555969935517917, 0.01487811566929069830, 0.01623067163922621917, 0.01893578357909726090, 0.02028833954903278350, 0.02164089551896830610 ),
 .UNSPECIFIED. ) ;
#890 = CIRCLE ( 'NONE', #2228, 16.50000000000000711 ) ;
#891 = CARTESIAN_POINT ( 'NONE',  ( -27.99134121933307995, 1.476645686989552342, 8.723758682070609893 ) ) ;
#892 = CARTESIAN_POINT ( 'NONE',  ( 16.00788422236022157, -56.99999999999989342, -16.49992965624666041 ) ) ;
#893 = CARTESIAN_POINT ( 'NONE',  ( -18.42602588968057020, -5.000000000000238032, 11.46257653501172413 ) ) ;
#894 = EDGE_CURVE ( 'NONE', #3604, #434, #2990, .T. ) ;
#895 = AXIS2_PLACEMENT_3D ( 'NONE', #1916, #2517, #1341 ) ;
#896 = EDGE_LOOP ( 'NONE', ( #2513, #2353, #1422, #2514, #1876 ) ) ;
#897 = CARTESIAN_POINT ( 'NONE',  ( 30.24999999975603160, 2.369935205367067255, 2.383622202704227131E-11 ) ) ;
#898 = CIRCLE ( 'NONE', #3359, 4.999999999999999112 ) ;
#899 = VERTEX_POINT ( 'NONE', #3678 ) ;
#900 = ORIENTED_EDGE ( 'NONE', *, *, #873, .T. ) ;
#901 = VECTOR ( 'NONE', #2186, 1000.000000000000000 ) ;
#902 = DIRECTION ( 'NONE',  ( -1.000000000000000000, -6.938893903980741537E-15, 0.000000000000000000 ) ) ;
#903 = CARTESIAN_POINT ( 'NONE',  ( 8.351483109433869956, 0.2079363992013243123, -25.35650245979104866 ) ) ;
#904 = CARTESIAN_POINT ( 'NONE',  ( 24.09269156471298601, 0.4841427915132067716, -13.45032714517384775 ) ) ;
#905 = AXIS2_PLACEMENT_3D ( 'NONE', #3900, #1220, #3570 ) ;
#906 = CARTESIAN_POINT ( 'NONE',  ( -16.50007362871232175, -5.000000000000226485, 16.49992528174270845 ) ) ;
#907 = CARTESIAN_POINT ( 'NONE',  ( 17.49999999988751043, -4.999999999999990230, 7.700214825490103721E-05 ) ) ;
#908 = CARTESIAN_POINT ( 'NONE',  ( -12.09102812312990594, -16.39467390456839979, -11.36712140924518089 ) ) ;
#909 = CARTESIAN_POINT ( 'NONE',  ( 10.60903861780613333, -4.534941417408004938, 21.95282936307043187 ) ) ;
#910 = AXIS2_PLACEMENT_3D ( 'NONE', #2181, #3418, #3120 ) ;
#911 = CARTESIAN_POINT ( 'NONE',  ( -17.49994868266480452, -5.000000000000233591, -11.50007918009129781 ) ) ;
#912 = CONICAL_SURFACE ( 'NONE', #17, 30.02606042997127034, 1.221730476396026832 ) ;
#913 = DIRECTION ( 'NONE',  ( -4.462356453843344272E-06, -3.096381799467148280E-20, 0.9999999999900437420 ) ) ;
#914 = CARTESIAN_POINT ( 'NONE',  ( 16.00788422235985919, -4.999999999999997335, -16.49992965624666041 ) ) ;
#915 = AXIS2_PLACEMENT_3D ( 'NONE', #232, #532, #1415 ) ;
#916 = EDGE_CURVE ( 'NONE', #1984, #459, #1856, .T. ) ;
#917 = VERTEX_POINT ( 'NONE', #2742 ) ;
#918 =( NAMED_UNIT ( * ) SI_UNIT ( $, .STERADIAN. ) SOLID_ANGLE_UNIT ( ) );
#919 = VERTEX_POINT ( 'NONE', #391 ) ;
#920 = VERTEX_POINT ( 'NONE', #51 ) ;
#921 = EDGE_CURVE ( 'NONE', #3837, #2172, #1276, .T. ) ;
#922 = DIRECTION ( 'NONE',  ( -1.000000000000000000, 0.000000000000000000, 0.000000000000000000 ) ) ;
#923 = DIRECTION ( 'NONE',  ( -6.938893903915479074E-15, 1.000000000000000000, 6.018531076150186651E-36 ) ) ;
#924 = CARTESIAN_POINT ( 'NONE',  ( 21.95253023609250675, 0.1759247815956830330, -14.97388816606399331 ) ) ;
#925 = ADVANCED_FACE ( 'NONE', ( #12 ), #3105, .F. ) ;
#926 = DIRECTION ( 'NONE',  ( -1.000000000000000000, -6.938893903915479074E-15, 0.000000000000000000 ) ) ;
#927 = CARTESIAN_POINT ( 'NONE',  ( 9.585427986416476642, 0.1559053201152237611, -24.67635573400653826 ) ) ;
#928 = DIRECTION ( 'NONE',  ( -6.938893903915479074E-15, 1.000000000000000000, -0.000000000000000000 ) ) ;
#929 = LINE ( 'NONE', #47, #1540 ) ;
#930 = CARTESIAN_POINT ( 'NONE',  ( -24.09269323881915881, 0.4841427915002022853, 13.45032414638965079 ) ) ;
#931 = DIRECTION ( 'NONE',  ( 6.938893903915479074E-15, -1.000000000000000000, 0.000000000000000000 ) ) ;
#932 = CARTESIAN_POINT ( 'NONE',  ( -11.17014470499121437, -4.871864500232785389, 20.25916561332535437 ) ) ;
#933 = CARTESIAN_POINT ( 'NONE',  ( -2.121320343559647270, 49.00000000001398348, 28.92230972795306343 ) ) ;
#934 = DIRECTION ( 'NONE',  ( -1.000000000000000000, -6.938893903907226800E-15, 0.000000000000000000 ) ) ;
#935 = ORIENTED_EDGE ( 'NONE', *, *, #781, .F. ) ;
#936 = ORIENTED_EDGE ( 'NONE', *, *, #853, .T. ) ;
#937 = CARTESIAN_POINT ( 'NONE',  ( -28.99999999999462830, 52.00000000001377742, 0.000000000000000000 ) ) ;
#938 = CARTESIAN_POINT ( 'NONE',  ( -4.471575110292961952, 0.3414518912595877476, -26.79132251786057139 ) ) ;
#939 = EDGE_CURVE ( 'NONE', #2129, #2835, #898, .T. ) ;
#940 = CARTESIAN_POINT ( 'NONE',  ( 20.70558084589355019, -0.5680908626586257393, -11.06363268656913590 ) ) ;
#941 = CARTESIAN_POINT ( 'NONE',  ( 9.481507785560808088, 1.329050460305890358, 27.53806285011709676 ) ) ;
#942 = CARTESIAN_POINT ( 'NONE',  ( 10.11143708316379808, -4.076600168545497303E-14, -17.97813655023391632 ) ) ;
#943 = CARTESIAN_POINT ( 'NONE',  ( 1.498484587149172764, -1.000519808918511666, 28.92558684798030200 ) ) ;
#944 = DIRECTION ( 'NONE',  ( -1.000000000000000000, -6.938893903915479074E-15, 0.000000000000000000 ) ) ;
#945 = DIRECTION ( 'NONE',  ( -6.938893903915479863E-15, 1.000000000000000000, -0.000000000000000000 ) ) ;
#946 = CARTESIAN_POINT ( 'NONE',  ( -27.98176527003613501, 1.476237213484393518, -8.705518336324454154 ) ) ;
#947 = CARTESIAN_POINT ( 'NONE',  ( 11.49997991928643160, -14.99999999999992006, 4.500050227842890216 ) ) ;
#948 = CARTESIAN_POINT ( 'NONE',  ( -0.1567107541307694862, 49.65791606343136522, 30.88691931738190988 ) ) ;
#949 = VECTOR ( 'NONE', #293, 1000.000000000000000 ) ;
#950 = ORIENTED_EDGE ( 'NONE', *, *, #921, .F. ) ;
#951 = ORIENTED_EDGE ( 'NONE', *, *, #580, .T. ) ;
#952 = CIRCLE ( 'NONE', #1910, 7.000000000000000000 ) ;
#953 = ORIENTED_EDGE ( 'NONE', *, *, #1655, .T. ) ;
#954 = CIRCLE ( 'NONE', #382, 5.000000000000000888 ) ;
#955 = LINE ( 'NONE', #1018, #140 ) ;
#956 = AXIS2_PLACEMENT_3D ( 'NONE', #3672, #295, #665 ) ;
#957 = CARTESIAN_POINT ( 'NONE',  ( -6.794616126241218801, 0.2692390974576034934, -26.06201765279659810 ) ) ;
#958 = CARTESIAN_POINT ( 'NONE',  ( 28.64098106786250497, -1.229863075073117873, -2.873361570010785737 ) ) ;
#959 = CARTESIAN_POINT ( 'NONE',  ( 0.8032190422965224119, 0.9521393485050865246, 28.99907935808303350 ) ) ;
#960 = AXIS2_PLACEMENT_3D ( 'NONE', #1528, #3610, #2973 ) ;
#961 = EDGE_CURVE ( 'NONE', #459, #3586, #131, .T. ) ;
#962 = CARTESIAN_POINT ( 'NONE',  ( -30.24999719138950738, 2.369932020978286591, 0.8925612870826761247 ) ) ;
#963 = CARTESIAN_POINT ( 'NONE',  ( 6.747834731524461560, -2.480866167247832266, 26.83856984472900820 ) ) ;
#964 = CARTESIAN_POINT ( 'NONE',  ( 18.79088720931994416, -4.999999999234007397, 11.43326018843583292 ) ) ;
#965 = DIRECTION ( 'NONE',  ( -1.000000000000000000, -6.938893903915479074E-15, 0.000000000000000000 ) ) ;
#966 = AXIS2_PLACEMENT_3D ( 'NONE', #2516, #374, #55 ) ;
#967 = DIRECTION ( 'NONE',  ( 6.938893903915479074E-15, -1.000000000000000000, 0.000000000000000000 ) ) ;
#968 = EDGE_CURVE ( 'NONE', #2080, #2469, #3401, .T. ) ;
#969 = CARTESIAN_POINT ( 'NONE',  ( 7.931630182670136087, -4.838491919152581922, -20.84279357573861802 ) ) ;
#970 = CIRCLE ( 'NONE', #1808, 5.000000000000000888 ) ;
#971 = CARTESIAN_POINT ( 'NONE',  ( -29.26978287828283243, 1.946724249417893793, -5.847055906267070391 ) ) ;
#972 = CARTESIAN_POINT ( 'NONE',  ( -17.49999999976390441, -22.00000000000012079, -7.918032764175908511E-05 ) ) ;
#973 = DIRECTION ( 'NONE',  ( 0.9999999999900437420, 6.938893903838141517E-15, 4.462356453793780139E-06 ) ) ;
#974 = AXIS2_PLACEMENT_3D ( 'NONE', #1611, #627, #351 ) ;
#975 = VERTEX_POINT ( 'NONE', #613 ) ;
#976 = ORIENTED_EDGE ( 'NONE', *, *, #1912, .F. ) ;
#977 = TOROIDAL_SURFACE ( 'NONE', #1812, 4.500000000000006217, 7.000000000000000000 ) ;
#978 = VERTEX_POINT ( 'NONE', #1314 ) ;
#979 = CIRCLE ( 'NONE', #915, 2.999999999999999556 ) ;
#980 = ORIENTED_EDGE ( 'NONE', *, *, #3669, .F. ) ;
#981 = FACE_OUTER_BOUND ( 'NONE', #2056, .T. ) ;
#982 = DIRECTION ( 'NONE',  ( -4.462356454487670376E-06, -3.096381799910560548E-20, 0.9999999999900438530 ) ) ;
#983 = CARTESIAN_POINT ( 'NONE',  ( 28.99922867324624320, -0.9379025190826720815, -0.7329038721525082956 ) ) ;
#984 = CARTESIAN_POINT ( 'NONE',  ( 8.723760138109327045, 1.476645286898878195, 27.99134022478084560 ) ) ;
#985 = DIRECTION ( 'NONE',  ( -0.9999999999900436309, -6.938893903846393002E-15, -4.462356453843343425E-06 ) ) ;
#986 = FILL_AREA_STYLE ('',( #3328 ) ) ;
#987 = CARTESIAN_POINT ( 'NONE',  ( -12.10199355631343998, -15.56344305885220791, -11.48318809294030096 ) ) ;
#988 = CARTESIAN_POINT ( 'NONE',  ( -16.50005131693008664, -1.144915945953792787E-13, 11.49992528179248907 ) ) ;
#989 = ADVANCED_FACE ( 'NONE', ( #2530 ), #3640, .F. ) ;
#990 = B_SPLINE_CURVE_WITH_KNOTS ( 'NONE', 3,
 ( #897, #878, #2055, #2674, #1762, #222, #1138, #3017, #2947, #2079, #2097, #598, #1781, #257, #1522, #1446, #1803, #1485, #3258, #1462, #2434, #2657 ),
 .UNSPECIFIED., .F., .F.,
 ( 4, 2, 2, 2, 2, 2, 2, 2, 2, 2, 4 ),
 ( 0.02164089551896830610, 0.02434802858003990919, 0.02570159511057570900, 0.02705516164111151228, 0.02976229470218311191, 0.03246942776325471153, 0.03382299429379050787, 0.03517656082432631115, 0.03788369388539791771, 0.04059082694646951733, 0.04329796000754111696 ),
 .UNSPECIFIED. ) ;
#991 = LINE ( 'NONE', #68, #399 ) ;
#992 = CARTESIAN_POINT ( 'NONE',  ( -29.00037590751887961, -0.9369378406365374001, -0.3482662554768035101 ) ) ;
#993 = CARTESIAN_POINT ( 'NONE',  ( -7.809123273757631698E-05, -50.00000000000000000, 17.49999891025371568 ) ) ;
#994 = CARTESIAN_POINT ( 'NONE',  ( -5.139118297586985331E-14, 6.999999999999888090, 0.000000000000000000 ) ) ;
#995 = EDGE_CURVE ( 'NONE', #3293, #2080, #3268, .T. ) ;
#996 = VERTEX_POINT ( 'NONE', #2775 ) ;
#997 = ORIENTED_EDGE ( 'NONE', *, *, #3315, .F. ) ;
#998 = ORIENTED_EDGE ( 'NONE', *, *, #1213, .F. ) ;
#999 = DIRECTION ( 'NONE',  ( -0.9999999999900436309, -6.938893903846393791E-15, -4.462356453843343425E-06 ) ) ;
#1000 = CARTESIAN_POINT ( 'NONE',  ( -8.680443748224003997, 0.1946383831536613318, -25.19786765972716935 ) ) ;
#1001 = CARTESIAN_POINT ( 'NONE',  ( 23.81457343424527551, -3.945096599438341123, 9.617919727032264277 ) ) ;
#1002 = CARTESIAN_POINT ( 'NONE',  ( 7.113707233737065039, 1.758947061709382087, 28.79282979637283901 ) ) ;
#1003 = DIRECTION ( 'NONE',  ( -0.9999999999900436309, -6.938893903846393002E-15, -4.462356453843343425E-06 ) ) ;
#1004 = CARTESIAN_POINT ( 'NONE',  ( -11.49995909494633928, -20.21749194739367184, -9.166719072760898257 ) ) ;
#1005 = APPLICATION_PROTOCOL_DEFINITION ( 'draft international standard', 'automotive_design', 1998, #325 ) ;
#1006 = DIRECTION ( 'NONE',  ( 6.938893903915479074E-15, -1.000000000000000000, 0.000000000000000000 ) ) ;
#1007 = CARTESIAN_POINT ( 'NONE',  ( 29.00196078372755082, -0.9356094385302259342, 0.7069769100751942537 ) ) ;
#1008 = PRODUCT_DEFINITION_CONTEXT ( 'detailed design', #1218, 'design' ) ;
#1009 = CARTESIAN_POINT ( 'NONE',  ( 30.23330928414995711, 2.362142722692818442, 0.8925653486292458583 ) ) ;
#1010 = CARTESIAN_POINT ( 'NONE',  ( -16.00773696458708528, -5.000000000000222045, -16.50007252136049019 ) ) ;
#1011 = CARTESIAN_POINT ( 'NONE',  ( -28.72627696112995110, -1.161705950236575413, 2.520369552228295174 ) ) ;
#1012 = DIRECTION ( 'NONE',  ( -6.079406451750404018E-15, 1.000000000000000000, -2.712847861547406736E-20 ) ) ;
#1013 = DIRECTION ( 'NONE',  ( -6.938893903915479074E-15, 1.000000000000000000, -0.000000000000000000 ) ) ;
#1014 = VERTEX_POINT ( 'NONE', #735 ) ;
#1015 = ADVANCED_FACE ( 'NONE', ( #1097 ), #322, .T. ) ;
#1016 = VERTEX_POINT ( 'NONE', #775 ) ;
#1017 = ORIENTED_EDGE ( 'NONE', *, *, #1633, .F. ) ;
#1018 = CARTESIAN_POINT ( 'NONE',  ( -11.50007809111824564, -50.00000000000007816, 17.49994759315449500 ) ) ;
#1019 = VECTOR ( 'NONE', #1174, 1000.000000000000000 ) ;
#1020 = CARTESIAN_POINT ( 'NONE',  ( -0.3984858247924618069, 59.94078272826226339, 15.94962433482787922 ) ) ;
#1021 = CARTESIAN_POINT ( 'NONE',  ( 27.05093998015076551, -2.345962455239721578, 6.415188431736228658 ) ) ;
#1022 = CIRCLE ( 'NONE', #2987, 4.499999999878167678 ) ;
#1023 = CARTESIAN_POINT ( 'NONE',  ( 7.227556274046208706, 0.01919007898431909775, 26.49876736082169515 ) ) ;
#1024 = CARTESIAN_POINT ( 'NONE',  ( -29.69829919084377678, 2.123915430607150157, 4.423741965522412833 ) ) ;
#1025 = VECTOR ( 'NONE', #1416, 1000.000000000000000 ) ;
#1026 = CARTESIAN_POINT ( 'NONE',  ( 9.863319562698684706, -5.000000000000048850, -18.43610457153010174 ) ) ;
#1027 = DIRECTION ( 'NONE',  ( 0.000000000000000000, 0.000000000000000000, 1.000000000000000000 ) ) ;
#1028 = FACE_OUTER_BOUND ( 'NONE', #2374, .T. ) ;
#1029 = CARTESIAN_POINT ( 'NONE',  ( 28.93032863940893407, -0.9965158618573618510, 1.459283041181991258 ) ) ;
#1030 = CIRCLE ( 'NONE', #3858, 11.50000000000000355 ) ;
#1031 = FACE_BOUND ( 'NONE', #1256, .T. ) ;
#1032 = CARTESIAN_POINT ( 'NONE',  ( -11.32336400276978949, 0.08272299944239783209, -23.49094873211553036 ) ) ;
#1033 = CARTESIAN_POINT ( 'NONE',  ( -28.91604945313008557, -1.007139277919666842, -1.434014987620886972 ) ) ;
#1034 = CARTESIAN_POINT ( 'NONE',  ( 16.00788422235982367, 5.470778248996809697E-17, -16.49992965624666041 ) ) ;
#1035 = CARTESIAN_POINT ( 'NONE',  ( -18.82849701515661778, -2.416712456208767402E-13, -16.44651027269756938 ) ) ;
#1036 = TOROIDAL_SURFACE ( 'NONE', #2246, 16.49999999987816679, 5.000000000000000000 ) ;
#1037 = EDGE_LOOP ( 'NONE', ( #3297, #2884, #2533, #3541 ) ) ;
#1038 = ORIENTED_EDGE ( 'NONE', *, *, #3052, .T. ) ;
#1039 = ORIENTED_EDGE ( 'NONE', *, *, #1047, .T. ) ;
#1040 = TOROIDAL_SURFACE ( 'NONE', #848, 12.00000000000000000, 5.000000000000000000 ) ;
#1041 = EDGE_CURVE ( 'NONE', #3454, #3886, #2298, .T. ) ;
#1042 = ORIENTED_EDGE ( 'NONE', *, *, #822, .F. ) ;
#1043 = CARTESIAN_POINT ( 'NONE',  ( -28.99999999964212094, -15.00000000000020073, -7.918032764175908511E-05 ) ) ;
#1044 = AXIS2_PLACEMENT_3D ( 'NONE', #2943, #29, #2510 ) ;
#1045 = CARTESIAN_POINT ( 'NONE',  ( 1.312063919904550291, 60.18269055996681516, 15.23336918487282965 ) ) ;
#1046 = CARTESIAN_POINT ( 'NONE',  ( 24.08349371610641754, 0.4887444042023589286, 13.43612686421416669 ) ) ;
#1047 = EDGE_CURVE ( 'NONE', #539, #1956, #3547, .T. ) ;
#1048 = CARTESIAN_POINT ( 'NONE',  ( -11.27629918251434482, -0.4291061557783719116, 19.81605273107361498 ) ) ;
#1049 = DIRECTION ( 'NONE',  ( -6.938893903915479074E-15, 1.000000000000000000, 0.000000000000000000 ) ) ;
#1050 = CARTESIAN_POINT ( 'NONE',  ( 17.49999999988747845, 1.040834085586084257E-14, 7.700214825490103721E-05 ) ) ;
#1051 = CARTESIAN_POINT ( 'NONE',  ( -11.98417394528426172, -18.37565959872952348, -10.64618644217157062 ) ) ;
#1052 = CARTESIAN_POINT ( 'NONE',  ( 25.71336760212325601, -3.102489823129149560, -8.056587882565475311 ) ) ;
#1053 = DIRECTION ( 'NONE',  ( 6.938893903915479074E-15, -1.000000000000000000, 0.000000000000000000 ) ) ;
#1054 = CARTESIAN_POINT ( 'NONE',  ( -7.559854858752004247, -4.798381381332436746, -21.16973737745933448 ) ) ;
#1055 = DIRECTION ( 'NONE',  ( 6.938893903915479074E-15, -1.000000000000000000, -6.018531076340127344E-36 ) ) ;
#1056 = CARTESIAN_POINT ( 'NONE',  ( -24.20403565670014956, 0.5109355940312315658, -13.33319966793430567 ) ) ;
#1057 = ORIENTED_EDGE ( 'NONE', *, *, #2959, .F. ) ;
#1058 = VERTEX_POINT ( 'NONE', #3736 ) ;
#1059 = VERTEX_POINT ( 'NONE', #1396 ) ;
#1060 = CARTESIAN_POINT ( 'NONE',  ( -5.139118297586985331E-14, 6.999999999999888090, 0.000000000000000000 ) ) ;
#1061 = ORIENTED_EDGE ( 'NONE', *, *, #557, .F. ) ;
#1062 = FACE_OUTER_BOUND ( 'NONE', #1217, .T. ) ;
#1063 = CARTESIAN_POINT ( 'NONE',  ( 24.10691919253322979, -3.831446513103742735, 9.419335153033314256 ) ) ;
#1064 = CARTESIAN_POINT ( 'NONE',  ( -9.271210850463980080, -0.4542562580590434607, 24.37957972774431425 ) ) ;
#1065 = DIRECTION ( 'NONE',  ( 1.000000000000000000, 6.938893903980740748E-15, 0.000000000000000000 ) ) ;
#1066 = ADVANCED_FACE ( 'NONE', ( #3469 ), #3607, .T. ) ;
#1067 = ORIENTED_EDGE ( 'NONE', *, *, #2881, .F. ) ;
#1068 = CARTESIAN_POINT ( 'NONE',  ( 0.000000000000000000, 0.000000000000000000, 0.000000000000000000 ) ) ;
#1069 = CARTESIAN_POINT ( 'NONE',  ( -16.03535081525046024, -15.98474579417921326, -11.43484878278541572 ) ) ;
#1070 = CARTESIAN_POINT ( 'NONE',  ( 27.04570648039300806, -2.349182734352909918, 6.422750356000056726 ) ) ;
#1071 = DIRECTION ( 'NONE',  ( 0.000000000000000000, 0.000000000000000000, 1.000000000000000000 ) ) ;
#1072 = CARTESIAN_POINT ( 'NONE',  ( -3.474862202809256395, 0.3654732137772609413, -27.01915261753724096 ) ) ;
#1073 = CARTESIAN_POINT ( 'NONE',  ( -3.832026908459411444E-13, 54.81907786237168523, 0.000000000000000000 ) ) ;
#1074 = EDGE_CURVE ( 'NONE', #3740, #975, #2271, .T. ) ;
#1075 = CARTESIAN_POINT ( 'NONE',  ( 31.99999999999390710, 38.00000000000012079, 3.918869757270817133E-15 ) ) ;
#1076 = CARTESIAN_POINT ( 'NONE',  ( 17.49999999988751043, -4.999999999999990230, 7.700214825490103721E-05 ) ) ;
#1077 = ORIENTED_EDGE ( 'NONE', *, *, #2848, .T. ) ;
#1078 = ORIENTED_EDGE ( 'NONE', *, *, #2909, .T. ) ;
#1079 = PRODUCT_DEFINITION_SHAPE ( 'NONE', 'NONE',  #3406 ) ;
#1080 = ORIENTED_EDGE ( 'NONE', *, *, #457, .F. ) ;
#1081 = CARTESIAN_POINT ( 'NONE',  ( 16.11625871488821460, -16.93411624599342957, -11.23193331954736074 ) ) ;
#1082 = CARTESIAN_POINT ( 'NONE',  ( -28.64799224210823070, -1.224933915208545221, -2.915818027069955409 ) ) ;
#1083 = CARTESIAN_POINT ( 'NONE',  ( 21.31744659706247802, -0.6303877508551879449, 10.88894111011295074 ) ) ;
#1084 = CARTESIAN_POINT ( 'NONE',  ( -11.41257802299771740, -0.2039174916636277424, 18.95658465922482350 ) ) ;
#1085 = CARTESIAN_POINT ( 'NONE',  ( 16.50004090477490237, -20.21749194739347999, -9.166594126780180929 ) ) ;
#1086 = ORIENTED_EDGE ( 'NONE', *, *, #2143, .T. ) ;
#1087 = CONTEXT_DEPENDENT_SHAPE_REPRESENTATION ( #1428, #2779 ) ;
#1088 = AXIS2_PLACEMENT_3D ( 'NONE', #3122, #1923, #409 ) ;
#1089 = DIRECTION ( 'NONE',  ( 4.462356453595526148E-06, 0.000000000000000000, -0.9999999999900436309 ) ) ;
#1090 = DIRECTION ( 'NONE',  ( -1.000000000000000000, -6.938893903915479074E-15, 0.000000000000000000 ) ) ;
#1091 = ADVANCED_FACE ( 'NONE', ( #130 ), #109, .T. ) ;
#1092 = CARTESIAN_POINT ( 'NONE',  ( -2.908851536435246238E-13, 41.51471862576141802, 0.000000000000000000 ) ) ;
#1093 = AXIS2_PLACEMENT_3D ( 'NONE', #3238, #497, #3220 ) ;
#1094 = CARTESIAN_POINT ( 'NONE',  ( 2.764465211036276404, 0.3824408139108242954, -27.17982270815208068 ) ) ;
#1095 = CARTESIAN_POINT ( 'NONE',  ( 11.15702711845098349, -5.000000000000053291, -15.28783009042840391 ) ) ;
#1096 = DIRECTION ( 'NONE',  ( 1.000000000000000000, 7.709882115452464756E-15, 0.000000000000000000 ) ) ;
#1097 = FACE_OUTER_BOUND ( 'NONE', #738, .T. ) ;
#1098 = EDGE_CURVE ( 'NONE', #459, #2490, #2616, .T. ) ;
#1099 = CIRCLE ( 'NONE', #2114, 1.500000000000000000 ) ;
#1100 = EDGE_LOOP ( 'NONE', ( #2378, #1406, #3150, #1338 ) ) ;
#1101 = CIRCLE ( 'NONE', #3251, 2.999999999999981792 ) ;
#1102 = VERTEX_POINT ( 'NONE', #157 ) ;
#1103 = CARTESIAN_POINT ( 'NONE',  ( 11.90412529291261379, -19.00453012066514447, -10.26717561390834277 ) ) ;
#1104 = AXIS2_PLACEMENT_3D ( 'NONE', #3807, #2585, #2023 ) ;
#1105 = CARTESIAN_POINT ( 'NONE',  ( -27.40710475489919773, -2.118609535708743774, -5.849870978706462665 ) ) ;
#1106 = CARTESIAN_POINT ( 'NONE',  ( -6.276593936169249766, 1.884971840702806212, 29.11415626122218114 ) ) ;
#1107 = CARTESIAN_POINT ( 'NONE',  ( 11.49992190865282282, -56.99999999999992895, 17.50005022735293991 ) ) ;
#1108 = ORIENTED_EDGE ( 'NONE', *, *, #1309, .F. ) ;
#1109 = VECTOR ( 'NONE', #734, 1000.000000000000114 ) ;
#1110 = CARTESIAN_POINT ( 'NONE',  ( -1.747923017378795407, 40.99999999999992184, 29.29570705413387444 ) ) ;
#1111 = CARTESIAN_POINT ( 'NONE',  ( 24.97908006071200759, -3.466772550495037741, 8.763517419148588061 ) ) ;
#1112 = CARTESIAN_POINT ( 'NONE',  ( -16.50007362871232175, -5.000000000000226485, 16.49992528174270845 ) ) ;
#1113 = CARTESIAN_POINT ( 'NONE',  ( 6.311576712500038155, -4.666496389521885391, -22.11672625840121853 ) ) ;
#1114 = CARTESIAN_POINT ( 'NONE',  ( -23.19275156013584649, -0.5887218900361237406, -10.02555417910732238 ) ) ;
#1115 = LINE ( 'NONE', #2996, #1177 ) ;
#1116 = CARTESIAN_POINT ( 'NONE',  ( -12.73455826199593055, 0.6408962374212482382, 24.86209706678922515 ) ) ;
#1117 = CARTESIAN_POINT ( 'NONE',  ( -4.042548477653670425, -4.464726039116104772, -23.26913070288975405 ) ) ;
#1118 = ORIENTED_EDGE ( 'NONE', *, *, #2803, .F. ) ;
#1119 = EDGE_CURVE ( 'NONE', #808, #1739, #1913, .T. ) ;
#1120 = ORIENTED_EDGE ( 'NONE', *, *, #2118, .F. ) ;
#1121 = CARTESIAN_POINT ( 'NONE',  ( 11.50005577934621037, -23.94427190981751252, -12.49994977194718260 ) ) ;
#1122 = CARTESIAN_POINT ( 'NONE',  ( 17.49992637100602266, -4.999999999999990230, 16.50007700186214166 ) ) ;
#1123 = CARTESIAN_POINT ( 'NONE',  ( -3.549176003626977050, -1.372563139504832330, 28.46203512315264561 ) ) ;
#1124 = DIRECTION ( 'NONE',  ( -6.938893903915479074E-15, 1.000000000000000000, -0.000000000000000000 ) ) ;
#1125 = VERTEX_POINT ( 'NONE', #3194 ) ;
#1126 = DIRECTION ( 'NONE',  ( 4.462356453843344272E-06, 3.096381799467148280E-20, -0.9999999999900437420 ) ) ;
#1127 = DIRECTION ( 'NONE',  ( 0.9999999999900436309, 0.000000000000000000, 4.462356453843343425E-06 ) ) ;
#1128 = CARTESIAN_POINT ( 'NONE',  ( 0.7706029716616329406, 60.93180720358844837, 13.20924554356159675 ) ) ;
#1129 = CARTESIAN_POINT ( 'NONE',  ( -4.996056696672818376, -4.539994435944723072, -22.87091588347288962 ) ) ;
#1130 = CARTESIAN_POINT ( 'NONE',  ( 4.499921908722467556, -49.99999999999997158, 17.50001899085776103 ) ) ;
#1131 = LINE ( 'NONE', #2391, #1935 ) ;
#1132 = DIRECTION ( 'NONE',  ( -0.8792462967403749108, 0.000000000000000000, -0.4763674523603986799 ) ) ;
#1133 = CARTESIAN_POINT ( 'NONE',  ( -0.2665907469909303273, -4.313745974118353033, -23.99982912605636187 ) ) ;
#1134 = DIRECTION ( 'NONE',  ( 6.938893903915479074E-15, -1.000000000000000000, 0.000000000000000000 ) ) ;
#1135 = ORIENTED_EDGE ( 'NONE', *, *, #407, .F. ) ;
#1136 = EDGE_CURVE ( 'NONE', #1538, #1984, #476, .T. ) ;
#1137 = VERTEX_POINT ( 'NONE', #3795 ) ;
#1138 = CARTESIAN_POINT ( 'NONE',  ( 29.58276849714502532, 2.074870115821747962, -4.852149555545541837 ) ) ;
#1139 = CARTESIAN_POINT ( 'NONE',  ( 18.42592358877048753, -4.999999999999984901, 11.46274098155321042 ) ) ;
#1140 = EDGE_CURVE ( 'NONE', #3586, #2195, #2552, .T. ) ;
#1141 = DIRECTION ( 'NONE',  ( 6.938893903915479074E-15, -1.000000000000000000, 0.000000000000000000 ) ) ;
#1142 = DIRECTION ( 'NONE',  ( -0.9999999999900437420, -6.938893903846394580E-15, -4.462356454084753744E-06 ) ) ;
#1143 = ORIENTED_EDGE ( 'NONE', *, *, #601, .F. ) ;
#1144 = CARTESIAN_POINT ( 'NONE',  ( -11.89694080436979284, -18.99799817643162925, -10.25981989906456349 ) ) ;
#1145 = CARTESIAN_POINT ( 'NONE',  ( -11.50007362871232175, -5.000000000000191847, 16.49992528174270845 ) ) ;
#1146 = FACE_OUTER_BOUND ( 'NONE', #516, .T. ) ;
#1147 = CARTESIAN_POINT ( 'NONE',  ( 1.463773962308466459, 60.58106482639757928, 14.11956203835770829 ) ) ;
#1148 = CARTESIAN_POINT ( 'NONE',  ( -0.3599438986628196169, 0.4003153909932601895, -27.33314468839502709 ) ) ;
#1149 = AXIS2_PLACEMENT_3D ( 'NONE', #3187, #470, #1944 ) ;
#1150 = VERTEX_POINT ( 'NONE', #1152 ) ;
#1151 = CARTESIAN_POINT ( 'NONE',  ( -4.885414989225457694E-13, 69.99999999999998579, 0.000000000000000000 ) ) ;
#1152 = CARTESIAN_POINT ( 'NONE',  ( -31.99999999999421263, 6.999999999999666045, 0.000000000000000000 ) ) ;
#1153 = VECTOR ( 'NONE', #3545, 1000.000000000000114 ) ;
#1154 = CYLINDRICAL_SURFACE ( 'NONE', #273, 11.49999999987816679 ) ;
#1155 = CARTESIAN_POINT ( 'NONE',  ( -9.962166858058203900, -4.145668501938937212, 23.25600485989955146 ) ) ;
#1156 = EDGE_LOOP ( 'NONE', ( #3583, #418, #3643, #2714 ) ) ;
#1157 = AXIS2_PLACEMENT_3D ( 'NONE', #245, #2086, #23 ) ;
#1158 = VERTEX_POINT ( 'NONE', #1475 ) ;
#1159 = DIRECTION ( 'NONE',  ( -0.000000000000000000, -1.000000000000000000, -0.000000000000000000 ) ) ;
#1160 = ORIENTED_EDGE ( 'NONE', *, *, #184, .F. ) ;
#1161 = CIRCLE ( 'NONE', #263, 7.000000000000000888 ) ;
#1162 = EDGE_CURVE ( 'NONE', #2698, #3848, #1661, .T. ) ;
#1163 = CARTESIAN_POINT ( 'NONE',  ( -11.43326126776043594, -4.999999999231942382, 18.79088620090900008 ) ) ;
#1164 = TOROIDAL_SURFACE ( 'NONE', #3372, 28.99999999999426237, 2.999999999999980904 ) ;
#1165 = CARTESIAN_POINT ( 'NONE',  ( 26.08158018087982555, 0.9173344562247962575, 11.46425754964120713 ) ) ;
#1166 = VERTEX_POINT ( 'NONE', #216 ) ;
#1167 = CARTESIAN_POINT ( 'NONE',  ( 16.49994868274140103, -4.999999999999997335, 11.50007253955546638 ) ) ;
#1168 = ADVANCED_FACE ( 'NONE', ( #1735 ), #2409, .T. ) ;
#1169 = DIRECTION ( 'NONE',  ( 6.938893903838139151E-15, -1.000000000000000000, 3.096381799429073247E-20 ) ) ;
#1170 = TOROIDAL_SURFACE ( 'NONE', #3374, 16.49999999987816324, 5.000000000000000000 ) ;
#1171 = CARTESIAN_POINT ( 'NONE',  ( 11.49992190865246222, -5.000000000000031974, 17.50005022735293991 ) ) ;
#1172 = CARTESIAN_POINT ( 'NONE',  ( -26.42638196183148125, -2.724445496640117259, 7.283352669472740182 ) ) ;
#1173 = VECTOR ( 'NONE', #1569, 1000.000000000000000 ) ;
#1174 = DIRECTION ( 'NONE',  ( -6.938893903915479863E-15, 1.000000000000000000, -0.000000000000000000 ) ) ;
#1175 = DIRECTION ( 'NONE',  ( -1.000000000000000000, -6.938893903915480652E-15, 0.000000000000000000 ) ) ;
#1176 = CARTESIAN_POINT ( 'NONE',  ( -17.49997991915991236, -15.00000000000012079, -4.500079180160991399 ) ) ;
#1177 = VECTOR ( 'NONE', #2408, 1000.000000000000000 ) ;
#1178 = CARTESIAN_POINT ( 'NONE',  ( -20.70558222291788297, -0.5680908626573528686, 11.06363010937571190 ) ) ;
#1179 = DIRECTION ( 'NONE',  ( -1.224646799147353207E-16, -8.497694209053172746E-31, 1.000000000000000000 ) ) ;
#1180 = ORIENTED_EDGE ( 'NONE', *, *, #2903, .F. ) ;
#1181 = VERTEX_POINT ( 'NONE', #3596 ) ;
#1182 = ORIENTED_EDGE ( 'NONE', *, *, #2162, .T. ) ;
#1183 = CARTESIAN_POINT ( 'NONE',  ( -16.29706990436677572, -18.30311745216550534, -10.67664503358274963 ) ) ;
#1184 = B_SPLINE_CURVE_WITH_KNOTS ( 'NONE', 3,
 ( #2224, #2152, #1838, #153, #1237, #106, #1968, #3126, #1947, #3349 ),
 .UNSPECIFIED., .F., .F.,
 ( 4, 2, 2, 2, 4 ),
 ( 2.416190212695144696E-17, 0.002374306911638604523, 0.004748613823277184759, 0.007122920734915764995, 0.009497227646554345232 ),
 .UNSPECIFIED. ) ;
#1185 = CARTESIAN_POINT ( 'NONE',  ( -16.00775927636928486, -15.00000000000011013, -11.50007252141026903 ) ) ;
#1186 = ORIENTED_EDGE ( 'NONE', *, *, #2143, .F. ) ;
#1187 = CARTESIAN_POINT ( 'NONE',  ( -7.434350696408924541, 0.2449226352205242929, -25.79709993990365646 ) ) ;
#1188 = CARTESIAN_POINT ( 'NONE',  ( -11.50005131697976068, -15.00000000000007994, 11.49994759357475793 ) ) ;
#1189 = CARTESIAN_POINT ( 'NONE',  ( 10.98963312086543276, -4.766101496574301599, 20.90665723626894135 ) ) ;
#1190 = ADVANCED_FACE ( 'NONE', ( #815 ), #1500, .F. ) ;
#1191 = CARTESIAN_POINT ( 'NONE',  ( 14.07392295442433294, -1.332376854185018828E-14, -20.90344505619477999 ) ) ;
#1192 = ORIENTED_EDGE ( 'NONE', *, *, #1384, .T. ) ;
#1193 = CARTESIAN_POINT ( 'NONE',  ( 17.50005131698673111, -4.999999999999990230, -11.49992299761541226 ) ) ;
#1194 = DIRECTION ( 'NONE',  ( -0.9999999999900438530, -6.938893903846394580E-15, -4.462356453843344272E-06 ) ) ;
#1195 = ADVANCED_FACE ( 'NONE', ( #2687 ), #2667, .T. ) ;
#1196 = CARTESIAN_POINT ( 'NONE',  ( -26.49876862604862282, 0.01919048104888286185, 7.227554979006088232 ) ) ;
#1197 = CARTESIAN_POINT ( 'NONE',  ( 2.121320343559649491, 170.0009999999999479, 28.92230972795303501 ) ) ;
#1198 = EDGE_LOOP ( 'NONE', ( #2858, #866, #2033, #2098, #3828 ) ) ;
#1199 = ORIENTED_EDGE ( 'NONE', *, *, #2473, .T. ) ;
#1200 = ORIENTED_EDGE ( 'NONE', *, *, #3448, .F. ) ;
#1201 = DIRECTION ( 'NONE',  ( 4.462356453793780139E-06, 0.000000000000000000, -0.9999999999900437420 ) ) ;
#1202 = CARTESIAN_POINT ( 'NONE',  ( -28.99999999964221686, -0.9372539334886028639, -7.918032764435547826E-05 ) ) ;
#1203 = CARTESIAN_POINT ( 'NONE',  ( 28.93131322298214769, -0.9956896632561960114, -1.450061925975824062 ) ) ;
#1204 = CARTESIAN_POINT ( 'NONE',  ( 14.97388657178422200, 0.1759247377587044026, 21.95253108945752629 ) ) ;
#1205 = CARTESIAN_POINT ( 'NONE',  ( -22.29008926243573185, -4.444634339820340507, 10.46090166261430099 ) ) ;
#1206 = ORIENTED_EDGE ( 'NONE', *, *, #894, .T. ) ;
#1207 = CARTESIAN_POINT ( 'NONE',  ( 17.49992637100598714, 1.040782995211577480E-14, 16.50007700186214166 ) ) ;
#1208 = FILL_AREA_STYLE ('',( #2722 ) ) ;
#1209 = EDGE_CURVE ( 'NONE', #3564, #302, #327, .T. ) ;
#1210 = CARTESIAN_POINT ( 'NONE',  ( -23.18557570381336319, -0.5979420958154371135, 10.04996581947445655 ) ) ;
#1211 = DIRECTION ( 'NONE',  ( 0.9999999999900437420, 6.938895009688786599E-15, 4.462356454091162395E-06 ) ) ;
#1212 = DIRECTION ( 'NONE',  ( 0.9999999999900437420, 6.938893903846393791E-15, 4.462356454316048796E-06 ) ) ;
#1213 = EDGE_CURVE ( 'NONE', #1523, #1277, #1481, .T. ) ;
#1214 = ORIENTED_EDGE ( 'NONE', *, *, #553, .T. ) ;
#1215 = AXIS2_PLACEMENT_3D ( 'NONE', #194, #2546, #1632 ) ;
#1216 = EDGE_LOOP ( 'NONE', ( #3256, #2900, #1719, #3371 ) ) ;
#1217 = EDGE_LOOP ( 'NONE', ( #845, #3495, #2594, #437 ) ) ;
#1218 = APPLICATION_CONTEXT ( 'automotive_design' ) ;
#1219 = CIRCLE ( 'NONE', #3430, 5.000000000000000000 ) ;
#1220 = DIRECTION ( 'NONE',  ( -6.938893903915479074E-15, 1.000000000000000000, -0.000000000000000000 ) ) ;
#1221 = CIRCLE ( 'NONE', #3741, 6.062615574054306400 ) ;
#1222 = ADVANCED_BREP_SHAPE_REPRESENTATION ( '', ( #2568, #1748 ), #1236 ) ;
#1223 = DIRECTION ( 'NONE',  ( 1.000000000000000000, 6.938893903915479074E-15, 0.000000000000000000 ) ) ;
#1224 = CARTESIAN_POINT ( 'NONE',  ( 27.61633839890568609, -1.984661333666255967, -5.515019113819645824 ) ) ;
#1225 = VECTOR ( 'NONE', #2694, 1000.000000000000000 ) ;
#1226 = CARTESIAN_POINT ( 'NONE',  ( 11.46257761586170432, -5.000000000000035527, 18.42602490373785784 ) ) ;
#1227 = CARTESIAN_POINT ( 'NONE',  ( -17.50005131686312509, -22.00000000000012079, 11.49992081943603672 ) ) ;
#1228 = CARTESIAN_POINT ( 'NONE',  ( -7.260353320421200962, -2.718228621933069356, 26.42520288749122415 ) ) ;
#1229 = VECTOR ( 'NONE', #2343, 1000.000000000000114 ) ;
#1230 = DIRECTION ( 'NONE',  ( -0.9396926207859046531, -0.3420201433256788159, 1.150791560227848544E-16 ) ) ;
#1231 = AXIS2_PLACEMENT_3D ( 'NONE', #2076, #1134, #3279 ) ;
#1232 = CARTESIAN_POINT ( 'NONE',  ( -25.22628160736713454, -0.2911394477823892601, 8.554672327857508307 ) ) ;
#1233 = EDGE_CURVE ( 'NONE', #1956, #1767, #1350, .T. ) ;
#1234 = DIRECTION ( 'NONE',  ( 4.462356454091162395E-06, 3.096381799635424604E-20, -0.9999999999900437420 ) ) ;
#1235 = DIRECTION ( 'NONE',  ( -0.7071067811865487940, 0.000000000000000000, 0.7071067811865463515 ) ) ;
#1236 =( GEOMETRIC_REPRESENTATION_CONTEXT ( 3 ) GLOBAL_UNCERTAINTY_ASSIGNED_CONTEXT ( ( #1606 ) ) GLOBAL_UNIT_ASSIGNED_CONTEXT ( ( #1817, #1867, #2479 ) ) REPRESENTATION_CONTEXT ( 'NONE', 'WORKASPACE' ) );
#1237 = CARTESIAN_POINT ( 'NONE',  ( -11.34560798398317338, -20.46705437835271724, -14.39174257615429653 ) ) ;
#1238 = AXIS2_PLACEMENT_3D ( 'NONE', #1963, #1922, #3788 ) ;
#1239 = EDGE_LOOP ( 'NONE', ( #278, #3011, #1933, #477 ) ) ;
#1240 = ADVANCED_FACE ( 'NONE', ( #3291 ), #3850, .T. ) ;
#1241 = ORIENTED_EDGE ( 'NONE', *, *, #2934, .T. ) ;
#1242 = DIRECTION ( 'NONE',  ( 0.000000000000000000, 0.000000000000000000, -1.000000000000000000 ) ) ;
#1243 = EDGE_CURVE ( 'NONE', #3821, #3604, #2651, .T. ) ;
#1244 = CARTESIAN_POINT ( 'NONE',  ( -7.809123304982654265E-05, -5.000000000000115463, 17.49999891025371568 ) ) ;
#1245 = CARTESIAN_POINT ( 'NONE',  ( 25.46968207295155651, -3.225327953819807636, -8.298041640563985410 ) ) ;
#1246 = DIRECTION ( 'NONE',  ( 4.462356454091162395E-06, 3.096381799635424604E-20, -0.9999999999900437420 ) ) ;
#1247 =( BOUNDED_SURFACE ( )  B_SPLINE_SURFACE ( 3, 2, ( 
 ( #1226, #3650, #565 ),
 ( #1789, #268, #1496 ),
 ( #2754, #2703, #3889 ),
 ( #1189, #3305, #1813 ),
 ( #3009, #291, #1204 ),
 ( #1344, #100, #1322 ),
 ( #2218, #1940, #2807 ),
 ( #83, #3398, #3377 ),
 ( #1283, #380, #2160 ),
 ( #3356, #2498, #2538 ),
 ( #1621, #3725, #403 ),
 ( #679, #1898, #3137 ),
 ( #3417, #638, #2180 ),
 ( #2825, #2519, #941 ),
 ( #1305, #1023, #984 ),
 ( #1263, #119, #1002 ),
 ( #2768, #1865, #2241 ),
 ( #422, #3708, #700 ),
 ( #2200, #2785, #3442 ),
 ( #361, #1919, #3119 ),
 ( #2475, #725, #3095 ),
 ( #3690, #1641, #1599 ),
 ( #2842, #959, #2559 ),
 ( #1580, #41, #3062 ),
 ( #345, #1565, #3666 ),
 ( #661, #1882, #3079 ),
 ( #60, #823, #3750 ),
 ( #1369, #182, #1386 ),
 ( #1123, #1448, #2006 ),
 ( #1403, #484, #2038 ),
 ( #806, #3240, #1106 ),
 ( #2905, #2299, #2279 ),
 ( #1429, #2619, #2584 ),
 ( #3476, #744, #1662 ),
 ( #3459, #2600, #3805 ),
 ( #3498, #788, #520 ),
 ( #2323, #3205, #3768 ),
 ( #2950, #3784, #2341 ),
 ( #1707, #1064, #2862 ),
 ( #3531, #764, #3515 ),
 ( #1745, #442, #1981 ),
 ( #2022, #3183, #2642 ),
 ( #3223, #465, #499 ),
 ( #3158, #1724, #1689 ),
 ( #144, #2924, #2887 ),
 ( #3826, #1048, #2261 ),
 ( #203, #224, #1960 ),
 ( #166, #1084, #1841 ),
 ( #1163, #544, #3842 ),
 ( #2060, #3631, #1807 ) ),
 .UNSPECIFIED., .F., .F., .F. ) 
 B_SPLINE_SURFACE_WITH_KNOTS ( ( 4, 2, 2, 2, 2, 2, 2, 2, 2, 2, 2, 2, 2, 2, 2, 2, 2, 2, 2, 2, 2, 2, 2, 2, 4 ),
 ( 3, 3 ),
 ( 1.246832498358330099E-18, 0.003108266741255805155, 0.004662400111883707732, 0.006216533482511609442, 0.009324800223767413729, 0.01087893359439531457, 0.01243306696502321715, 0.01554133370627902057, 0.01864960044753482399, 0.02020373381816272657, 0.02175786718879062914, 0.02486613393004643430, 0.02642026730067433687, 0.02797440067130223945, 0.03108266741255804114, 0.03263680078318594024, 0.03419093415381384282, 0.03574506752444174540, 0.03729920089506964798, 0.04040746763632545313, 0.04196160100695335571, 0.04351573437758125829, 0.04662400111883706344, 0.04817813448946496602, 0.04973226786009286859 ),
 ( 0.000000000000000000, 1.000000000000000000 ),
 .UNSPECIFIED. ) 
 GEOMETRIC_REPRESENTATION_ITEM ( )  RATIONAL_B_SPLINE_SURFACE ( (
 ( 1.000000000000000000, 0.7071067811865472397, 1.000000000000000000),
 ( 1.000000000000000000, 0.7226063591422183796, 1.000000000000000000),
 ( 1.000000000000000000, 0.7379795113563205611, 1.000000000000000000),
 ( 1.000000000000000000, 0.7605747693707535229, 1.000000000000000000),
 ( 1.000000000000000000, 0.7680303105673706998, 1.000000000000000000),
 ( 1.000000000000000000, 0.7827581884453609362, 1.000000000000000000),
 ( 1.000000000000000000, 0.7900019700765857911, 1.000000000000000000),
 ( 1.000000000000000000, 0.8109973564556558490, 1.000000000000000000),
 ( 1.000000000000000000, 0.8241633343217548147, 1.000000000000000000),
 ( 1.000000000000000000, 0.8426842540653072255, 1.000000000000000000),
 ( 1.000000000000000000, 0.8486663203299182889, 1.000000000000000000),
 ( 1.000000000000000000, 0.8600124182364796699, 1.000000000000000000),
 ( 1.000000000000000000, 0.8654036257177382119, 1.000000000000000000),
 ( 1.000000000000000000, 0.8807648310602588237, 1.000000000000000000),
 ( 1.000000000000000000, 0.8899298712031776803, 1.000000000000000000),
 ( 1.000000000000000000, 0.9061103131667945787, 1.000000000000000000),
 ( 1.000000000000000000, 0.9128918155124934319, 1.000000000000000000),
 ( 1.000000000000000000, 0.9211649252048322856, 1.000000000000000000),
 ( 1.000000000000000000, 0.9236058386852292745, 1.000000000000000000),
 ( 1.000000000000000000, 0.9278406365343792039, 1.000000000000000000),
 ( 1.000000000000000000, 0.9296417806222845304, 1.000000000000000000),
 ( 1.000000000000000000, 0.9339685372819716003, 1.000000000000000000),
 ( 1.000000000000000000, 0.9353980064362892310, 1.000000000000000000),
 ( 1.000000000000000000, 0.9354222741375075589, 1.000000000000000000),
 ( 1.000000000000000000, 0.9350744317795643967, 1.000000000000000000),
 ( 1.000000000000000000, 0.9336455013961640903, 1.000000000000000000),
 ( 1.000000000000000000, 0.9325582495983288922, 1.000000000000000000),
 ( 1.000000000000000000, 0.9282772695096853655, 1.000000000000000000),
 ( 1.000000000000000000, 0.9240625459103259942, 1.000000000000000000),
 ( 1.000000000000000000, 0.9157174408048625036, 1.000000000000000000),
 ( 1.000000000000000000, 0.9125837652188600879, 1.000000000000000000),
 ( 1.000000000000000000, 0.9057494985825887968, 1.000000000000000000),
 ( 1.000000000000000000, 0.9020381516903817065, 1.000000000000000000),
 ( 1.000000000000000000, 0.8940308431322043781, 1.000000000000000000),
 ( 1.000000000000000000, 0.8897348452228652782, 1.000000000000000000),
 ( 1.000000000000000000, 0.8805442131884089196, 1.000000000000000000),
 ( 1.000000000000000000, 0.8756260148802800236, 1.000000000000000000),
 ( 1.000000000000000000, 0.8601089894759503807, 1.000000000000000000),
 ( 1.000000000000000000, 0.8488194656719129094, 1.000000000000000000),
 ( 1.000000000000000000, 0.8304411775188416112, 1.000000000000000000),
 ( 1.000000000000000000, 0.8240730925137852436, 1.000000000000000000),
 ( 1.000000000000000000, 0.8108328756184611796, 1.000000000000000000),
 ( 1.000000000000000000, 0.8039338260352485444, 1.000000000000000000),
 ( 1.000000000000000000, 0.7829175657679120492, 1.000000000000000000),
 ( 1.000000000000000000, 0.7683551885098388601, 1.000000000000000000),
 ( 1.000000000000000000, 0.7457968441485290922, 1.000000000000000000),
 ( 1.000000000000000000, 0.7381585540107118426, 1.000000000000000000),
 ( 1.000000000000000000, 0.7226737252789665611, 1.000000000000000000),
 ( 1.000000000000000000, 0.7148434200380386905, 1.000000000000000000),
 ( 1.000000000000000000, 0.7071067811865471286, 1.000000000000000000) ) ) 
 REPRESENTATION_ITEM ( '' )  SURFACE ( )  );
#1248 = FACE_OUTER_BOUND ( 'NONE', #3249, .T. ) ;
#1249 = SHAPE_REPRESENTATION_RELATIONSHIP ( 'NONE' , 'NONE' ,  #3276, #1222 ) ;
#1250 = CARTESIAN_POINT ( 'NONE',  ( 18.82849906220209846, 1.821459649775647449E-14, 16.44650792917338222 ) ) ;
#1251 = CARTESIAN_POINT ( 'NONE',  ( 6.948127607692002883, 1.785623004823410742, 28.86342525629963163 ) ) ;
#1252 = CARTESIAN_POINT ( 'NONE',  ( -28.59105077417239116, 1.687907368520541684, -7.519077640366895743 ) ) ;
#1253 = CARTESIAN_POINT ( 'NONE',  ( 11.34549996735846200, -20.46318877908693068, -14.39305867106684467 ) ) ;
#1254 = CARTESIAN_POINT ( 'NONE',  ( -0.3219371100196207758, 49.53609321967331169, 30.72169296149305850 ) ) ;
#1255 = ORIENTED_EDGE ( 'NONE', *, *, #2655, .F. ) ;
#1256 = EDGE_LOOP ( 'NONE', ( #3593, #655 ) ) ;
#1257 = ORIENTED_EDGE ( 'NONE', *, *, #583, .T. ) ;
#1258 = EDGE_CURVE ( 'NONE', #393, #899, #3871, .T. ) ;
#1259 = DIRECTION ( 'NONE',  ( -1.000000000000000000, -6.938893903915479074E-15, 0.000000000000000000 ) ) ;
#1260 = DIRECTION ( 'NONE',  ( -1.000000000000000000, -6.938893903907224433E-15, -3.016910393003141044E-14 ) ) ;
#1261 = CARTESIAN_POINT ( 'NONE',  ( 28.20063238891530588, 0.6066054204481624579, -4.245954622445189841 ) ) ;
#1262 = EDGE_CURVE ( 'NONE', #2698, #2890, #666, .T. ) ;
#1263 = CARTESIAN_POINT ( 'NONE',  ( 5.515017150234721832, -1.984662180031669054, 27.61633778360839742 ) ) ;
#1264 = CARTESIAN_POINT ( 'NONE',  ( 1.748177823867279823, 41.00000000000123634, 29.29545224764540379 ) ) ;
#1265 = CARTESIAN_POINT ( 'NONE',  ( 8.056585987304309526, -3.102490324646035802, 25.71336730296366468 ) ) ;
#1266 = CYLINDRICAL_SURFACE ( 'NONE', #3368, 28.99999999999388933 ) ;
#1267 = CARTESIAN_POINT ( 'NONE',  ( 4.429843727190157843, 2.123245238910670185, 29.69672968862757401 ) ) ;
#1268 = CARTESIAN_POINT ( 'NONE',  ( -17.49999999976390441, -22.00000000000012079, -7.918032764175908511E-05 ) ) ;
#1269 = CARTESIAN_POINT ( 'NONE',  ( -28.46203594299814199, -1.372562072314981174, -3.549177933701606502 ) ) ;
#1270 = FACE_OUTER_BOUND ( 'NONE', #1996, .T. ) ;
#1271 = CARTESIAN_POINT ( 'NONE',  ( 16.49992637095920145, -14.99999999999988454, 16.50007253950568753 ) ) ;
#1272 = ORIENTED_EDGE ( 'NONE', *, *, #1827, .F. ) ;
#1273 = ORIENTED_EDGE ( 'NONE', *, *, #623, .F. ) ;
#1274 = CIRCLE ( 'NONE', #2105, 5.000000000000000888 ) ;
#1275 = EDGE_LOOP ( 'NONE', ( #3074, #3392, #3899, #2315 ) ) ;
#1276 = CIRCLE ( 'NONE', #3492, 5.000000000000000888 ) ;
#1277 = VERTEX_POINT ( 'NONE', #3082 ) ;
#1278 = DIRECTION ( 'NONE',  ( 0.9999999999900437420, 0.000000000000000000, 4.462356454140726528E-06 ) ) ;
#1279 = EDGE_CURVE ( 'NONE', #495, #2763, #2994, .T. ) ;
#1280 = AXIS2_PLACEMENT_3D ( 'NONE', #1373, #2828, #1090 ) ;
#1281 = CARTESIAN_POINT ( 'NONE',  ( -14.50750811675564655, -2.116889925181889804E-13, -20.36006405299299260 ) ) ;
#1282 = CARTESIAN_POINT ( 'NONE',  ( 19.49826017877274253, -0.3737852499735427325, -11.34726476310745724 ) ) ;
#1283 = CARTESIAN_POINT ( 'NONE',  ( 9.634857826969906114, -3.951616400539404328, 23.81828375544487386 ) ) ;
#1284 = CIRCLE ( 'NONE', #584, 4.500000000000003553 ) ;
#1285 = CARTESIAN_POINT ( 'NONE',  ( -26.89663559348468880, 1.141771683741278576, 10.39919975766306770 ) ) ;
#1286 = CARTESIAN_POINT ( 'NONE',  ( 3.956034417822489768, -1.489592137136957595, 28.30385784394285764 ) ) ;
#1287 = ADVANCED_FACE ( 'NONE', ( #3673 ), #1798, .F. ) ;
#1288 = LINE ( 'NONE', #2502, #698 ) ;
#1289 = FILL_AREA_STYLE_COLOUR ( '', #1815 ) ;
#1290 = CARTESIAN_POINT ( 'NONE',  ( 17.49997991928353613, -14.99999999999987743, 4.500077001981614089 ) ) ;
#1291 = DIRECTION ( 'NONE',  ( -4.462356453793780139E-06, 0.000000000000000000, 0.9999999999900437420 ) ) ;
#1292 = AXIS2_PLACEMENT_3D ( 'NONE', #634, #3436, #2156 ) ;
#1293 = DIRECTION ( 'NONE',  ( -0.9999999999900437420, -7.434529182683725195E-15, -4.462356454091162395E-06 ) ) ;
#1294 = CIRCLE ( 'NONE', #3441, 1.500000000000000000 ) ;
#1295 = CARTESIAN_POINT ( 'NONE',  ( -23.49613882312759472, -0.5606388108623416855, -9.847707095211490014 ) ) ;
#1296 = DIRECTION ( 'NONE',  ( -1.000000000000000000, -6.938893903915479074E-15, 0.000000000000000000 ) ) ;
#1297 = CARTESIAN_POINT ( 'NONE',  ( 11.50002008049451696, -14.99999999999992006, -4.499949771823831490 ) ) ;
#1298 = AXIS2_PLACEMENT_3D ( 'NONE', #2335, #2724, #859 ) ;
#1299 = ORIENTED_EDGE ( 'NONE', *, *, #1258, .F. ) ;
#1300 = EDGE_LOOP ( 'NONE', ( #1108, #3526, #782, #1380, #2413 ) ) ;
#1301 = ORIENTED_EDGE ( 'NONE', *, *, #1535, .T. ) ;
#1302 = LINE ( 'NONE', #3705, #392 ) ;
#1303 = CYLINDRICAL_SURFACE ( 'NONE', #895, 5.000000000000000888 ) ;
#1304 = CARTESIAN_POINT ( 'NONE',  ( 27.89930617879753072, 0.4891017416015692176, 4.943695039093987553 ) ) ;
#1305 = CARTESIAN_POINT ( 'NONE',  ( 6.720374900188017975, -2.468608079496983354, 26.85906399780958864 ) ) ;
#1306 = CARTESIAN_POINT ( 'NONE',  ( -20.49666706225511348, 0.04173109118151323987, 15.78384993460922558 ) ) ;
#1307 = CARTESIAN_POINT ( 'NONE',  ( -17.49999999976395415, -15.00000000000012079, -7.918032764175908511E-05 ) ) ;
#1308 = CARTESIAN_POINT ( 'NONE',  ( 27.91009177483937265, -1.778769886249867538, -4.937206203049013808 ) ) ;
#1309 = EDGE_CURVE ( 'NONE', #2470, #579, #929, .T. ) ;
#1310 = DIRECTION ( 'NONE',  ( 6.938893903915479074E-15, -1.000000000000000000, 0.000000000000000000 ) ) ;
#1311 = DIRECTION ( 'NONE',  ( -1.000000000000000000, -6.938893903915477496E-15, 0.000000000000000000 ) ) ;
#1312 = CARTESIAN_POINT ( 'NONE',  ( -25.75203814385052326, -0.1732423590003643599, -8.046195246430787762 ) ) ;
#1313 = CARTESIAN_POINT ( 'NONE',  ( 28.99999999999345590, 61.99999999992648014, 3.551475717526576189E-15 ) ) ;
#1314 = CARTESIAN_POINT ( 'NONE',  ( 30.24999999975603160, 2.369935205367067255, 2.383622202704227131E-11 ) ) ;
#1315 = ADVANCED_FACE ( 'NONE', ( #1885 ), #312, .F. ) ;
#1316 = VERTEX_POINT ( 'NONE', #3098 ) ;
#1317 = ORIENTED_EDGE ( 'NONE', *, *, #2037, .F. ) ;
#1318 = ORIENTED_EDGE ( 'NONE', *, *, #1098, .F. ) ;
#1319 = DIRECTION ( 'NONE',  ( -4.462356454140729069E-06, -2.167467259768872189E-20, 0.9999999999900437420 ) ) ;
#1320 = CARTESIAN_POINT ( 'NONE',  ( -13.63586559970563883, -2.066986266753094395E-13, -21.45221332362357813 ) ) ;
#1321 = CARTESIAN_POINT ( 'NONE',  ( 25.47355562106630344, -3.229692724785057756, 8.317126672664601372 ) ) ;
#1322 = CARTESIAN_POINT ( 'NONE',  ( 14.49848528669472358, 0.2668423032542109885, 22.68922346393118872 ) ) ;
#1323 = DIRECTION ( 'NONE',  ( -6.938893903915479863E-15, 1.000000000000000000, -0.000000000000000000 ) ) ;
#1324 = PLANE ( 'NONE',  #1149 ) ;
#1325 = CARTESIAN_POINT ( 'NONE',  ( -11.33603692779061234, -20.28589021515007218, -14.43848044196601599 ) ) ;
#1326 = CARTESIAN_POINT ( 'NONE',  ( 26.83857030902651175, -2.480865485682535621, -6.747836688981489139 ) ) ;
#1327 = CARTESIAN_POINT ( 'NONE',  ( 5.577946093191405190E-05, -57.00000000000000000, -12.50000108904640506 ) ) ;
#1328 = CARTESIAN_POINT ( 'NONE',  ( 17.49994868278837501, -14.99999999999987743, 11.50007700191192050 ) ) ;
#1329 = CARTESIAN_POINT ( 'NONE',  ( -27.92094819871573108, -1.768618779470443769, -4.876579126057958291 ) ) ;
#1330 = CARTESIAN_POINT ( 'NONE',  ( -3.642919299551294898E-13, 52.00000000001397638, 0.000000000000000000 ) ) ;
#1331 = PRODUCT_DEFINITION_SHAPE ( 'NONE', 'NONE',  #3164 ) ;
#1332 = EDGE_CURVE ( 'NONE', #759, #3886, #2147, .T. ) ;
#1333 = ORIENTED_EDGE ( 'NONE', *, *, #2848, .F. ) ;
#1334 = EDGE_LOOP ( 'NONE', ( #591, #3350, #2636, #2553, #3770, #178, #1995, #301, #691, #1558, #3409 ) ) ;
#1335 = ORIENTED_EDGE ( 'NONE', *, *, #1209, .F. ) ;
#1336 = ADVANCED_FACE ( 'NONE', ( #1517 ), #2165, .T. ) ;
#1337 = B_SPLINE_CURVE_WITH_KNOTS ( 'NONE', 3,
 ( #543, #2921, #3782, #1082, #180, #805, #1401, #223, #1105, #785, #3913, #2431, #2021, #2967, #1520, #1426, #481, #2296, #519, #2725, #2902, #2617, #3621, #1743, #1447, #2058 ),
 .UNSPECIFIED., .F., .F.,
 ( 4, 2, 2, 2, 2, 2, 2, 2, 2, 2, 2, 2, 4 ),
 ( 0.01759051486476360601, 0.01978159682775062350, 0.02197267879073763752, 0.02306821977223114800, 0.02416376075372465501, 0.02525930173521816549, 0.02635484271671167250, 0.02854592467969869346, 0.02964146566119220741, 0.03073700664268572136, 0.03292808860567274232, 0.03402362958716625280, 0.03511917056865977022 ),
 .UNSPECIFIED. ) ;
#1338 = ORIENTED_EDGE ( 'NONE', *, *, #553, .F. ) ;
#1339 = MANIFOLD_SOLID_BREP ( 'Вырез-Вытянуть3', #441 ) ;
#1340 = DIRECTION ( 'NONE',  ( 0.000000000000000000, 0.000000000000000000, 1.000000000000000000 ) ) ;
#1341 = DIRECTION ( 'NONE',  ( 1.000000000000000000, 6.938893903907226800E-15, 0.000000000000000000 ) ) ;
#1342 = CARTESIAN_POINT ( 'NONE',  ( 23.19275280804781758, -0.5887218900255967169, 10.02555129239973297 ) ) ;
#1343 = AXIS2_PLACEMENT_3D ( 'NONE', #547, #3225, #1089 ) ;
#1344 = CARTESIAN_POINT ( 'NONE',  ( 10.62153539132809321, -4.542556051703853015, 21.92283366608830875 ) ) ;
#1345 = CARTESIAN_POINT ( 'NONE',  ( -22.06137833025655937, 0.1801557763950664970, 14.92840050827543052 ) ) ;
#1346 = AXIS2_PLACEMENT_3D ( 'NONE', #1456, #248, #3894 ) ;
#1347 = PRODUCT_CONTEXT ( 'NONE', #325, 'mechanical' ) ;
#1348 = PLANE ( 'NONE',  #2041 ) ;
#1349 = CARTESIAN_POINT ( 'NONE',  ( 28.99795451770544830, -0.9389695815694010239, -0.7692416957991471405 ) ) ;
#1350 = CIRCLE ( 'NONE', #3050, 4.250000000000054179 ) ;
#1351 = DIRECTION ( 'NONE',  ( 1.000000000000000000, 6.938893903915479074E-15, 0.000000000000000000 ) ) ;
#1352 = CARTESIAN_POINT ( 'NONE',  ( -14.50750811675564655, -2.133709875451472726E-13, -20.36006405299299260 ) ) ;
#1353 = CARTESIAN_POINT ( 'NONE',  ( -21.26425382003078113, -4.707688922682734756, -10.89022364646188912 ) ) ;
#1354 = DIRECTION ( 'NONE',  ( -1.000000000000000000, -6.938893903915477496E-15, -8.881784197001252323E-15 ) ) ;
#1355 = AXIS2_PLACEMENT_3D ( 'NONE', #347, #2736, #3615 ) ;
#1356 = CARTESIAN_POINT ( 'NONE',  ( -3.832026908459411444E-13, 54.81907786237168523, 0.000000000000000000 ) ) ;
#1357 = AXIS2_PLACEMENT_3D ( 'NONE', #2764, #38, #1259 ) ;
#1358 = ORIENTED_EDGE ( 'NONE', *, *, #3294, .T. ) ;
#1359 = VERTEX_POINT ( 'NONE', #3790 ) ;
#1360 = AXIS2_PLACEMENT_3D ( 'NONE', #2951, #1124, #1725 ) ;
#1361 = ADVANCED_FACE ( 'NONE', ( #3502 ), #3361, .T. ) ;
#1362 = ORIENTED_EDGE ( 'NONE', *, *, #3344, .T. ) ;
#1363 = DIRECTION ( 'NONE',  ( -1.000000000000000000, -6.938893903915479074E-15, 0.000000000000000000 ) ) ;
#1364 = CIRCLE ( 'NONE', #3445, 7.000000000000000888 ) ;
#1365 = CARTESIAN_POINT ( 'NONE',  ( 0.6818986636510467880, 59.97722739863559838, 15.83976369801400708 ) ) ;
#1366 = CARTESIAN_POINT ( 'NONE',  ( 25.96062114225760098, 0.8870479484275081150, 11.60440722571359018 ) ) ;
#1367 = AXIS2_PLACEMENT_3D ( 'NONE', #2106, #3849, #1499 ) ;
#1368 = ADVANCED_FACE ( 'NONE', ( #1694 ), #1391, .T. ) ;
#1369 = CARTESIAN_POINT ( 'NONE',  ( -2.862130745270615062, -1.214104323670082364, 28.66158618628497834 ) ) ;
#1370 = DIRECTION ( 'NONE',  ( 4.462356453793781833E-06, 3.096381799429075053E-20, -0.9999999999900437420 ) ) ;
#1371 = VERTEX_POINT ( 'NONE', #426 ) ;
#1372 = CYLINDRICAL_SURFACE ( 'NONE', #1791, 7.000000000000000888 ) ;
#1373 = CARTESIAN_POINT ( 'NONE',  ( -7.809123304982654265E-05, -5.000000000000108358, 17.49999891025371568 ) ) ;
#1374 = CARTESIAN_POINT ( 'NONE',  ( -7.809123304982654265E-05, -5.000000000000108358, 17.49999891025371568 ) ) ;
#1375 = CARTESIAN_POINT ( 'NONE',  ( -7.545414504490977059, -0.6314399799642314015, -21.18558530482255264 ) ) ;
#1376 = CYLINDRICAL_SURFACE ( 'NONE', #1723, 4.999999999999999112 ) ;
#1377 = DIRECTION ( 'NONE',  ( -1.000000000000000000, -7.240584943207538128E-15, 0.000000000000000000 ) ) ;
#1378 = CARTESIAN_POINT ( 'NONE',  ( -29.91358887212313178, 2.216979671612644420, -3.562103880796768429 ) ) ;
#1379 = VERTEX_POINT ( 'NONE', #2605 ) ;
#1380 = ORIENTED_EDGE ( 'NONE', *, *, #800, .T. ) ;
#1381 = EDGE_LOOP ( 'NONE', ( #3006, #2693, #112, #1420, #2053, #2435, #3237 ) ) ;
#1382 = LINE ( 'NONE', #2597, #1487 ) ;
#1383 = DIRECTION ( 'NONE',  ( -0.9999999999900438530, -6.938893903846394580E-15, -4.462356453843344272E-06 ) ) ;
#1384 = EDGE_CURVE ( 'NONE', #3659, #3657, #707, .T. ) ;
#1385 = CARTESIAN_POINT ( 'NONE',  ( 28.46203638486330689, -1.372562072205218087, 3.549174391123159911 ) ) ;
#1386 = CARTESIAN_POINT ( 'NONE',  ( -3.661983301288657344, 2.208439144499918960, 29.89435740175960632 ) ) ;
#1387 = FACE_OUTER_BOUND ( 'NONE', #2532, .T. ) ;
#1388 = ORIENTED_EDGE ( 'NONE', *, *, #2718, .F. ) ;
#1389 = CARTESIAN_POINT ( 'NONE',  ( 16.49999999984074606, -21.99999999999988276, 7.253979179686889309E-05 ) ) ;
#1390 = ADVANCED_FACE ( 'NONE', ( #706 ), #635, .F. ) ;
#1391 = CYLINDRICAL_SURFACE ( 'NONE', #2301, 11.50000000000000711 ) ;
#1392 = CARTESIAN_POINT ( 'NONE',  ( 1.311304270351631995, 60.71485339803788861, 13.76530539816131693 ) ) ;
#1393 = CARTESIAN_POINT ( 'NONE',  ( -1.757569572179463968, 0.3913532096199305865, -27.25339546807820312 ) ) ;
#1394 = CARTESIAN_POINT ( 'NONE',  ( -24.08349204372475327, 0.4887444041890935953, -13.43612986179530466 ) ) ;
#1395 = CARTESIAN_POINT ( 'NONE',  ( 16.49091091448731916, -19.87728248283588783, -9.527161233109220362 ) ) ;
#1396 = CARTESIAN_POINT ( 'NONE',  ( -17.50005131686317483, -15.00000000000012079, 11.49992081943603672 ) ) ;
#1397 = CARTESIAN_POINT ( 'NONE',  ( 7.552357574689174236, -4.797403523906965006, -21.18787632502599649 ) ) ;
#1398 = EDGE_LOOP ( 'NONE', ( #631, #3336, #3155, #34 ) ) ;
#1399 = ORIENTED_EDGE ( 'NONE', *, *, #2091, .F. ) ;
#1400 = CARTESIAN_POINT ( 'NONE',  ( 12.10351786335034596, -14.99999999999992184, -11.49994707887129586 ) ) ;
#1401 = CARTESIAN_POINT ( 'NONE',  ( -27.90044773326103922, -1.783076453120949312, -4.919891598149419565 ) ) ;
#1402 = CARTESIAN_POINT ( 'NONE',  ( 21.92989722862327184, -4.550437397914314452, 10.63663691316316040 ) ) ;
#1403 = CARTESIAN_POINT ( 'NONE',  ( -4.548119633407964102, -1.662759388310810271, 28.06850881524118080 ) ) ;
#1404 = EDGE_CURVE ( 'NONE', #3917, #1718, #639, .T. ) ;
#1405 = PLANE ( 'NONE',  #2570 ) ;
#1406 = ORIENTED_EDGE ( 'NONE', *, *, #3902, .F. ) ;
#1407 = AXIS2_PLACEMENT_3D ( 'NONE', #3285, #1786, #207 ) ;
#1408 = DIRECTION ( 'NONE',  ( 1.224646799147353207E-16, 8.497694209053172746E-31, 1.000000000000000000 ) ) ;
#1409 = CARTESIAN_POINT ( 'NONE',  ( -11.50007809123274427, -50.00000000000007105, 17.49999891025371568 ) ) ;
#1410 = CARTESIAN_POINT ( 'NONE',  ( 0.6821252082778695991, 60.95138396539391579, 13.16032973302326603 ) ) ;
#1411 = AXIS2_PLACEMENT_3D ( 'NONE', #1356, #2592, #3777 ) ;
#1412 = EDGE_CURVE ( 'NONE', #53, #808, #2233, .T. ) ;
#1413 = CARTESIAN_POINT ( 'NONE',  ( 6.292939630860790778, -0.7153492219156503129, -22.13182978396422840 ) ) ;
#1414 = DIRECTION ( 'NONE',  ( -1.000000000000000000, -6.938893903915479074E-15, 0.000000000000000000 ) ) ;
#1415 = DIRECTION ( 'NONE',  ( 1.000000000000000000, 9.251858538542972222E-15, 0.000000000000000000 ) ) ;
#1416 = DIRECTION ( 'NONE',  ( -6.938893903915479074E-15, 1.000000000000000000, -0.000000000000000000 ) ) ;
#1417 = VECTOR ( 'NONE', #1729, 1000.000000000000114 ) ;
#1418 = ADVANCED_FACE ( 'NONE', ( #1146 ), #2992, .F. ) ;
#1419 = CIRCLE ( 'NONE', #1669, 28.99999999999388933 ) ;
#1420 = ORIENTED_EDGE ( 'NONE', *, *, #407, .T. ) ;
#1421 = AXIS2_PLACEMENT_3D ( 'NONE', #3685, #1894, #398 ) ;
#1422 = ORIENTED_EDGE ( 'NONE', *, *, #1555, .F. ) ;
#1423 = FACE_OUTER_BOUND ( 'NONE', #2361, .T. ) ;
#1424 = AXIS2_PLACEMENT_3D ( 'NONE', #682, #1692, #1644 ) ;
#1425 = VECTOR ( 'NONE', #3713, 1000.000000000000227 ) ;
#1426 = CARTESIAN_POINT ( 'NONE',  ( -24.13681894582611065, -3.819459131240759753, -9.398130257028231682 ) ) ;
#1427 = CIRCLE ( 'NONE', #3686, 9.041592679142368638 ) ;
#1428 =( REPRESENTATION_RELATIONSHIP ('NONE','NONE', #3660, #3276 ) REPRESENTATION_RELATIONSHIP_WITH_TRANSFORMATION ( #147 )SHAPE_REPRESENTATION_RELATIONSHIP( ) );
#1429 = CARTESIAN_POINT ( 'NONE',  ( -5.818541882994154868, -2.106445323401619163, 27.42570232397364904 ) ) ;
#1430 = DIRECTION ( 'NONE',  ( 0.9999999999900436309, 6.938893903846393791E-15, 4.462356453843343425E-06 ) ) ;
#1431 = VERTEX_POINT ( 'NONE', #1451 ) ;
#1432 = AXIS2_PLACEMENT_3D ( 'NONE', #414, #754, #1377 ) ;
#1433 = CARTESIAN_POINT ( 'NONE',  ( -31.99999999999443645, 37.99999999999968026, 0.000000000000000000 ) ) ;
#1434 = CARTESIAN_POINT ( 'NONE',  ( 23.85667030995772109, -3.929075463366984433, 9.590048830738243879 ) ) ;
#1435 = CARTESIAN_POINT ( 'NONE',  ( 17.49994868278829330, -4.999999999999990230, 11.50007700191192228 ) ) ;
#1436 = CARTESIAN_POINT ( 'NONE',  ( 4.976501565120145187, -4.538290812854178569, -22.88020311355150227 ) ) ;
#1437 = CYLINDRICAL_SURFACE ( 'NONE', #3732, 1.500000000000000000 ) ;
#1438 = DIRECTION ( 'NONE',  ( 1.000000000000000000, 7.240584943207539705E-15, 6.162808789859133342E-11 ) ) ;
#1439 = DIRECTION ( 'NONE',  ( 1.000000000000000000, 7.709882115452464756E-15, 0.000000000000000000 ) ) ;
#1440 = EDGE_CURVE ( 'NONE', #759, #2040, #67, .T. ) ;
#1441 = CARTESIAN_POINT ( 'NONE',  ( -2.566327871889876988, -4.373572963839984062, -23.72174044419902117 ) ) ;
#1442 = DIRECTION ( 'NONE',  ( -6.938893903915479074E-15, 1.000000000000000000, -0.000000000000000000 ) ) ;
#1443 = ORIENTED_EDGE ( 'NONE', *, *, #373, .T. ) ;
#1444 = ADVANCED_FACE ( 'NONE', ( #2346 ), #548, .T. ) ;
#1445 = ORIENTED_EDGE ( 'NONE', *, *, #2762, .T. ) ;
#1446 = CARTESIAN_POINT ( 'NONE',  ( 24.87307573679000683, 0.6384166478132642375, -12.74769085827809967 ) ) ;
#1447 = CARTESIAN_POINT ( 'NONE',  ( -18.79690458531160857, -5.000000000000242473, -11.43277634540876164 ) ) ;
#1448 = CARTESIAN_POINT ( 'NONE',  ( -3.876761856480634982, 0.6686559345435491020, 28.35948244115639483 ) ) ;
#1449 = CARTESIAN_POINT ( 'NONE',  ( 18.82849906220209846, 1.962665490007683529E-14, 16.44650792917337867 ) ) ;
#1450 = FACE_OUTER_BOUND ( 'NONE', #1381, .T. ) ;
#1451 = CARTESIAN_POINT ( 'NONE',  ( 16.00786191057759211, -4.999999999999997335, -11.49992965629644104 ) ) ;
#1452 = CARTESIAN_POINT ( 'NONE',  ( 1.008877474779466210, 60.86192395648164677, 13.38565621393652449 ) ) ;
#1453 = CARTESIAN_POINT ( 'NONE',  ( 4.439493402623725160, -0.7643012781809606082, -23.11343144622587076 ) ) ;
#1454 = CARTESIAN_POINT ( 'NONE',  ( 2.999999999999708677, 41.51471862576143934, 3.673940397442059375E-16 ) ) ;
#1455 = CARTESIAN_POINT ( 'NONE',  ( 17.50002008049167301, -21.99999999999987566, -4.499922997685106729 ) ) ;
#1456 = CARTESIAN_POINT ( 'NONE',  ( -16.50007362871225780, -15.00000000000011369, 16.49992528174270845 ) ) ;
#1457 = CARTESIAN_POINT ( 'NONE',  ( -28.20063291729340094, 0.6066054203790512966, 4.245951112358315349 ) ) ;
#1458 = EDGE_CURVE ( 'NONE', #3302, #53, #1664, .T. ) ;
#1459 = LINE ( 'NONE', #3563, #3121 ) ;
#1460 = CARTESIAN_POINT ( 'NONE',  ( -9.590050047519710574, -3.929075748591979167, 23.85666902660373623 ) ) ;
#1461 = ORIENTED_EDGE ( 'NONE', *, *, #3357, .T. ) ;
#1462 = CARTESIAN_POINT ( 'NONE',  ( 20.49666538457448794, 0.04173110559845334688, -15.78385235776692497 ) ) ;
#1463 = ORIENTED_EDGE ( 'NONE', *, *, #3357, .F. ) ;
#1464 = EDGE_CURVE ( 'NONE', #1059, #2698, #3888, .T. ) ;
#1465 = FACE_OUTER_BOUND ( 'NONE', #630, .T. ) ;
#1466 = CARTESIAN_POINT ( 'NONE',  ( 26.63523228294188527, 1.064769071387481114, 10.77849004795800170 ) ) ;
#1467 = ORIENTED_EDGE ( 'NONE', *, *, #2187, .F. ) ;
#1468 = DIRECTION ( 'NONE',  ( -1.000000000000000000, -6.938893903980741537E-15, 0.000000000000000000 ) ) ;
#1469 = DIRECTION ( 'NONE',  ( 0.9999999999900436309, 6.938893903846393791E-15, 4.462356453843343425E-06 ) ) ;
#1470 = LINE ( 'NONE', #306, #644 ) ;
#1471 = CARTESIAN_POINT ( 'NONE',  ( -4.040520926536408375, -4.464578002632748621, -23.26989216564080465 ) ) ;
#1472 = CIRCLE ( 'NONE', #1088, 7.000000000000000888 ) ;
#1473 = ORIENTED_EDGE ( 'NONE', *, *, #2334, .F. ) ;
#1474 = CARTESIAN_POINT ( 'NONE',  ( 4.249999999999565681, 70.00000000000000000, 0.000000000000000000 ) ) ;
#1475 = CARTESIAN_POINT ( 'NONE',  ( 18.82849906220209846, 1.962665490007683529E-14, 16.44650792917337867 ) ) ;
#1476 = CARTESIAN_POINT ( 'NONE',  ( 4.269458179166124800, -4.481717169890410801, -23.18120198966954248 ) ) ;
#1477 = CIRCLE ( 'NONE', #3668, 4.999999999999999112 ) ;
#1478 = CARTESIAN_POINT ( 'NONE',  ( -24.38423060748374382, -0.4453589472639133962, 9.248144377806564620 ) ) ;
#1479 = CARTESIAN_POINT ( 'NONE',  ( -2.908851536435246238E-13, 41.51471862576141802, 0.000000000000000000 ) ) ;
#1480 = CARTESIAN_POINT ( 'NONE',  ( 18.42602446299190078, -4.999999999999984013, -11.46257882845793219 ) ) ;
#1481 = CIRCLE ( 'NONE', #3800, 4.500000000000006217 ) ;
#1482 = ORIENTED_EDGE ( 'NONE', *, *, #1309, .T. ) ;
#1483 = AXIS2_PLACEMENT_3D ( 'NONE', #1374, #3189, #473 ) ;
#1484 = VERTEX_POINT ( 'NONE', #2085 ) ;
#1485 = CARTESIAN_POINT ( 'NONE',  ( 22.81453824720187029, 0.2781543413323100400, -14.43352795281597167 ) ) ;
#1486 = VERTEX_POINT ( 'NONE', #2066 ) ;
#1487 = VECTOR ( 'NONE', #419, 1000.000000000000227 ) ;
#1488 = EDGE_CURVE ( 'NONE', #3720, #1431, #2, .T. ) ;
#1489 = CARTESIAN_POINT ( 'NONE',  ( 28.99999999976574827, -14.99999999999979750, 7.700214825490103721E-05 ) ) ;
#1490 = VECTOR ( 'NONE', #1430, 1000.000000000000227 ) ;
#1491 = ORIENTED_EDGE ( 'NONE', *, *, #1233, .F. ) ;
#1492 = DIRECTION ( 'NONE',  ( -1.000000000000000000, -6.938893903907226800E-15, 0.000000000000000000 ) ) ;
#1493 = CARTESIAN_POINT ( 'NONE',  ( -17.50002008036799594, -15.00000000000012079, 4.499920819505731195 ) ) ;
#1494 = VECTOR ( 'NONE', #2653, 1000.000000000000000 ) ;
#1495 = EDGE_CURVE ( 'NONE', #761, #3394, #2026, .T. ) ;
#1496 = CARTESIAN_POINT ( 'NONE',  ( 16.16039384535836021, -2.494332616009152057E-16, 19.64700292832714368 ) ) ;
#1497 = CARTESIAN_POINT ( 'NONE',  ( 7.553198379487749747, -4.797493758071255776, -21.18717006927480639 ) ) ;
#1498 = CIRCLE ( 'NONE', #341, 4.500000000000006217 ) ;
#1499 = DIRECTION ( 'NONE',  ( 4.462356454316048796E-06, -5.795900225120290099E-32, -0.9999999999900437420 ) ) ;
#1500 = CYLINDRICAL_SURFACE ( 'NONE', #1595, 5.000000000000000888 ) ;
#1501 = CIRCLE ( 'NONE', #2640, 2.999999999999999556 ) ;
#1502 = CARTESIAN_POINT ( 'NONE',  ( -22.56739100005845344, -0.6373426950841655225, 10.37017890960073530 ) ) ;
#1503 = CARTESIAN_POINT ( 'NONE',  ( 17.50005131698680216, -14.99999999999987743, -11.49992299761541226 ) ) ;
#1504 = CARTESIAN_POINT ( 'NONE',  ( -18.93319106685719078, -0.2144527269307459627, 11.42160452358700518 ) ) ;
#1505 = ORIENTED_EDGE ( 'NONE', *, *, #2069, .F. ) ;
#1506 = DIRECTION ( 'NONE',  ( 0.9999999999900436309, 6.938893903846393002E-15, 4.462356453843343425E-06 ) ) ;
#1507 = EDGE_LOOP ( 'NONE', ( #2549, #455, #2797, #558 ) ) ;
#1508 = CARTESIAN_POINT ( 'NONE',  ( 16.49997991923672913, -26.99999999999988631, 4.500072539625161738 ) ) ;
#1509 = ADVANCED_FACE ( 'NONE', ( #3267 ), #3590, .T. ) ;
#1510 = ORIENTED_EDGE ( 'NONE', *, *, #828, .F. ) ;
#1511 = DIRECTION ( 'NONE',  ( 1.000000000000000000, 6.938893904095090869E-15, 0.000000000000000000 ) ) ;
#1512 = CARTESIAN_POINT ( 'NONE',  ( 27.36789565075090991, 0.2922432270389049846, -5.975588202348934175 ) ) ;
#1513 = CARTESIAN_POINT ( 'NONE',  ( -16.50007362871220451, -22.00000000000011369, 16.49992528174270845 ) ) ;
#1514 = CARTESIAN_POINT ( 'NONE',  ( 9.644588333076574926, -0.2242368357382475141, -18.78337464552583924 ) ) ;
#1515 = EDGE_CURVE ( 'NONE', #1125, #393, #581, .T. ) ;
#1516 = CARTESIAN_POINT ( 'NONE',  ( 18.68183347381591375, -0.1082103735209110212, 11.44206926102770261 ) ) ;
#1517 = FACE_OUTER_BOUND ( 'NONE', #3171, .T. ) ;
#1518 = CARTESIAN_POINT ( 'NONE',  ( -23.21506595352699520, -4.170040929354639658, 10.00479795420381102 ) ) ;
#1519 = DIRECTION ( 'NONE',  ( -1.000000000000000000, -6.938893903908690137E-15, 0.000000000000000000 ) ) ;
#1520 = CARTESIAN_POINT ( 'NONE',  ( -24.96974284184068793, -3.471017173258004629, -8.771388143873359411 ) ) ;
#1521 = VERTEX_POINT ( 'NONE', #1409 ) ;
#1522 = CARTESIAN_POINT ( 'NONE',  ( 25.78603549326528821, 0.8491780223180727116, -11.77767667872352675 ) ) ;
#1523 = VERTEX_POINT ( 'NONE', #3534 ) ;
#1524 = EDGE_LOOP ( 'NONE', ( #2355, #2115, #2153, #353, #3544, #1878 ) ) ;
#1525 = CARTESIAN_POINT ( 'NONE',  ( -16.49997991922666429, -22.00000000000011369, -4.500074717804538160 ) ) ;
#1526 = CARTESIAN_POINT ( 'NONE',  ( 14.07190951300591841, -1.338079122601299603E-14, -20.90596790087664658 ) ) ;
#1527 = CARTESIAN_POINT ( 'NONE',  ( 27.93531560569437389, -1.760882946852934561, -4.884088251156574856 ) ) ;
#1528 = CARTESIAN_POINT ( 'NONE',  ( 4.500055779416088697, -49.99999999999997158, -12.49998100844236149 ) ) ;
#1529 = CARTESIAN_POINT ( 'NONE',  ( 9.584229357575742014, -4.986519663759676924, -18.87659724298661246 ) ) ;
#1530 = CARTESIAN_POINT ( 'NONE',  ( -4.330303476907104709E-13, 61.99999999992628119, 0.000000000000000000 ) ) ;
#1531 = EDGE_CURVE ( 'NONE', #1150, #434, #1769, .T. ) ;
#1532 = FACE_OUTER_BOUND ( 'NONE', #16, .T. ) ;
#1533 = CARTESIAN_POINT ( 'NONE',  ( 0.3131207899769926639, 49.51237607655038886, 30.73050928153568506 ) ) ;
#1534 = AXIS2_PLACEMENT_3D ( 'NONE', #3114, #439, #2581 ) ;
#1535 = EDGE_CURVE ( 'NONE', #2129, #356, #2972, .T. ) ;
#1536 = SPHERICAL_SURFACE ( 'NONE', #1868, 5.000000000000000000 ) ;
#1537 = AXIS2_PLACEMENT_3D ( 'NONE', #3181, #3804, #462 ) ;
#1538 = VERTEX_POINT ( 'NONE', #3865 ) ;
#1539 = ORIENTED_EDGE ( 'NONE', *, *, #1806, .F. ) ;
#1540 = VECTOR ( 'NONE', #945, 1000.000000000000000 ) ;
#1541 = DIRECTION ( 'NONE',  ( -4.462356454487671223E-06, -3.096381799910561150E-20, 0.9999999999900437420 ) ) ;
#1542 = AXIS2_PLACEMENT_3D ( 'NONE', #2733, #1546, #606 ) ;
#1543 = CARTESIAN_POINT ( 'NONE',  ( 6.062615574053825895, 68.84523652349353995, 0.000000000000000000 ) ) ;
#1544 = CARTESIAN_POINT ( 'NONE',  ( 22.56738970935810684, -0.6373426950766769572, -10.37018171853699045 ) ) ;
#1545 = AXIS2_PLACEMENT_3D ( 'NONE', #3020, #561, #2417 ) ;
#1546 = DIRECTION ( 'NONE',  ( -0.000000000000000000, -1.000000000000000000, -0.000000000000000000 ) ) ;
#1547 = CARTESIAN_POINT ( 'NONE',  ( -23.84613061720246563, -3.940829065396980191, 9.616036738434178943 ) ) ;
#1548 = AXIS2_PLACEMENT_3D ( 'NONE', #2926, #2661, #3516 ) ;
#1549 = CARTESIAN_POINT ( 'NONE',  ( -30.02606042997165403, 54.81907786237147207, 3.677131879656931801E-15 ) ) ;
#1550 =( LENGTH_UNIT ( ) NAMED_UNIT ( * ) SI_UNIT ( .MILLI., .METRE. ) );
#1551 = CIRCLE ( 'NONE', #1231, 11.50000000000000711 ) ;
#1552 = APPLICATION_CONTEXT ( 'automotive_design' ) ;
#1553 = CARTESIAN_POINT ( 'NONE',  ( -27.35355357029818890, 0.2922281399785675027, -5.964078314968113581 ) ) ;
#1554 = CARTESIAN_POINT ( 'NONE',  ( 11.20998567426313919, -17.76698352374667422, -15.06723433952147495 ) ) ;
#1555 = EDGE_CURVE ( 'NONE', #3848, #2778, #3306, .T. ) ;
#1556 = CARTESIAN_POINT ( 'NONE',  ( -1.381468750575974846, 49.05774737772995309, 29.66216132093670055 ) ) ;
#1557 = TOROIDAL_SURFACE ( 'NONE', #1616, 28.99999999999426237, 2.999999999999980904 ) ;
#1558 = ORIENTED_EDGE ( 'NONE', *, *, #3822, .T. ) ;
#1559 = EDGE_LOOP ( 'NONE', ( #3532, #3882, #1574, #2024 ) ) ;
#1560 = ADVANCED_FACE ( 'NONE', ( #3574 ), #2488, .F. ) ;
#1561 = DIRECTION ( 'NONE',  ( -6.938893903915479863E-15, 1.000000000000000000, -0.000000000000000000 ) ) ;
#1562 = CARTESIAN_POINT ( 'NONE',  ( 9.570637886464208322, 0.1565382291247481850, -24.68524868078738166 ) ) ;
#1563 = CARTESIAN_POINT ( 'NONE',  ( 24.95195344292818618, -0.3462824099460791172, -8.795373176886805311 ) ) ;
#1564 = CARTESIAN_POINT ( 'NONE',  ( -11.18753341488758402, -17.10847804958068252, -15.16305658738217410 ) ) ;
#1565 = CARTESIAN_POINT ( 'NONE',  ( -0.7779130556577585898, 0.9435733016515905902, 28.98071977346901562 ) ) ;
#1566 = CARTESIAN_POINT ( 'NONE',  ( 10.46914588914631672, 0.1181286410441756696, -24.12165750784648210 ) ) ;
#1567 = LINE ( 'NONE', #3360, #3366 ) ;
#1568 = CARTESIAN_POINT ( 'NONE',  ( 14.92908739546722430, 0.1800314017749594653, 22.06023481913730322 ) ) ;
#1569 = DIRECTION ( 'NONE',  ( -6.938893903915479863E-15, 1.000000000000000000, -0.000000000000000000 ) ) ;
#1570 = CARTESIAN_POINT ( 'NONE',  ( -24.95216087288124740, -3.479346374528357266, -8.787030850516778457 ) ) ;
#1571 = CARTESIAN_POINT ( 'NONE',  ( -2.594452553608517715E-14, 49.80373586954477361, 31.04363007151264142 ) ) ;
#1572 = EDGE_CURVE ( 'NONE', #2293, #1181, #1219, .T. ) ;
#1573 = ORIENTED_EDGE ( 'NONE', *, *, #601, .T. ) ;
#1574 = ORIENTED_EDGE ( 'NONE', *, *, #3393, .F. ) ;
#1575 = ORIENTED_EDGE ( 'NONE', *, *, #1572, .F. ) ;
#1576 = ADVANCED_FACE ( 'NONE', ( #3652 ), #2237, .T. ) ;
#1577 = LINE ( 'NONE', #78, #1677 ) ;
#1578 = CARTESIAN_POINT ( 'NONE',  ( -11.02892278824032957, 0.09474746819061714842, -23.71272628430181939 ) ) ;
#1579 = CARTESIAN_POINT ( 'NONE',  ( 28.57319946282695611, 0.7615169029332202744, -3.139972339646929456 ) ) ;
#1580 = CARTESIAN_POINT ( 'NONE',  ( -0.3482644545028191208, -0.9369390766224158229, 29.00037483904237945 ) ) ;
#1581 = CARTESIAN_POINT ( 'NONE',  ( -28.09019098035265927, 1.509970524382797885, 8.544822324604750108 ) ) ;
#1582 = CARTESIAN_POINT ( 'NONE',  ( 10.11143708316383538, -5.000000000000045297, -17.97813655023391988 ) ) ;
#1583 = DIRECTION ( 'NONE',  ( -6.938893903915479074E-15, 1.000000000000000000, -0.000000000000000000 ) ) ;
#1584 = DIRECTION ( 'NONE',  ( -0.9999999999900438530, -6.938893903846394580E-15, -4.462356453843344272E-06 ) ) ;
#1585 = PLANE ( 'NONE',  #530 ) ;
#1586 = CARTESIAN_POINT ( 'NONE',  ( -30.25039445226038382, 2.370119592951918985, -0.4445433367522752532 ) ) ;
#1587 = CARTESIAN_POINT ( 'NONE',  ( 11.46736999238823351, -22.62247736061136649, -13.39150023233459486 ) ) ;
#1588 = DIRECTION ( 'NONE',  ( -0.9999999999900437420, -6.938893903846393791E-15, -4.462356454084752897E-06 ) ) ;
#1589 = ORIENTED_EDGE ( 'NONE', *, *, #1827, .T. ) ;
#1590 = ORIENTED_EDGE ( 'NONE', *, *, #2452, .T. ) ;
#1591 = AXIS2_PLACEMENT_3D ( 'NONE', #227, #2042, #3573 ) ;
#1592 = ORIENTED_EDGE ( 'NONE', *, *, #1845, .F. ) ;
#1593 = AXIS2_PLACEMENT_3D ( 'NONE', #994, #3348, #671 ) ;
#1594 = DIRECTION ( 'NONE',  ( 1.000000000000000000, 6.906973953740272334E-15, 0.000000000000000000 ) ) ;
#1595 = AXIS2_PLACEMENT_3D ( 'NONE', #3538, #2392, #2939 ) ;
#1596 = CARTESIAN_POINT ( 'NONE',  ( -16.50007809106877943, -5.000000000000219380, 17.49992528137222081 ) ) ;
#1597 = EDGE_CURVE ( 'NONE', #1316, #2017, #1030, .T. ) ;
#1598 = CARTESIAN_POINT ( 'NONE',  ( 25.05308513304004236, 0.6816562005841310112, 12.54835797681482390 ) ) ;
#1599 = CARTESIAN_POINT ( 'NONE',  ( 1.851082675266932931, 2.335846991831051156, 30.17789128819308786 ) ) ;
#1600 = AXIS2_PLACEMENT_3D ( 'NONE', #2387, #1246, #3325 ) ;
#1601 = CARTESIAN_POINT ( 'NONE',  ( 2.121320343559826238, 40.99999999999992184, 28.92230972795298172 ) ) ;
#1602 = CARTESIAN_POINT ( 'NONE',  ( 2.579781721942152828, -1.172425272702660504, 28.71290490291700692 ) ) ;
#1603 = ADVANCED_FACE ( 'NONE', ( #3595 ), #887, .F. ) ;
#1604 = DIRECTION ( 'NONE',  ( 0.000000000000000000, -0.000000000000000000, 1.000000000000000000 ) ) ;
#1605 = STYLED_ITEM ( 'NONE', ( #3915 ), #2568 ) ;
#1606 = UNCERTAINTY_MEASURE_WITH_UNIT (LENGTH_MEASURE( 1.000000000000000082E-05 ), #1817, 'distance_accuracy_value', 'NONE');
#1607 = CARTESIAN_POINT ( 'NONE',  ( -2.818925648461541206E-15, -1.110223024626274199E-13, 0.000000000000000000 ) ) ;
#1608 = CARTESIAN_POINT ( 'NONE',  ( -8.702075706777705477, 0.1937288254871680493, -25.18640074029664078 ) ) ;
#1609 = CIRCLE ( 'NONE', #2750, 7.000000000000000888 ) ;
#1610 = CARTESIAN_POINT ( 'NONE',  ( -26.85027012305274141, -2.469307634190870182, -6.704313725135426338 ) ) ;
#1611 = CARTESIAN_POINT ( 'NONE',  ( -17.49997991915991236, -15.00000000000012079, -4.500079180160991399 ) ) ;
#1612 = DIRECTION ( 'NONE',  ( -1.000000000000000000, -6.938893903915477496E-15, 0.000000000000000000 ) ) ;
#1613 = CIRCLE ( 'NONE', #1044, 11.50000000000000711 ) ;
#1614 = ORIENTED_EDGE ( 'NONE', *, *, #894, .F. ) ;
#1615 = VERTEX_POINT ( 'NONE', #3028 ) ;
#1616 = AXIS2_PLACEMENT_3D ( 'NONE', #1330, #3214, #1673 ) ;
#1617 = ORIENTED_EDGE ( 'NONE', *, *, #210, .F. ) ;
#1618 = CARTESIAN_POINT ( 'NONE',  ( 28.99999999999389999, 52.00000000001418243, 3.551475717526621549E-15 ) ) ;
#1619 = CARTESIAN_POINT ( 'NONE',  ( 0.9340005620734322944, 60.03134389207323807, 15.67790804173567132 ) ) ;
#1620 = CARTESIAN_POINT ( 'NONE',  ( 26.42200420566478414, -2.720098321304854405, 7.264521451819103248 ) ) ;
#1621 = CARTESIAN_POINT ( 'NONE',  ( 8.771219087515051527, -3.473778498720093477, 24.94573266523947908 ) ) ;
#1622 = EDGE_CURVE ( 'NONE', #2982, #539, #3311, .T. ) ;
#1623 = CARTESIAN_POINT ( 'NONE',  ( -28.99999999964220976, -0.9372567358824889228, 0.7395813776758728419 ) ) ;
#1624 = CARTESIAN_POINT ( 'NONE',  ( -2.891307531217606641, -1.219777142913037737, 28.65448174693618100 ) ) ;
#1625 = CARTESIAN_POINT ( 'NONE',  ( 3.673940397442060361E-16, 0.000000000000000000, 3.000000000000000444 ) ) ;
#1626 = DIRECTION ( 'NONE',  ( 1.000000000000000000, 6.938893903915479074E-15, 0.000000000000000000 ) ) ;
#1627 = ADVANCED_FACE ( 'NONE', ( #3381 ), #1266, .T. ) ;
#1628 = CARTESIAN_POINT ( 'NONE',  ( -16.05172460869251339, -16.22994552894767750, -11.39555926820399456 ) ) ;
#1629 = CARTESIAN_POINT ( 'NONE',  ( -4.499944220494262126, -57.00000000000002842, -12.50002116965044863 ) ) ;
#1630 = CARTESIAN_POINT ( 'NONE',  ( -28.83850388407127596, 0.8784829445274453530, -1.967936416537831912 ) ) ;
#1631 = CARTESIAN_POINT ( 'NONE',  ( -11.49994422042477638, -27.00000000000007816, -12.50005240614562929 ) ) ;
#1632 = DIRECTION ( 'NONE',  ( -1.000000000000000000, -6.938893903915479074E-15, 0.000000000000000000 ) ) ;
#1633 = EDGE_CURVE ( 'NONE', #3391, #3659, #3329, .T. ) ;
#1634 = ORIENTED_EDGE ( 'NONE', *, *, #2318, .T. ) ;
#1635 = ORIENTED_EDGE ( 'NONE', *, *, #2235, .F. ) ;
#1636 = ORIENTED_EDGE ( 'NONE', *, *, #2209, .T. ) ;
#1637 = ORIENTED_EDGE ( 'NONE', *, *, #2313, .F. ) ;
#1638 = CARTESIAN_POINT ( 'NONE',  ( 11.73040827812731202, -19.68232283794716864, -9.711718764119094516 ) ) ;
#1639 = CARTESIAN_POINT ( 'NONE',  ( 11.49992190865282105, -56.99999999999992895, 17.50005022735293991 ) ) ;
#1640 = CARTESIAN_POINT ( 'NONE',  ( 22.89171103400123997, -4.265834428136362710, 10.16408463555532116 ) ) ;
#1641 = CARTESIAN_POINT ( 'NONE',  ( 1.591535268987136709, 0.9135013920251074948, 28.91747394468181653 ) ) ;
#1642 = DIRECTION ( 'NONE',  ( -1.000000000000000000, -6.938893903915479074E-15, 0.000000000000000000 ) ) ;
#1643 = CARTESIAN_POINT ( 'NONE',  ( -16.49995744395750208, -19.88709576829232262, -9.536135542511047447 ) ) ;
#1644 = DIRECTION ( 'NONE',  ( 0.7071035919299202277, -7.061989708234445923E-15, -0.7071099704287904242 ) ) ;
#1645 = PLANE ( 'NONE',  #3488 ) ;
#1646 = CARTESIAN_POINT ( 'NONE',  ( 23.83783959700993194, -3.943948477405164965, -9.621413875316196851 ) ) ;
#1647 = CARTESIAN_POINT ( 'NONE',  ( 17.50005131698684835, -21.99999999999987566, -11.49992299761541226 ) ) ;
#1648 = CARTESIAN_POINT ( 'NONE',  ( -9.010945861688202996, -4.948027813354030968, -19.71811299322018129 ) ) ;
#1649 = CARTESIAN_POINT ( 'NONE',  ( 16.36063208967469151, -18.72227666436913296, -10.44854604629910533 ) ) ;
#1650 = CARTESIAN_POINT ( 'NONE',  ( -29.16960242882026222, 1.906779331794501653, -6.126931009232360559 ) ) ;
#1651 = EDGE_CURVE ( 'NONE', #2253, #761, #1567, .T. ) ;
#1652 = VERTEX_POINT ( 'NONE', #1884 ) ;
#1653 = VERTEX_POINT ( 'NONE', #1207 ) ;
#1654 = ORIENTED_EDGE ( 'NONE', *, *, #184, .T. ) ;
#1655 = EDGE_CURVE ( 'NONE', #1379, #159, #1284, .T. ) ;
#1656 = ORIENTED_EDGE ( 'NONE', *, *, #3482, .T. ) ;
#1657 = CARTESIAN_POINT ( 'NONE',  ( -17.49999999976402520, -5.000000000000233591, -7.918032764175908511E-05 ) ) ;
#1658 = VERTEX_POINT ( 'NONE', #311 ) ;
#1659 = CARTESIAN_POINT ( 'NONE',  ( -11.50007809111824564, -50.00000000000007105, 17.49994759315449144 ) ) ;
#1660 = CARTESIAN_POINT ( 'NONE',  ( 27.92094880579389482, -1.768618779373328564, 4.876575650832707609 ) ) ;
#1661 = CIRCLE ( 'NONE', #1346, 5.000000000000000888 ) ;
#1662 = CARTESIAN_POINT ( 'NONE',  ( -8.316031391788998306, 1.548188138676323433, 28.19440507961832765 ) ) ;
#1663 = CARTESIAN_POINT ( 'NONE',  ( 17.50005131698674887, -4.999999999999990230, -11.49992299761541226 ) ) ;
#1664 = CIRCLE ( 'NONE', #2049, 5.000000000000000000 ) ;
#1665 = ORIENTED_EDGE ( 'NONE', *, *, #2002, .T. ) ;
#1666 = APPLICATION_PROTOCOL_DEFINITION ( 'draft international standard', 'automotive_design', 1998, #274 ) ;
#1667 = DIRECTION ( 'NONE',  ( -0.4226182617406885056, -0.9063077870366550437, 5.175581015019601462E-17 ) ) ;
#1668 = CARTESIAN_POINT ( 'NONE',  ( 22.28376473548669168, -4.446379162774820593, -10.46377777335020731 ) ) ;
#1669 = AXIS2_PLACEMENT_3D ( 'NONE', #1670, #152, #173 ) ;
#1670 = CARTESIAN_POINT ( 'NONE',  ( -2.873135757089963327E-13, 40.99999999999990763, 0.000000000000000000 ) ) ;
#1671 = CARTESIAN_POINT ( 'NONE',  ( -10.48168088455203240, 0.1176108609329205856, -24.10119670278159987 ) ) ;
#1672 = CARTESIAN_POINT ( 'NONE',  ( -4.499944220494316305, -50.00000000000002842, -12.50002116965045040 ) ) ;
#1673 = DIRECTION ( 'NONE',  ( -1.000000000000000000, -6.938893903915479863E-15, 0.000000000000000000 ) ) ;
#1674 = B_SPLINE_CURVE_WITH_KNOTS ( 'NONE', 3,
 ( #2682, #1110, #2385, #2326, #867, #2084, #2025, #1728 ),
 .UNSPECIFIED., .F., .F.,
 ( 4, 2, 2, 4 ),
 ( 2.788396598482027076E-07, 0.001562053936303934003, 0.002342941484625980699, 0.003123829032948026961 ),
 .UNSPECIFIED. ) ;
#1675 = CIRCLE ( 'NONE', #1421, 24.99999999999416644 ) ;
#1676 = CARTESIAN_POINT ( 'NONE',  ( -30.25000140277451166, 2.369936796240018406, -0.4459476112488792721 ) ) ;
#1677 = VECTOR ( 'NONE', #2822, 1000.000000000000000 ) ;
#1678 = ADVANCED_FACE ( 'NONE', ( #624 ), #71, .T. ) ;
#1679 = ORIENTED_EDGE ( 'NONE', *, *, #1972, .F. ) ;
#1680 = VERTEX_POINT ( 'NONE', #911 ) ;
#1681 = AXIS2_PLACEMENT_3D ( 'NONE', #3378, #1049, #1642 ) ;
#1682 = ORIENTED_EDGE ( 'NONE', *, *, #916, .F. ) ;
#1683 = CARTESIAN_POINT ( 'NONE',  ( 11.27108886589073933, -19.11869348874874674, -14.78527933008722606 ) ) ;
#1684 = AXIS2_PLACEMENT_3D ( 'NONE', #2790, #3697, #3100 ) ;
#1685 = EDGE_CURVE ( 'NONE', #2040, #3454, #2770, .T. ) ;
#1686 = DIRECTION ( 'NONE',  ( 6.938893903915479074E-15, -1.000000000000000000, 0.000000000000000000 ) ) ;
#1687 = CARTESIAN_POINT ( 'NONE',  ( 26.19331500275471925, -2.848120112390780445, 7.536754013622814163 ) ) ;
#1688 = AXIS2_PLACEMENT_3D ( 'NONE', #1474, #3523, #831 ) ;
#1689 = CARTESIAN_POINT ( 'NONE',  ( -14.51315249778732230, 0.2622447804191405663, 22.69790793109789107 ) ) ;
#1690 = CARTESIAN_POINT ( 'NONE',  ( -17.50007362864551297, -5.000000000000233591, 16.49992081938625432 ) ) ;
#1691 = VERTEX_POINT ( 'NONE', #2131 ) ;
#1692 = DIRECTION ( 'NONE',  ( 0.7071099704287904242, -4.511278252124243592E-16, 0.7071035919299202277 ) ) ;
#1693 = DIRECTION ( 'NONE',  ( -4.462356454316048796E-06, -3.096381799795152205E-20, 0.9999999999900437420 ) ) ;
#1694 = FACE_OUTER_BOUND ( 'NONE', #238, .T. ) ;
#1695 = CARTESIAN_POINT ( 'NONE',  ( -1.319658180735189035, 60.71598463043784477, 13.76141688353816050 ) ) ;
#1696 = CARTESIAN_POINT ( 'NONE',  ( -0.2786255426677886615, -0.7781744652714571719, -23.99981760670297959 ) ) ;
#1697 = CARTESIAN_POINT ( 'NONE',  ( 11.49992190865277308, -49.99999999999992895, 17.50005022735293991 ) ) ;
#1698 = CARTESIAN_POINT ( 'NONE',  ( -22.06568654370775207, 0.1807226987907568361, -14.92571383772409455 ) ) ;
#1699 = CARTESIAN_POINT ( 'NONE',  ( 3.292265542276539225, -4.414544847101744551, -23.52171543654338493 ) ) ;
#1700 = ORIENTED_EDGE ( 'NONE', *, *, #1162, .T. ) ;
#1701 = EDGE_CURVE ( 'NONE', #370, #2778, #2788, .T. ) ;
#1702 = EDGE_LOOP ( 'NONE', ( #2963, #2918, #600, #1461 ) ) ;
#1703 = CARTESIAN_POINT ( 'NONE',  ( -17.50007362864551297, -5.000000000000233591, 16.49992081938625432 ) ) ;
#1704 = DIRECTION ( 'NONE',  ( -0.9967526701821516344, 0.000000000000000000, -0.08052399943340378397 ) ) ;
#1705 = CARTESIAN_POINT ( 'NONE',  ( 20.69979313172915880, -0.5808594733142068423, 11.07679571449168954 ) ) ;
#1706 = EDGE_CURVE ( 'NONE', #1102, #881, #518, .T. ) ;
#1707 = CARTESIAN_POINT ( 'NONE',  ( -8.787029018233450728, -3.479346779711138815, 24.95216065648512682 ) ) ;
#1708 = CYLINDRICAL_SURFACE ( 'NONE', #3188, 5.000000000000000888 ) ;
#1709 = ORIENTED_EDGE ( 'NONE', *, *, #3797, .T. ) ;
#1710 = CARTESIAN_POINT ( 'NONE',  ( -16.35878042964721502, -18.72890494666370742, -10.42931390851500595 ) ) ;
#1711 = DIRECTION ( 'NONE',  ( -6.938893903915479863E-15, 1.000000000000000000, -0.000000000000000000 ) ) ;
#1712 = DIRECTION ( 'NONE',  ( 0.9999999999900438530, 6.938893903838143095E-15, 4.462356453793780139E-06 ) ) ;
#1713 = CARTESIAN_POINT ( 'NONE',  ( -1.499999999986399768, 60.44193893134606554, 14.49999685643533276 ) ) ;
#1714 = CARTESIAN_POINT ( 'NONE',  ( -1.298973610255296229, -4.329108783516661951, -23.92928240491370673 ) ) ;
#1715 = CARTESIAN_POINT ( 'NONE',  ( -18.82849701515661067, -2.411265631607761861E-13, -16.44651027269758004 ) ) ;
#1716 = FACE_OUTER_BOUND ( 'NONE', #2119, .T. ) ;
#1717 = CARTESIAN_POINT ( 'NONE',  ( -30.11504873013947403, 2.307691849476231294, -2.235467593240351825 ) ) ;
#1718 = VERTEX_POINT ( 'NONE', #26 ) ;
#1719 = ORIENTED_EDGE ( 'NONE', *, *, #1891, .F. ) ;
#1720 = CARTESIAN_POINT ( 'NONE',  ( 16.20202914164687158, -17.63295004983880077, -10.99048184267934403 ) ) ;
#1721 = ORIENTED_EDGE ( 'NONE', *, *, #3511, .F. ) ;
#1722 = LINE ( 'NONE', #3261, #2169 ) ;
#1723 = AXIS2_PLACEMENT_3D ( 'NONE', #2591, #507, #3192 ) ;
#1724 = CARTESIAN_POINT ( 'NONE',  ( -10.88894219425118770, -0.6303877584102107745, 21.31744549931008592 ) ) ;
#1725 = DIRECTION ( 'NONE',  ( -1.000000000000000000, -6.938893903915479074E-15, 0.000000000000000000 ) ) ;
#1726 = EDGE_CURVE ( 'NONE', #1523, #3704, #2744, .T. ) ;
#1727 = ORIENTED_EDGE ( 'NONE', *, *, #1279, .F. ) ;
#1728 = CARTESIAN_POINT ( 'NONE',  ( 3.266920515418990600E-14, 40.19626413046899671, 31.04363007151270182 ) ) ;
#1729 = DIRECTION ( 'NONE',  ( -4.462356454316048796E-06, -3.096381799795151604E-20, 0.9999999999900436309 ) ) ;
#1730 = UNCERTAINTY_MEASURE_WITH_UNIT (LENGTH_MEASURE( 1.000000000000000082E-05 ), #1550, 'distance_accuracy_value', 'NONE');
#1731 = CARTESIAN_POINT ( 'NONE',  ( 2.121320343559826238, 40.99999999999992184, 28.92230972795298172 ) ) ;
#1732 = CARTESIAN_POINT ( 'NONE',  ( 1.390364751647311659, 0.4004215863748468163, -27.33407786580048437 ) ) ;
#1733 = CARTESIAN_POINT ( 'NONE',  ( -18.79088578622102190, -4.999999999234260528, -11.43326252727905690 ) ) ;
#1734 = CARTESIAN_POINT ( 'NONE',  ( -17.49999999976395415, -15.00000000000012079, -7.918032764175908511E-05 ) ) ;
#1735 = FACE_OUTER_BOUND ( 'NONE', #1275, .T. ) ;
#1736 = VECTOR ( 'NONE', #3286, 1000.000000000000227 ) ;
#1737 = AXIS2_PLACEMENT_3D ( 'NONE', #1112, #211, #2328 ) ;
#1738 = CARTESIAN_POINT ( 'NONE',  ( 28.99999999999390710, 38.00000000000010658, 3.551475717526610899E-15 ) ) ;
#1739 = VERTEX_POINT ( 'NONE', #1435 ) ;
#1740 = CONICAL_SURFACE ( 'NONE', #2748, 9.041592679142366862, 0.4363323129985772209 ) ;
#1741 = ORIENTED_EDGE ( 'NONE', *, *, #1779, .F. ) ;
#1742 = AXIS2_PLACEMENT_3D ( 'NONE', #3460, #2786, #3080 ) ;
#1743 = CARTESIAN_POINT ( 'NONE',  ( -19.16574381737858346, -4.982672691733323056, -11.38483103403035024 ) ) ;
#1744 = CIRCLE ( 'NONE', #79, 2.999999999999999556 ) ;
#1745 = CARTESIAN_POINT ( 'NONE',  ( -9.617920932179790938, -3.945096874901140804, 23.81457216666731469 ) ) ;
#1746 = DIRECTION ( 'NONE',  ( -1.000000000000000000, -6.938893903907226800E-15, 0.000000000000000000 ) ) ;
#1747 = ORIENTED_EDGE ( 'NONE', *, *, #557, .T. ) ;
#1748 = AXIS2_PLACEMENT_3D ( 'NONE', #25, #3906, #2446 ) ;
#1749 = DIRECTION ( 'NONE',  ( 4.462356454084752897E-06, 3.096381799634657843E-20, -0.9999999999900436309 ) ) ;
#1750 = CARTESIAN_POINT ( 'NONE',  ( 25.49199056513215567, -3.220310191306174463, 8.298540238468635977 ) ) ;
#1751 = ADVANCED_FACE ( 'NONE', ( #527 ), #229, .F. ) ;
#1752 = PRESENTATION_LAYER_ASSIGNMENT (  '', '', ( #3117 ) ) ;
#1753 = CARTESIAN_POINT ( 'NONE',  ( 0.9340862671957043117, 60.88698683620886243, 13.32213831778994262 ) ) ;
#1754 = CARTESIAN_POINT ( 'NONE',  ( 2.044296181400044876, -4.344387176426724118, -23.86397468146629564 ) ) ;
#1755 = CARTESIAN_POINT ( 'NONE',  ( 5.577946053639709937E-05, -1.110223024625156540E-13, -12.50000108904640506 ) ) ;
#1756 = CARTESIAN_POINT ( 'NONE',  ( -2.228319296633610946, 2.308104002485356521, 30.11595389823856550 ) ) ;
#1757 = CARTESIAN_POINT ( 'NONE',  ( 4.977750797328867272, -4.538401082626916327, -22.87959406899631887 ) ) ;
#1758 = EDGE_CURVE ( 'NONE', #3601, #996, #829, .T. ) ;
#1759 = DIRECTION ( 'NONE',  ( -6.938893903915479074E-15, 1.000000000000000000, -0.000000000000000000 ) ) ;
#1760 = EDGE_LOOP ( 'NONE', ( #576, #1505, #2574, #1160 ) ) ;
#1761 = ORIENTED_EDGE ( 'NONE', *, *, #2074, .F. ) ;
#1762 = CARTESIAN_POINT ( 'NONE',  ( 29.89776481414644138, 2.210297409608881214, -3.555157007500733268 ) ) ;
#1763 = ORIENTED_EDGE ( 'NONE', *, *, #33, .F. ) ;
#1764 = DIRECTION ( 'NONE',  ( 0.08052399943340379784, 5.587474887866749482E-16, -0.9967526701821517454 ) ) ;
#1765 = DIRECTION ( 'NONE',  ( -4.462356454091161548E-06, 9.912705577010324563E-16, 0.9999999999900436309 ) ) ;
#1766 = CARTESIAN_POINT ( 'NONE',  ( 27.64176582880755362, 1.361673322515736473, 9.316186121201571524 ) ) ;
#1767 = VERTEX_POINT ( 'NONE', #3520 ) ;
#1768 = DIRECTION ( 'NONE',  ( -1.000000000000000000, -6.938893903908690137E-15, 0.000000000000000000 ) ) ;
#1769 = LINE ( 'NONE', #2625, #1915 ) ;
#1770 = DIRECTION ( 'NONE',  ( 6.938893903915479074E-15, -1.000000000000000000, -6.018531076150186651E-36 ) ) ;
#1771 = CARTESIAN_POINT ( 'NONE',  ( -1.042776856404521224, -4.323402902787798041, -23.95553972376808716 ) ) ;
#1772 = DIRECTION ( 'NONE',  ( 1.000000000000000000, 9.251858538542972222E-15, 0.000000000000000000 ) ) ;
#1773 = CARTESIAN_POINT ( 'NONE',  ( -11.46176214346669830, 0.9178730297860464571, 26.08372211318293310 ) ) ;
#1774 = CARTESIAN_POINT ( 'NONE',  ( -7.361366389322124171, -4.777052997803102663, -21.33890064879494730 ) ) ;
#1775 = CARTESIAN_POINT ( 'NONE',  ( -25.71921498377420079, -3.099557163286757344, 8.050842841899301661 ) ) ;
#1776 = CARTESIAN_POINT ( 'NONE',  ( 3.673940397442060361E-16, 200.0000000000000000, 3.000000000000000444 ) ) ;
#1777 = CARTESIAN_POINT ( 'NONE',  ( -11.43272220796394123, -5.000000000000191847, 18.79755960321772790 ) ) ;
#1778 = ORIENTED_EDGE ( 'NONE', *, *, #3892, .T. ) ;
#1779 = EDGE_CURVE ( 'NONE', #259, #975, #660, .T. ) ;
#1780 = ORIENTED_EDGE ( 'NONE', *, *, #961, .T. ) ;
#1781 = CARTESIAN_POINT ( 'NONE',  ( 26.63334682479948867, 1.067939392043574909, -10.75294737117703825 ) ) ;
#1782 = ORIENTED_EDGE ( 'NONE', *, *, #3696, .F. ) ;
#1783 = EDGE_CURVE ( 'NONE', #319, #2821, #390, .T. ) ;
#1784 = CARTESIAN_POINT ( 'NONE',  ( 17.49999999988747845, 1.040834085586084257E-14, 7.700214825490103721E-05 ) ) ;
#1785 = ORIENTED_EDGE ( 'NONE', *, *, #3772, .F. ) ;
#1786 = DIRECTION ( 'NONE',  ( 0.000000000000000000, 1.000000000000000000, 0.000000000000000000 ) ) ;
#1787 = CARTESIAN_POINT ( 'NONE',  ( -4.362000309958896686E-13, 62.45679950559254223, 0.000000000000000000 ) ) ;
#1788 = AXIS2_PLACEMENT_3D ( 'NONE', #1797, #30, #2428 ) ;
#1789 = CARTESIAN_POINT ( 'NONE',  ( 11.40353019275093516, -4.999999998048980210, 19.15693341632000113 ) ) ;
#1790 = CARTESIAN_POINT ( 'NONE',  ( 9.084551199907153318, -0.3943212882078072079, -19.56959926729739863 ) ) ;
#1791 = AXIS2_PLACEMENT_3D ( 'NONE', #2812, #1693, #2563 ) ;
#1792 = CARTESIAN_POINT ( 'NONE',  ( 31.99999999999411671, 7.000000000000110134, 3.918869757270816344E-15 ) ) ;
#1793 = CARTESIAN_POINT ( 'NONE',  ( -12.42468850152279636, 0.7086435974266434012, 25.17705925308672121 ) ) ;
#1794 = AXIS2_PLACEMENT_3D ( 'NONE', #914, #352, #2451 ) ;
#1795 = CARTESIAN_POINT ( 'NONE',  ( -21.24840392545425161, -4.698414659989361475, 10.87786218150878703 ) ) ;
#1796 = DIRECTION ( 'NONE',  ( -4.462356454084752897E-06, -3.096381799634658445E-20, 0.9999999999900437420 ) ) ;
#1797 = CARTESIAN_POINT ( 'NONE',  ( -16.50002008043480117, -15.00000000000011369, 4.499925281862184434 ) ) ;
#1798 = TOROIDAL_SURFACE ( 'NONE', #2556, 16.49999999987816324, 5.000000000000000000 ) ;
#1799 = ORIENTED_EDGE ( 'NONE', *, *, #2672, .T. ) ;
#1800 = TOROIDAL_SURFACE ( 'NONE', #778, 12.00000000000000000, 5.000000000000000000 ) ;
#1801 = ADVANCED_FACE ( 'NONE', ( #3504 ), #1988, .F. ) ;
#1802 = ORIENTED_EDGE ( 'NONE', *, *, #1262, .F. ) ;
#1803 = CARTESIAN_POINT ( 'NONE',  ( 24.21856421044159546, 0.5072001954430397364, -13.34364630836182997 ) ) ;
#1804 = ORIENTED_EDGE ( 'NONE', *, *, #1464, .T. ) ;
#1805 = AXIS2_PLACEMENT_3D ( 'NONE', #2294, #116, #1340 ) ;
#1806 = EDGE_CURVE ( 'NONE', #2302, #3838, #3180, .T. ) ;
#1807 = CARTESIAN_POINT ( 'NONE',  ( -16.44650900636763424, -2.263814136149733258E-13, 18.82849812128350919 ) ) ;
#1808 = AXIS2_PLACEMENT_3D ( 'NONE', #746, #1883, #701 ) ;
#1809 = ORIENTED_EDGE ( 'NONE', *, *, #3511, .T. ) ;
#1810 = DIRECTION ( 'NONE',  ( 0.000000000000000000, 1.000000000000000000, 0.000000000000000000 ) ) ;
#1811 = CARTESIAN_POINT ( 'NONE',  ( 24.08895820970639789, -0.4893136028641830171, -9.460821244310167799 ) ) ;
#1812 = AXIS2_PLACEMENT_3D ( 'NONE', #993, #931, #3639 ) ;
#1813 = CARTESIAN_POINT ( 'NONE',  ( 15.19516847493044764, 0.1364407938013387778, 21.57797106347920035 ) ) ;
#1814 = CARTESIAN_POINT ( 'NONE',  ( 1.363807070747745774E-11, 54.99999999999997868, 14.49999685643533276 ) ) ;
#1815 = COLOUR_RGB ( '',0.1019607843137254888, 0.1019607843137254888, 0.1019607843137254888 ) ;
#1816 = LINE ( 'NONE', #1454, #1019 ) ;
#1817 =( LENGTH_UNIT ( ) NAMED_UNIT ( * ) SI_UNIT ( .MILLI., .METRE. ) );
#1818 = DIRECTION ( 'NONE',  ( -1.000000000000000000, -6.867228000010154741E-15, 0.000000000000000000 ) ) ;
#1819 = CARTESIAN_POINT ( 'NONE',  ( -15.56588314346675439, 0.07697589948972673179, 20.89602333274299184 ) ) ;
#1820 = CARTESIAN_POINT ( 'NONE',  ( -20.43482683777188313, 0.03850336722386141913, 15.81179467846373043 ) ) ;
#1821 = DIRECTION ( 'NONE',  ( -6.938893903915479863E-15, 1.000000000000000000, -0.000000000000000000 ) ) ;
#1822 = DIRECTION ( 'NONE',  ( 1.000000000000000000, 6.938893903915479863E-15, 0.000000000000000000 ) ) ;
#1823 = ORIENTED_EDGE ( 'NONE', *, *, #1622, .T. ) ;
#1824 = EDGE_LOOP ( 'NONE', ( #674, #2970, #1255, #2273 ) ) ;
#1825 = CARTESIAN_POINT ( 'NONE',  ( -16.29597001669013423, -18.30669147613314252, -10.68904828141481644 ) ) ;
#1826 = CARTESIAN_POINT ( 'NONE',  ( -0.3547790478806028269, 0.4003224953561002053, -27.33320761640664642 ) ) ;
#1827 = EDGE_CURVE ( 'NONE', #96, #1431, #135, .T. ) ;
#1828 = CARTESIAN_POINT ( 'NONE',  ( 25.71921398178999496, -3.099557163235303392, -8.050846043133876861 ) ) ;
#1829 = LINE ( 'NONE', #1171, #201 ) ;
#1830 = CARTESIAN_POINT ( 'NONE',  ( -24.68823094389920314, -3.588951094545084430, 8.983383441948889825 ) ) ;
#1831 = CARTESIAN_POINT ( 'NONE',  ( 8.990702622824803925, -3.592958026613171096, 24.67904386813424722 ) ) ;
#1832 = SURFACE_STYLE_FILL_AREA ( #986 ) ;
#1833 = CARTESIAN_POINT ( 'NONE',  ( -4.330303476907104709E-13, 61.99999999992628119, 0.000000000000000000 ) ) ;
#1834 = CARTESIAN_POINT ( 'NONE',  ( 1.789742507016150119, 2.338132567806725071, 30.18266798286925479 ) ) ;
#1835 = CARTESIAN_POINT ( 'NONE',  ( -21.32637272152922137, -0.6192057738126385269, 10.86838233480724902 ) ) ;
#1836 = DIRECTION ( 'NONE',  ( -6.938893903915479074E-15, 1.000000000000000000, -0.000000000000000000 ) ) ;
#1837 = DIRECTION ( 'NONE',  ( -0.7071067811865463515, 0.000000000000000000, -0.7071067811865487940 ) ) ;
#1838 = CARTESIAN_POINT ( 'NONE',  ( -11.46972386206275196, -22.63617377287650356, -13.40442428674308850 ) ) ;
#1839 = ORIENTED_EDGE ( 'NONE', *, *, #844, .F. ) ;
#1840 = ORIENTED_EDGE ( 'NONE', *, *, #3742, .T. ) ;
#1841 = CARTESIAN_POINT ( 'NONE',  ( -16.14279044005383668, 0.009868845777811510733, 19.64433639167537038 ) ) ;
#1842 = DIRECTION ( 'NONE',  ( -1.000000000000000000, -6.938893903907226800E-15, 0.000000000000000000 ) ) ;
#1843 = CARTESIAN_POINT ( 'NONE',  ( 19.86771779370193869, -4.933994227146819789, -11.27645643696707722 ) ) ;
#1844 = CARTESIAN_POINT ( 'NONE',  ( 1.363807070747745774E-11, 54.99999999999997868, 14.49999685643533276 ) ) ;
#1845 = EDGE_CURVE ( 'NONE', #1652, #1016, #2371, .T. ) ;
#1846 = CARTESIAN_POINT ( 'NONE',  ( -24.96019476509939850, -3.467121275761248622, 8.758746891525900580 ) ) ;
#1847 =( LENGTH_UNIT ( ) NAMED_UNIT ( * ) SI_UNIT ( .MILLI., .METRE. ) );
#1848 = DIRECTION ( 'NONE',  ( 6.938893903915479074E-15, -1.000000000000000000, -3.520178552090426962E-36 ) ) ;
#1849 = CARTESIAN_POINT ( 'NONE',  ( 14.43446663942406438, 0.2779657210682102142, 22.81315719476214099 ) ) ;
#1850 = TOROIDAL_SURFACE ( 'NONE', #3918, 4.500000000000003553, 7.000000000000000000 ) ;
#1851 = ADVANCED_FACE ( 'NONE', ( #3535 ), #1800, .F. ) ;
#1852 = CARTESIAN_POINT ( 'NONE',  ( -27.89930556336629053, 0.4891017415363619336, -4.943698511620203462 ) ) ;
#1853 = CARTESIAN_POINT ( 'NONE',  ( 11.17119687659624994, -16.58992093909606069, -15.23285048533819364 ) ) ;
#1854 = VECTOR ( 'NONE', #2536, 1000.000000000000000 ) ;
#1855 = CARTESIAN_POINT ( 'NONE',  ( -8.124926738511939917, -4.858189143908756336, -20.64249700307754409 ) ) ;
#1856 = CIRCLE ( 'NONE', #2234, 16.49999999987816679 ) ;
#1857 = VERTEX_POINT ( 'NONE', #1731 ) ;
#1858 = ORIENTED_EDGE ( 'NONE', *, *, #1384, .F. ) ;
#1859 = COLOUR_RGB ( '',0.7921568627450980005, 0.8196078431372548767, 0.9333333333333333481 ) ;
#1860 = DIRECTION ( 'NONE',  ( 4.462356454316048796E-06, 3.096381799795152205E-20, -0.9999999999900437420 ) ) ;
#1861 = AXIS2_PLACEMENT_3D ( 'NONE', #3081, #928, #1818 ) ;
#1862 = CARTESIAN_POINT ( 'NONE',  ( -17.49999999976390441, -22.00000000000012079, -7.918032764175908511E-05 ) ) ;
#1863 = CARTESIAN_POINT ( 'NONE',  ( 18.93318964526675430, -0.2144527269380612777, -11.42160688016307013 ) ) ;
#1864 = TOROIDAL_SURFACE ( 'NONE', #2802, 4.499999999878166790, 7.000000000000000000 ) ;
#1865 = CARTESIAN_POINT ( 'NONE',  ( 5.306713072825882449, 0.4277139296325158657, 27.74173222133588723 ) ) ;
#1866 = CARTESIAN_POINT ( 'NONE',  ( -21.28154853282629588, -4.691491435756753425, 10.86644818238501209 ) ) ;
#1867 =( NAMED_UNIT ( * ) PLANE_ANGLE_UNIT ( ) SI_UNIT ( $, .RADIAN. ) );
#1868 = AXIS2_PLACEMENT_3D ( 'NONE', #2831, #2543, #934 ) ;
#1869 = CARTESIAN_POINT ( 'NONE',  ( 19.64433734108221685, 0.009868847671470852914, 16.14278935898148859 ) ) ;
#1870 = EDGE_CURVE ( 'NONE', #2882, #3566, #1419, .T. ) ;
#1871 = AXIS2_PLACEMENT_3D ( 'NONE', #1479, #3525, #3876 ) ;
#1872 = CARTESIAN_POINT ( 'NONE',  ( -28.99908049555108391, 0.9521401905638322560, 0.8032173160280406954 ) ) ;
#1873 = CARTESIAN_POINT ( 'NONE',  ( -17.49994868266468728, -22.00000000000012079, -11.50007918009129781 ) ) ;
#1874 = CARTESIAN_POINT ( 'NONE',  ( 2.121320343559704558, 49.00000000001401901, 28.92230972795298172 ) ) ;
#1875 = EDGE_CURVE ( 'NONE', #459, #1137, #2491, .T. ) ;
#1876 = ORIENTED_EDGE ( 'NONE', *, *, #307, .F. ) ;
#1877 = ORIENTED_EDGE ( 'NONE', *, *, #853, .F. ) ;
#1878 = ORIENTED_EDGE ( 'NONE', *, *, #114, .T. ) ;
#1879 = FACE_OUTER_BOUND ( 'NONE', #179, .T. ) ;
#1880 = CARTESIAN_POINT ( 'NONE',  ( 11.02008437280182562, 0.09462964230521837827, -23.73126519979072313 ) ) ;
#1881 = CARTESIAN_POINT ( 'NONE',  ( 23.04991135420661408, 0.3181680473151218269, -14.24506808320216322 ) ) ;
#1882 = CARTESIAN_POINT ( 'NONE',  ( -1.570776149676877065, 0.9065243768136636016, 28.89998181297965729 ) ) ;
#1883 = DIRECTION ( 'NONE',  ( -6.938893903915479074E-15, 1.000000000000000000, 6.018531076150186651E-36 ) ) ;
#1884 = CARTESIAN_POINT ( 'NONE',  ( 3.673940397442060361E-16, 200.0000000000000000, 3.000000000000000444 ) ) ;
#1885 = FACE_OUTER_BOUND ( 'NONE', #3072, .T. ) ;
#1886 = DIRECTION ( 'NONE',  ( 1.000000000000000000, 6.938893903915479074E-15, 0.000000000000000000 ) ) ;
#1887 = CARTESIAN_POINT ( 'NONE',  ( -29.89435778186864212, 2.208439802159848586, -3.661985284271207508 ) ) ;
#1888 = CARTESIAN_POINT ( 'NONE',  ( -30.02606042997165403, 54.81907786237147207, 0.000000000000000000 ) ) ;
#1889 = DIRECTION ( 'NONE',  ( -6.938893903838143884E-15, 1.000000000000000000, -3.096381799429073247E-20 ) ) ;
#1890 = ORIENTED_EDGE ( 'NONE', *, *, #2456, .T. ) ;
#1891 = EDGE_CURVE ( 'NONE', #2230, #672, #331, .T. ) ;
#1892 = ORIENTED_EDGE ( 'NONE', *, *, #3339, .T. ) ;
#1893 = ORIENTED_EDGE ( 'NONE', *, *, #285, .T. ) ;
#1894 = DIRECTION ( 'NONE',  ( 6.938893903915479074E-15, -1.000000000000000000, 0.000000000000000000 ) ) ;
#1895 = EDGE_CURVE ( 'NONE', #1984, #1680, #3803, .T. ) ;
#1896 = CARTESIAN_POINT ( 'NONE',  ( -0.09836896730306518566, 59.92409758077154436, 16.00014821792633057 ) ) ;
#1897 = CARTESIAN_POINT ( 'NONE',  ( 27.59979975211060221, -1.990263755951938496, 5.511016854019021416 ) ) ;
#1898 = CARTESIAN_POINT ( 'NONE',  ( 8.795371261986780098, -0.3462826439598574724, 24.95195331645115999 ) ) ;
#1899 = CARTESIAN_POINT ( 'NONE',  ( -17.50002008036794976, -22.00000000000012079, 4.499920819505731195 ) ) ;
#1900 = DIRECTION ( 'NONE',  ( 6.938893903915479863E-15, -1.000000000000000000, 0.000000000000000000 ) ) ;
#1901 = DIRECTION ( 'NONE',  ( 0.000000000000000000, 0.000000000000000000, 1.000000000000000000 ) ) ;
#1902 = DIRECTION ( 'NONE',  ( 0.9999999999900437420, 0.000000000000000000, 4.462356454487671223E-06 ) ) ;
#1903 = CARTESIAN_POINT ( 'NONE',  ( 15.78412280919548571, 0.04170048395043639972, 20.49605704010069118 ) ) ;
#1904 = CARTESIAN_POINT ( 'NONE',  ( 17.49999999988758148, -14.99999999999987743, 7.700214825490103721E-05 ) ) ;
#1905 = CARTESIAN_POINT ( 'NONE',  ( -28.67444533983312027, 0.8056541945245478953, 2.756155797845840194 ) ) ;
#1906 = CARTESIAN_POINT ( 'NONE',  ( 11.50005687673819210, -23.62867799377278644, -12.74587185284125290 ) ) ;
#1907 = DIRECTION ( 'NONE',  ( -1.000000000000000000, -6.938893903915479074E-15, 0.000000000000000000 ) ) ;
#1908 = EDGE_LOOP ( 'NONE', ( #76, #3512, #2138, #3718 ) ) ;
#1909 = ORIENTED_EDGE ( 'NONE', *, *, #3461, .T. ) ;
#1910 = AXIS2_PLACEMENT_3D ( 'NONE', #187, #1408, #2624 ) ;
#1911 = EDGE_LOOP ( 'NONE', ( #876, #1482, #3235, #1590, #1637 ) ) ;
#1912 = EDGE_CURVE ( 'NONE', #3740, #542, #1099, .T. ) ;
#1913 = CIRCLE ( 'NONE', #3239, 11.49999999987816501 ) ;
#1914 = CARTESIAN_POINT ( 'NONE',  ( 17.50002008049168722, -21.99999999999987566, -4.499922997685107617 ) ) ;
#1915 = VECTOR ( 'NONE', #3830, 1000.000000000000000 ) ;
#1916 = CARTESIAN_POINT ( 'NONE',  ( -16.50007362871220451, -22.00000000000011369, 16.49992528174270845 ) ) ;
#1917 = CARTESIAN_POINT ( 'NONE',  ( 28.77505856313892707, 1.755679475654360111, 7.111608925397905345 ) ) ;
#1918 = ADVANCED_FACE ( 'NONE', ( #2443 ), #454, .F. ) ;
#1919 = CARTESIAN_POINT ( 'NONE',  ( 3.139970360927053061, 0.7615161568992009355, 28.57319862366124852 ) ) ;
#1920 = CARTESIAN_POINT ( 'NONE',  ( -28.71885952433850875, -1.167658187924817348, 2.553850547026734752 ) ) ;
#1921 = CARTESIAN_POINT ( 'NONE',  ( -11.73421609996819370, -19.70415322839862426, -9.707845674864900687 ) ) ;
#1922 = DIRECTION ( 'NONE',  ( 0.000000000000000000, 0.000000000000000000, 1.000000000000000000 ) ) ;
#1923 = DIRECTION ( 'NONE',  ( -0.9999999999900437420, -6.938893903846393791E-15, -4.462356454316048796E-06 ) ) ;
#1924 = CIRCLE ( 'NONE', #1545, 16.50000000000000355 ) ;
#1925 = CARTESIAN_POINT ( 'NONE',  ( 30.25000136425372688, 2.369936752562432414, 0.4459475366092462423 ) ) ;
#1926 = CARTESIAN_POINT ( 'NONE',  ( 18.82849906220213398, -4.999999999999982236, 16.44650792917338222 ) ) ;
#1927 = PRODUCT_DEFINITION_FORMATION_WITH_SPECIFIED_SOURCE ( 'ANY', '', #688, .NOT_KNOWN. ) ;
#1928 = AXIS2_PLACEMENT_3D ( 'NONE', #3326, #2444, #2755 ) ;
#1929 = CARTESIAN_POINT ( 'NONE',  ( -30.23304732995010013, 2.362016344876569640, -0.9057430305725158171 ) ) ;
#1930 = CARTESIAN_POINT ( 'NONE',  ( -16.00773696458708528, -5.000000000000219380, -16.50007252136049019 ) ) ;
#1931 = CARTESIAN_POINT ( 'NONE',  ( -28.84289513903946656, 1.781089686474504719, -6.953569210746247009 ) ) ;
#1932 = TOROIDAL_SURFACE ( 'NONE', #787, 16.50000000000000711, 5.000000000000000000 ) ;
#1933 = ORIENTED_EDGE ( 'NONE', *, *, #1041, .T. ) ;
#1934 = ORIENTED_EDGE ( 'NONE', *, *, #605, .T. ) ;
#1935 = VECTOR ( 'NONE', #247, 1000.000000000000227 ) ;
#1936 = EDGE_LOOP ( 'NONE', ( #75, #1301, #3433, #1909, #1214 ) ) ;
#1937 =( GEOMETRIC_REPRESENTATION_CONTEXT ( 3 ) GLOBAL_UNCERTAINTY_ASSIGNED_CONTEXT ( ( #2566 ) ) GLOBAL_UNIT_ASSIGNED_CONTEXT ( ( #1847, #3671, #2423 ) ) REPRESENTATION_CONTEXT ( 'NONE', 'WORKASPACE' ) );
#1938 = CARTESIAN_POINT ( 'NONE',  ( -16.50007809123305691, -5.000000000000222933, 17.49999891025371568 ) ) ;
#1939 = CARTESIAN_POINT ( 'NONE',  ( 24.73849113982642223, 0.6153603171416587303, 12.85168376896219833 ) ) ;
#1940 = CARTESIAN_POINT ( 'NONE',  ( 10.75468082618409937, -0.6323029965197950464, 21.64108837992523249 ) ) ;
#1941 = CARTESIAN_POINT ( 'NONE',  ( -22.81453939309741941, 0.2781542525359690377, 14.43352555591222774 ) ) ;
#1942 = ADVANCED_FACE ( 'NONE', ( #3575 ), #2405, .F. ) ;
#1943 = CARTESIAN_POINT ( 'NONE',  ( -11.49994225061685782, -23.37778389663609957, -12.94148015096192950 ) ) ;
#1944 = DIRECTION ( 'NONE',  ( -1.000000000000000000, -6.938893903915479074E-15, 0.000000000000000000 ) ) ;
#1945 = CARTESIAN_POINT ( 'NONE',  ( 28.30385860382378738, -1.489591127248775848, -3.956036408367271662 ) ) ;
#1946 = FACE_OUTER_BOUND ( 'NONE', #1037, .T. ) ;
#1947 = CARTESIAN_POINT ( 'NONE',  ( -11.15689067851196725, -15.79860901045772970, -15.28792966308349222 ) ) ;
#1948 = CARTESIAN_POINT ( 'NONE',  ( -24.73848954018324520, 0.6153603171244883541, -12.85168684806893680 ) ) ;
#1949 = EDGE_CURVE ( 'NONE', #1359, #2195, #3111, .T. ) ;
#1950 = CARTESIAN_POINT ( 'NONE',  ( 16.50004173158001208, -20.05176852580624569, -9.351878544836322860 ) ) ;
#1951 = CARTESIAN_POINT ( 'NONE',  ( -27.64176574861172853, 1.361673663312134464, -9.316187825456417215 ) ) ;
#1952 = B_SPLINE_CURVE_WITH_KNOTS ( 'NONE', 3,
 ( #2067, #1526, #2402, #3608, #2177, #1880, #3022, #1562, #3663, #2141, #903, #586, #2751, #2766, #2123, #3037, #3323, #39, #603, #1826, #2440, #21, #3338, #3059, #3647, #938, #3353, #636, #343, #957, #1187, #1000, #359, #1958, #3077, #1578, #141, #98, #1320, #1281 ),
 .UNSPECIFIED., .F., .F.,
 ( 4, 2, 2, 2, 2, 2, 2, 2, 2, 2, 2, 2, 2, 2, 2, 2, 2, 2, 2, 4 ),
 ( 3.613795688348765482E-26, 0.002093976928373128803, 0.004187953856746257607, 0.006281930785119385977, 0.007328919249305955799, 0.008375907713492525622, 0.01046988464186566527, 0.01151687310605223336, 0.01256386157023880144, 0.01675181542698508247, 0.01779880389117164882, 0.01884579235535821864, 0.02093976928373135829, 0.02198675774791793158, 0.02303374621210450141, 0.02512772314047764105, 0.02722170006885078070, 0.02826868853303735052, 0.02931567699722391687, 0.03350363085397017882 ),
 .UNSPECIFIED. ) ;
#1953 = ORIENTED_EDGE ( 'NONE', *, *, #1633, .T. ) ;
#1954 = ORIENTED_EDGE ( 'NONE', *, *, #2583, .F. ) ;
#1955 = EDGE_LOOP ( 'NONE', ( #1799, #2578, #3453, #1539 ) ) ;
#1956 = VERTEX_POINT ( 'NONE', #2684 ) ;
#1957 = CARTESIAN_POINT ( 'NONE',  ( 11.17306490733080437, -16.68272512561859955, -15.22570081031395794 ) ) ;
#1958 = CARTESIAN_POINT ( 'NONE',  ( -10.17087106293807786, 0.1308696809967497265, -24.30892893477455274 ) ) ;
#1959 = CARTESIAN_POINT ( 'NONE',  ( 30.16181422815107638, 2.329168754565645649, 1.831569577503386226 ) ) ;
#1960 = CARTESIAN_POINT ( 'NONE',  ( -15.79016282406811555, 0.04605330611947308639, 20.44128331416613520 ) ) ;
#1961 = CARTESIAN_POINT ( 'NONE',  ( -11.49997991927641294, -27.00000000000007816, -4.500052406022266638 ) ) ;
#1962 = CARTESIAN_POINT ( 'NONE',  ( -16.46412249335386946, -19.52438858069714911, -9.863641302414668743 ) ) ;
#1963 = CARTESIAN_POINT ( 'NONE',  ( 0.000000000000000000, 0.000000000000000000, 0.000000000000000000 ) ) ;
#1964 = LINE ( 'NONE', #3480, #2358 ) ;
#1965 = DIRECTION ( 'NONE',  ( 1.000000000000000000, 7.979727989493311057E-15, 0.000000000000000000 ) ) ;
#1966 = ADVANCED_FACE ( 'NONE', ( #2993 ), #3341, .T. ) ;
#1967 = PLANE ( 'NONE',  #213 ) ;
#1968 = CARTESIAN_POINT ( 'NONE',  ( -11.22333758783754121, -18.17321382860828294, -15.00969089214039087 ) ) ;
#1969 = CARTESIAN_POINT ( 'NONE',  ( -18.95658421994362541, -0.2039175005798696816, -11.41257930801128673 ) ) ;
#1970 = DIRECTION ( 'NONE',  ( 0.000000000000000000, -0.000000000000000000, -1.000000000000000000 ) ) ;
#1971 = CARTESIAN_POINT ( 'NONE',  ( -29.71422275423842407, 2.128874452271771744, -4.429109470044212848 ) ) ;
#1972 = EDGE_CURVE ( 'NONE', #1016, #2821, #1470, .T. ) ;
#1973 = ORIENTED_EDGE ( 'NONE', *, *, #3144, .F. ) ;
#1974 = ORIENTED_EDGE ( 'NONE', *, *, #921, .T. ) ;
#1975 = ORIENTED_EDGE ( 'NONE', *, *, #1895, .T. ) ;
#1976 = CARTESIAN_POINT ( 'NONE',  ( 12.04231482359242378, -17.67483264813399302, -10.98069349035639419 ) ) ;
#1977 = AXIS2_PLACEMENT_3D ( 'NONE', #1244, #288, #1260 ) ;
#1978 = CARTESIAN_POINT ( 'NONE',  ( -2.671474153004282925E-13, 37.99999999999990052, 0.000000000000000000 ) ) ;
#1979 = CARTESIAN_POINT ( 'NONE',  ( 30.24919061987886693, 2.369556863890937670, -0.9356070192302473609 ) ) ;
#1980 = VECTOR ( 'NONE', #3700, 1000.000000000000227 ) ;
#1981 = CARTESIAN_POINT ( 'NONE',  ( -12.85168503719906852, 0.6153601564550005287, 24.73849007688524893 ) ) ;
#1982 = CARTESIAN_POINT ( 'NONE',  ( 20.89528086075934965, 0.07692156045373609030, 15.56625845804779118 ) ) ;
#1983 = AXIS2_PLACEMENT_3D ( 'NONE', #610, #1584, #1291 ) ;
#1984 = VERTEX_POINT ( 'NONE', #884 ) ;
#1985 = FACE_OUTER_BOUND ( 'NONE', #1524, .T. ) ;
#1986 = DIRECTION ( 'NONE',  ( 7.867467172853455578E-15, -1.000000000000000000, 3.510744289776540466E-20 ) ) ;
#1987 = AXIS2_PLACEMENT_3D ( 'NONE', #2870, #189, #1071 ) ;
#1988 = CYLINDRICAL_SURFACE ( 'NONE', #2174, 2.999999999999999556 ) ;
#1989 = CARTESIAN_POINT ( 'NONE',  ( 5.810658841316161727, 0.3024019925482989146, -26.40603567787012551 ) ) ;
#1990 = CARTESIAN_POINT ( 'NONE',  ( -18.42592216200434407, -5.000000000000238032, -11.46274327497292234 ) ) ;
#1991 = CARTESIAN_POINT ( 'NONE',  ( -11.50002008048458357, -15.00000000000007994, 4.499947593644455957 ) ) ;
#1992 = CIRCLE ( 'NONE', #905, 28.99999999999388933 ) ;
#1993 = EDGE_CURVE ( 'NONE', #2890, #1484, #3617, .T. ) ;
#1994 = CARTESIAN_POINT ( 'NONE',  ( -26.63523198647435564, 1.064769357216869272, -10.77849201278461067 ) ) ;
#1995 = ORIENTED_EDGE ( 'NONE', *, *, #605, .F. ) ;
#1996 = EDGE_LOOP ( 'NONE', ( #3295, #1443, #371, #1180 ) ) ;
#1997 = ADVANCED_FACE ( 'NONE', ( #326 ), #3903, .T. ) ;
#1998 = VECTOR ( 'NONE', #2191, 1000.000000000000000 ) ;
#1999 = VERTEX_POINT ( 'NONE', #589 ) ;
#2000 = CARTESIAN_POINT ( 'NONE',  ( 12.09827756320268399, -16.12117703124294366, -11.43189848515861051 ) ) ;
#2001 =( GEOMETRIC_REPRESENTATION_CONTEXT ( 3 ) GLOBAL_UNCERTAINTY_ASSIGNED_CONTEXT ( ( #2869 ) ) GLOBAL_UNIT_ASSIGNED_CONTEXT ( ( #641, #664, #2163 ) ) REPRESENTATION_CONTEXT ( 'NONE', 'WORKASPACE' ) );
#2002 = EDGE_CURVE ( 'NONE', #2798, #2302, #1829, .T. ) ;
#2003 = DIRECTION ( 'NONE',  ( -1.000000000000000000, -6.938893903915479074E-15, 0.000000000000000000 ) ) ;
#2004 = CARTESIAN_POINT ( 'NONE',  ( 20.83024724818399775, 0.07221658872573913368, 15.59906813571792128 ) ) ;
#2005 = PRODUCT_DEFINITION_FORMATION_WITH_SPECIFIED_SOURCE ( 'ANY', '', #726, .NOT_KNOWN. ) ;
#2006 = CARTESIAN_POINT ( 'NONE',  ( -4.547329316983191205, 2.116004835457678812, 29.68450223747893091 ) ) ;
#2007 = CARTESIAN_POINT ( 'NONE',  ( 24.20403648514587402, 0.5109354396894174588, 13.33319737027869678 ) ) ;
#2008 = ORIENTED_EDGE ( 'NONE', *, *, #1758, .T. ) ;
#2009 = LINE ( 'NONE', #2991, #122 ) ;
#2010 = CARTESIAN_POINT ( 'NONE',  ( 28.92558783155336144, -1.000518603903186809, -1.498486498067092443 ) ) ;
#2011 = DIRECTION ( 'NONE',  ( -1.000000000000000000, -6.938893903907226800E-15, 0.000000000000000000 ) ) ;
#2012 = CARTESIAN_POINT ( 'NONE',  ( -6.819433248591404428, 0.2683365789910481802, -26.05233980793293114 ) ) ;
#2013 = DIRECTION ( 'NONE',  ( -6.938893903915479074E-15, 1.000000000000000000, -0.000000000000000000 ) ) ;
#2014 = CARTESIAN_POINT ( 'NONE',  ( -4.250000000000514255, 68.00000000002096101, 0.000000000000000000 ) ) ;
#2015 = CARTESIAN_POINT ( 'NONE',  ( -28.08647702908272947, 1.508787876210248236, -8.551053442874696486 ) ) ;
#2016 = PRODUCT_RELATED_PRODUCT_CATEGORY ( 'part', '', ( #688 ) ) ;
#2017 = VERTEX_POINT ( 'NONE', #3287 ) ;
#2018 = ADVANCED_FACE ( 'NONE', ( #621 ), #1247, .F. ) ;
#2019 = VERTEX_POINT ( 'NONE', #1489 ) ;
#2020 = DIRECTION ( 'NONE',  ( -6.938893903915479074E-15, 1.000000000000000000, -0.000000000000000000 ) ) ;
#2021 = CARTESIAN_POINT ( 'NONE',  ( -26.19008383531733841, -2.849818830311906748, -7.540210272847756912 ) ) ;
#2022 = CARTESIAN_POINT ( 'NONE',  ( -9.990085506902525836, -4.162152663058174440, 23.20758054862151099 ) ) ;
#2023 = DIRECTION ( 'NONE',  ( -1.000000000000000000, -6.938893903908493711E-15, 0.000000000000000000 ) ) ;
#2024 = ORIENTED_EDGE ( 'NONE', *, *, #2762, .F. ) ;
#2025 = CARTESIAN_POINT ( 'NONE',  ( -0.1567107541307073137, 40.34208393658239800, 30.88691931738195251 ) ) ;
#2026 = LINE ( 'NONE', #3845, #1736 ) ;
#2027 = CARTESIAN_POINT ( 'NONE',  ( 0.4062830162852610894, 60.99881934120318050, 13.04227763933893947 ) ) ;
#2028 = CARTESIAN_POINT ( 'NONE',  ( -2.157039955916280061, -0.7775468540529284489, -23.80904402148411236 ) ) ;
#2029 = FACE_OUTER_BOUND ( 'NONE', #3588, .T. ) ;
#2030 = FACE_OUTER_BOUND ( 'NONE', #3018, .T. ) ;
#2031 = DIRECTION ( 'NONE',  ( 6.938893903915479074E-15, -1.000000000000000000, 0.000000000000000000 ) ) ;
#2032 = DIRECTION ( 'NONE',  ( -6.938893903915479863E-15, 1.000000000000000000, -0.000000000000000000 ) ) ;
#2033 = ORIENTED_EDGE ( 'NONE', *, *, #3046, .F. ) ;
#2034 = ORIENTED_EDGE ( 'NONE', *, *, #3576, .F. ) ;
#2035 = CARTESIAN_POINT ( 'NONE',  ( 16.03087281732829439, -15.98158965659937003, -11.44793010732979255 ) ) ;
#2036 = DIRECTION ( 'NONE',  ( 4.462356454256373631E-06, 0.000000000000000000, -0.9999999999900436309 ) ) ;
#2037 = EDGE_CURVE ( 'NONE', #1653, #1158, #8, .T. ) ;
#2038 = CARTESIAN_POINT ( 'NONE',  ( -5.847053875740690465, 1.946723690067513557, 29.26978268835662789 ) ) ;
#2039 = SPHERICAL_SURFACE ( 'NONE', #784, 5.000000000000000000 ) ;
#2040 = VERTEX_POINT ( 'NONE', #2730 ) ;
#2041 = AXIS2_PLACEMENT_3D ( 'NONE', #2283, #149, #3710 ) ;
#2042 = DIRECTION ( 'NONE',  ( -6.938893903915479074E-15, 1.000000000000000000, -0.000000000000000000 ) ) ;
#2043 = EDGE_CURVE ( 'NONE', #3917, #2945, #1161, .T. ) ;
#2044 = CARTESIAN_POINT ( 'NONE',  ( 23.25600611050180078, -4.145668278427235620, 9.962165676650631241 ) ) ;
#2045 = DIRECTION ( 'NONE',  ( -6.938893903915479863E-15, 1.000000000000000000, -0.000000000000000000 ) ) ;
#2046 = AXIS2_PLACEMENT_3D ( 'NONE', #1978, #2948, #2003 ) ;
#2047 = CARTESIAN_POINT ( 'NONE',  ( -5.832084153175432384, 0.3017038687159791510, -26.39899485327060447 ) ) ;
#2048 = CARTESIAN_POINT ( 'NONE',  ( -6.121614740299237134, 1.907548055449303392, 29.17155368852135311 ) ) ;
#2049 = AXIS2_PLACEMENT_3D ( 'NONE', #3245, #847, #2702 ) ;
#2050 = CARTESIAN_POINT ( 'NONE',  ( -7.559390034362865940, -4.798331514780735496, -21.17013790424979547 ) ) ;
#2051 = VECTOR ( 'NONE', #3043, 1000.000000000000227 ) ;
#2052 = FACE_OUTER_BOUND ( 'NONE', #221, .T. ) ;
#2053 = ORIENTED_EDGE ( 'NONE', *, *, #3527, .T. ) ;
#2054 = ORIENTED_EDGE ( 'NONE', *, *, #939, .F. ) ;
#2055 = CARTESIAN_POINT ( 'NONE',  ( 30.18341697377467625, 2.338480451471133481, -1.782444313652985279 ) ) ;
#2056 = EDGE_LOOP ( 'NONE', ( #2383, #1761, #1778, #2638 ) ) ;
#2057 = CIRCLE ( 'NONE', #1548, 30.02606042997127389 ) ;
#2058 = CARTESIAN_POINT ( 'NONE',  ( -18.42592216200435473, -5.000000000000239808, -11.46274327497291701 ) ) ;
#2059 = AXIS2_PLACEMENT_3D ( 'NONE', #2526, #366, #2507 ) ;
#2060 = CARTESIAN_POINT ( 'NONE',  ( -11.46274206238743432, -5.000000000000198064, 18.42592260278963323 ) ) ;
#2061 = PRODUCT_RELATED_PRODUCT_CATEGORY ( 'part', '', ( #726 ) ) ;
#2062 = DIRECTION ( 'NONE',  ( 1.000000000000000000, 0.000000000000000000, -1.224643260257936336E-16 ) ) ;
#2063 = EDGE_LOOP ( 'NONE', ( #3200, #1839, #2436, #74 ) ) ;
#2064 = CIRCLE ( 'NONE', #3820, 4.500000000000003553 ) ;
#2065 = CARTESIAN_POINT ( 'NONE',  ( -16.44650900636742463, -2.251428835474895673E-13, 18.82849812128369393 ) ) ;
#2066 = CARTESIAN_POINT ( 'NONE',  ( -17.50007362864554850, -2.324534566825080339E-13, 16.49992081938625432 ) ) ;
#2067 = CARTESIAN_POINT ( 'NONE',  ( 14.50768982390435191, -1.035498198352909284E-14, -20.35993457683718688 ) ) ;
#2068 = DIRECTION ( 'NONE',  ( -1.000000000000000000, -9.251858538542970644E-15, 0.000000000000000000 ) ) ;
#2069 = EDGE_CURVE ( 'NONE', #3780, #53, #2432, .T. ) ;
#2070 = CARTESIAN_POINT ( 'NONE',  ( -4.283364922278488862, -4.482793367950598018, -23.17563036692838097 ) ) ;
#2071 = CARTESIAN_POINT ( 'NONE',  ( 10.98135561152307460, -4.761144576788040261, 20.93351480134303344 ) ) ;
#2072 = CARTESIAN_POINT ( 'NONE',  ( -2.873135757089963327E-13, 40.99999999999990763, 0.000000000000000000 ) ) ;
#2073 = DIRECTION ( 'NONE',  ( 1.000000000000000000, 6.938893903915479074E-15, 0.000000000000000000 ) ) ;
#2074 = EDGE_CURVE ( 'NONE', #539, #2982, #1221, .T. ) ;
#2075 = CARTESIAN_POINT ( 'NONE',  ( -21.57797206587652639, 0.1364408276872942916, 15.19516734818604498 ) ) ;
#2076 = CARTESIAN_POINT ( 'NONE',  ( -7.809123304982654265E-05, -5.000000000000115463, 17.49999891025371568 ) ) ;
#2077 = ORIENTED_EDGE ( 'NONE', *, *, #3315, .T. ) ;
#2078 = ORIENTED_EDGE ( 'NONE', *, *, #3822, .F. ) ;
#2079 = CARTESIAN_POINT ( 'NONE',  ( 28.09019098334769637, 1.509970884549402426, -8.544823889588226251 ) ) ;
#2080 = VERTEX_POINT ( 'NONE', #3606 ) ;
#2081 = CARTESIAN_POINT ( 'NONE',  ( -16.11380785063292009, -16.95485648066699724, -11.23957176430457139 ) ) ;
#2082 = CARTESIAN_POINT ( 'NONE',  ( 29.71422256067339163, 2.128874132781973572, 4.429108648930514924 ) ) ;
#2083 = ORIENTED_EDGE ( 'NONE', *, *, #2456, .F. ) ;
#2084 = CARTESIAN_POINT ( 'NONE',  ( -0.3219371100195596580, 40.46390678034050126, 30.72169296149310824 ) ) ;
#2085 = CARTESIAN_POINT ( 'NONE',  ( -16.50007362871235728, -2.255145627790561487E-13, 16.49992528174270845 ) ) ;
#2086 = DIRECTION ( 'NONE',  ( 6.938893903915479074E-15, -1.000000000000000000, 0.000000000000000000 ) ) ;
#2087 = CARTESIAN_POINT ( 'NONE',  ( -27.91914336567493038, -1.772363093712292503, 4.918276736012670014 ) ) ;
#2088 = ORIENTED_EDGE ( 'NONE', *, *, #2765, .T. ) ;
#2089 = LINE ( 'NONE', #3290, #3379 ) ;
#2090 = CARTESIAN_POINT ( 'NONE',  ( -13.61988441665256566, 0.4491768738426002994, 23.86312404706774259 ) ) ;
#2091 = EDGE_CURVE ( 'NONE', #2019, #3319, #839, .T. ) ;
#2092 = CARTESIAN_POINT ( 'NONE',  ( -24.95195453759390958, -0.3462824099690131607, 8.795370071144436253 ) ) ;
#2093 = DIRECTION ( 'NONE',  ( -6.938893903915479074E-15, 1.000000000000000000, -0.000000000000000000 ) ) ;
#2094 = ORIENTED_EDGE ( 'NONE', *, *, #1531, .F. ) ;
#2095 = EDGE_CURVE ( 'NONE', #779, #2882, #1992, .T. ) ;
#2096 = ORIENTED_EDGE ( 'NONE', *, *, #1806, .T. ) ;
#2097 = CARTESIAN_POINT ( 'NONE',  ( 27.64517012361456949, 1.362812915600342123, -9.309919411956290247 ) ) ;
#2098 = ORIENTED_EDGE ( 'NONE', *, *, #2627, .F. ) ;
#2099 = DIRECTION ( 'NONE',  ( -4.462356454091161548E-06, 0.000000000000000000, 0.9999999999900436309 ) ) ;
#2100 = ORIENTED_EDGE ( 'NONE', *, *, #1870, .F. ) ;
#2101 = DIRECTION ( 'NONE',  ( -6.938893903915479863E-15, 1.000000000000000000, -0.000000000000000000 ) ) ;
#2102 = CARTESIAN_POINT ( 'NONE',  ( 23.21506470831871383, -4.170040929334177804, -10.00480084375170620 ) ) ;
#2103 = AXIS2_PLACEMENT_3D ( 'NONE', #1073, #3794, #3213 ) ;
#2104 = CARTESIAN_POINT ( 'NONE',  ( 8.642727503937267741, -4.910744090320700472, -20.10371483947401217 ) ) ;
#2105 = AXIS2_PLACEMENT_3D ( 'NONE', #3589, #923, #1842 ) ;
#2106 = CARTESIAN_POINT ( 'NONE',  ( -16.49997991922671403, -15.00000000000011369, -4.500074717804538160 ) ) ;
#2107 = CARTESIAN_POINT ( 'NONE',  ( 18.95658564046489047, -0.2039175005795759443, 11.41257694854587967 ) ) ;
#2108 = DIRECTION ( 'NONE',  ( 6.938893903915479074E-15, -1.000000000000000000, 0.000000000000000000 ) ) ;
#2109 = CIRCLE ( 'NONE', #3173, 11.49999999987816679 ) ;
#2110 = CARTESIAN_POINT ( 'NONE',  ( -26.43175458283075940, -2.721627174597126775, 7.277634850994077809 ) ) ;
#2111 = ADVANCED_FACE ( 'NONE', ( #1465 ), #1036, .F. ) ;
#2112 = CARTESIAN_POINT ( 'NONE',  ( -17.49999999976390441, -22.00000000000012079, -7.918032764175908511E-05 ) ) ;
#2113 = STYLED_ITEM ( 'NONE', ( #625 ), #1339 ) ;
#2114 = AXIS2_PLACEMENT_3D ( 'NONE', #1844, #3040, #2068 ) ;
#2115 = ORIENTED_EDGE ( 'NONE', *, *, #3600, .T. ) ;
#2116 = CARTESIAN_POINT ( 'NONE',  ( 3.783963837164087011E-15, 170.0009999999999479, 31.04363007151267340 ) ) ;
#2117 = ORIENTED_EDGE ( 'NONE', *, *, #3840, .T. ) ;
#2118 = EDGE_CURVE ( 'NONE', #1658, #1486, #204, .T. ) ;
#2119 = EDGE_LOOP ( 'NONE', ( #1200, #2534, #653, #2096, #3369, #2853 ) ) ;
#2120 = VECTOR ( 'NONE', #3283, 1000.000000000000000 ) ;
#2121 = CARTESIAN_POINT ( 'NONE',  ( -17.49999999976402520, -5.000000000000233591, -7.918032764175908511E-05 ) ) ;
#2122 = AXIS2_PLACEMENT_3D ( 'NONE', #1010, #732, #3466 ) ;
#2123 = CARTESIAN_POINT ( 'NONE',  ( 5.464344423142619256, 0.3133430475636212464, -26.51619028165934111 ) ) ;
#2124 = CARTESIAN_POINT ( 'NONE',  ( 26.01194446078504185, -0.1148982651356169338, -7.794255819767442084 ) ) ;
#2125 = AXIS2_PLACEMENT_3D ( 'NONE', #2149, #3655, #3387 ) ;
#2126 = DIRECTION ( 'NONE',  ( 0.9967533995449319173, 6.916366087801134561E-15, -0.08051497063044643632 ) ) ;
#2127 = CARTESIAN_POINT ( 'NONE',  ( -16.50005131692999072, -15.00000000000011369, 11.49992528179248907 ) ) ;
#2128 = CIRCLE ( 'NONE', #3064, 12.00000000000000000 ) ;
#2129 = VERTEX_POINT ( 'NONE', #1525 ) ;
#2130 =( LENGTH_UNIT ( ) NAMED_UNIT ( * ) SI_UNIT ( .MILLI., .METRE. ) );
#2131 = CARTESIAN_POINT ( 'NONE',  ( 11.49997991928651508, -26.99999999999991829, 4.500050227842890216 ) ) ;
#2132 = CARTESIAN_POINT ( 'NONE',  ( -23.04991312723800334, 0.3181680473064370518, 14.24506521421270477 ) ) ;
#2133 = DIRECTION ( 'NONE',  ( 1.000000000000000000, 6.938893903907229167E-15, 0.000000000000000000 ) ) ;
#2134 = CARTESIAN_POINT ( 'NONE',  ( -19.86771919721665469, -4.933994227147464606, 11.27645396406730072 ) ) ;
#2135 = CARTESIAN_POINT ( 'NONE',  ( -16.00775927636935592, -5.000000000000222933, -11.50007252141026903 ) ) ;
#2136 = ORIENTED_EDGE ( 'NONE', *, *, #3701, .F. ) ;
#2137 = CARTESIAN_POINT ( 'NONE',  ( -6.953224911909177131, -0.6816365469520286879, -21.67721617104940179 ) ) ;
#2138 = ORIENTED_EDGE ( 'NONE', *, *, #3277, .T. ) ;
#2139 = EDGE_LOOP ( 'NONE', ( #1592, #115, #2837, #1679 ) ) ;
#2140 = EDGE_CURVE ( 'NONE', #356, #1014, #646, .T. ) ;
#2141 = CARTESIAN_POINT ( 'NONE',  ( 8.659883986519579580, 0.1951286100731598749, -25.19787588725027305 ) ) ;
#2142 = CARTESIAN_POINT ( 'NONE',  ( 23.81828380514973986, -3.951616134759710075, -9.634859600404830360 ) ) ;
#2143 = EDGE_CURVE ( 'NONE', #761, #3778, #2929, .T. ) ;
#2144 = DIRECTION ( 'NONE',  ( -4.462356454084752897E-06, -3.096381799634658445E-20, 0.9999999999900436309 ) ) ;
#2145 = DIRECTION ( 'NONE',  ( 4.462356453843344272E-06, 3.096381799467148280E-20, -0.9999999999900437420 ) ) ;
#2146 = DIRECTION ( 'NONE',  ( -1.000000000000000000, -6.938893903908690137E-15, 0.000000000000000000 ) ) ;
#2147 = LINE ( 'NONE', #2737, #2370 ) ;
#2148 = CARTESIAN_POINT ( 'NONE',  ( -29.12942156334616683, 1.889484947502171996, 6.284337249890581845 ) ) ;
#2149 = CARTESIAN_POINT ( 'NONE',  ( 17.49999999988758148, -14.99999999999987743, 7.700214825490103721E-05 ) ) ;
#2150 = CARTESIAN_POINT ( 'NONE',  ( -11.25347268379678312, -4.918613734996365672, 19.89767860110383779 ) ) ;
#2151 = DIRECTION ( 'NONE',  ( -1.000000000000000000, -6.938893903915479863E-15, 0.000000000000000000 ) ) ;
#2152 = CARTESIAN_POINT ( 'NONE',  ( -11.49994202220366191, -23.31209559652764440, -12.99266682788304372 ) ) ;
#2153 = ORIENTED_EDGE ( 'NONE', *, *, #2548, .T. ) ;
#2154 = ORIENTED_EDGE ( 'NONE', *, *, #1515, .T. ) ;
#2155 = PRODUCT ( 'Zima2-B', 'Zima2-B', '', ( #1347 ) ) ;
#2156 = DIRECTION ( 'NONE',  ( 4.462356454091161548E-06, 9.912705577010324563E-16, -0.9999999999900436309 ) ) ;
#2157 = EDGE_CURVE ( 'NONE', #2882, #2623, #3860, .T. ) ;
#2158 = DIRECTION ( 'NONE',  ( -0.08052399042837857235, 0.000000000000000000, 0.9967526709096345972 ) ) ;
#2159 = CARTESIAN_POINT ( 'NONE',  ( 26.51311086623639213, 1.035225360391557548, -10.90834325879542988 ) ) ;
#2160 = CARTESIAN_POINT ( 'NONE',  ( 12.87028636149842242, 0.6115570995608564653, 24.74319168634431065 ) ) ;
#2161 = CARTESIAN_POINT ( 'NONE',  ( 8.101654717397087424, -0.5728130153012584991, -20.67977269315558786 ) ) ;
#2162 = EDGE_CURVE ( 'NONE', #3586, #1538, #1924, .T. ) ;
#2163 =( NAMED_UNIT ( * ) SI_UNIT ( $, .STERADIAN. ) SOLID_ANGLE_UNIT ( ) );
#2164 = CARTESIAN_POINT ( 'NONE',  ( 11.50005131698971184, -14.99999999999992006, -11.49994977175413702 ) ) ;
#2165 = CYLINDRICAL_SURFACE ( 'NONE', #3494, 31.99999999999416644 ) ;
#2166 = CARTESIAN_POINT ( 'NONE',  ( -26.49282039184542370, 0.02184971445493319106, -7.203650240169062080 ) ) ;
#2167 = CARTESIAN_POINT ( 'NONE',  ( 4.500055779416088697, -49.99999999999997158, -12.49998100844236149 ) ) ;
#2168 = DIRECTION ( 'NONE',  ( -6.938893903915479074E-15, 1.000000000000000000, -0.000000000000000000 ) ) ;
#2169 = VECTOR ( 'NONE', #3841, 1000.000000000000114 ) ;
#2170 = AXIS2_PLACEMENT_3D ( 'NONE', #888, #2108, #2073 ) ;
#2171 = ORIENTED_EDGE ( 'NONE', *, *, #1119, .F. ) ;
#2172 = VERTEX_POINT ( 'NONE', #2988 ) ;
#2173 = ORIENTED_EDGE ( 'NONE', *, *, #2934, .F. ) ;
#2174 = AXIS2_PLACEMENT_3D ( 'NONE', #1092, #2347, #3846 ) ;
#2175 = DIRECTION ( 'NONE',  ( 0.9999999999900436309, 6.938893903846393002E-15, 4.462356453843343425E-06 ) ) ;
#2176 = VECTOR ( 'NONE', #2175, 1000.000000000000227 ) ;
#2177 = CARTESIAN_POINT ( 'NONE',  ( 12.10226433355487075, 0.05230524321480972683, -22.87078420913748644 ) ) ;
#2178 = CARTESIAN_POINT ( 'NONE',  ( 29.66194353503529868, 2.108418151118137462, -4.564308339270525039 ) ) ;
#2179 = TOROIDAL_SURFACE ( 'NONE', #2872, 4.500000000000006217, 7.000000000000000000 ) ;
#2180 = CARTESIAN_POINT ( 'NONE',  ( 10.55909076777023259, 1.108591363659101603, 26.77928234092016879 ) ) ;
#2181 = CARTESIAN_POINT ( 'NONE',  ( -3.428247269404179399E-13, 49.00000000001399769, 0.000000000000000000 ) ) ;
#2182 = CARTESIAN_POINT ( 'NONE',  ( -1.459284748046995706, -0.9965170703880993353, 28.93032746901296193 ) ) ;
#2183 = FACE_OUTER_BOUND ( 'NONE', #860, .T. ) ;
#2184 = CIRCLE ( 'NONE', #3683, 4.999999999999999112 ) ;
#2185 = CARTESIAN_POINT ( 'NONE',  ( 20.44128431165153614, 0.04605331845332007179, 15.79016171589119111 ) ) ;
#2186 = DIRECTION ( 'NONE',  ( -6.938893903915479074E-15, 1.000000000000000000, 6.018531076340127344E-36 ) ) ;
#2187 = EDGE_CURVE ( 'NONE', #3394, #1058, #2494, .T. ) ;
#2188 = AXIS2_PLACEMENT_3D ( 'NONE', #2394, #833, #220 ) ;
#2189 = DIRECTION ( 'NONE',  ( -1.000000000000000000, -6.938893903907226011E-15, 9.050731179009424632E-16 ) ) ;
#2190 = CARTESIAN_POINT ( 'NONE',  ( -29.11415641315885239, 1.884972378682414407, -6.276595965331861038 ) ) ;
#2191 = DIRECTION ( 'NONE',  ( -6.938893903915479863E-15, 1.000000000000000000, -0.000000000000000000 ) ) ;
#2192 = DIRECTION ( 'NONE',  ( -4.462356454111813906E-06, 0.000000000000000000, 0.9999999999900436309 ) ) ;
#2193 = AXIS2_PLACEMENT_3D ( 'NONE', #2014, #1970, #2289 ) ;
#2194 = ORIENTED_EDGE ( 'NONE', *, *, #2959, .T. ) ;
#2195 = VERTEX_POINT ( 'NONE', #582 ) ;
#2196 = EDGE_LOOP ( 'NONE', ( #2654, #3289 ) ) ;
#2197 = CARTESIAN_POINT ( 'NONE',  ( 16.49997991923670426, -21.99999999999988276, 4.500072539625161738 ) ) ;
#2198 = LINE ( 'NONE', #1639, #3042 ) ;
#2199 = CARTESIAN_POINT ( 'NONE',  ( 30.17789179821599177, 2.335847696586549116, -1.851084657072848527 ) ) ;
#2200 = CARTESIAN_POINT ( 'NONE',  ( 3.560623619864618394, -1.385569937834070009, 28.44072611176696341 ) ) ;
#2201 = CARTESIAN_POINT ( 'NONE',  ( -27.64517021972830690, 1.362812579710096506, 9.309917682990027643 ) ) ;
#2202 = CARTESIAN_POINT ( 'NONE',  ( 0.7692398213670380569, -0.9389708156124673133, 28.99795347704441184 ) ) ;
#2203 = SURFACE_STYLE_USAGE ( .BOTH. , #2720 ) ;
#2204 = CARTESIAN_POINT ( 'NONE',  ( -16.00775927643705288, -15.24769178352440413, -11.50007252141026903 ) ) ;
#2205 = SURFACE_SIDE_STYLE ('',( #3345 ) ) ;
#2206 = DIRECTION ( 'NONE',  ( 0.9999999999900436309, 6.938893903846393002E-15, 4.462356453843343425E-06 ) ) ;
#2207 = CARTESIAN_POINT ( 'NONE',  ( -29.87267234223530821, 2.199246539495655739, 3.677589902821404966 ) ) ;
#2208 = LINE ( 'NONE', #3676, #1998 ) ;
#2209 = EDGE_CURVE ( 'NONE', #2229, #1691, #267, .T. ) ;
#2210 = DIRECTION ( 'NONE',  ( 6.938893903915479074E-15, -1.000000000000000000, 0.000000000000000000 ) ) ;
#2211 = ORIENTED_EDGE ( 'NONE', *, *, #2002, .F. ) ;
#2212 = ORIENTED_EDGE ( 'NONE', *, *, #1213, .T. ) ;
#2213 = EDGE_LOOP ( 'NONE', ( #2492, #3198, #1575, #1785 ) ) ;
#2214 = EDGE_CURVE ( 'NONE', #2623, #3454, #3056, .T. ) ;
#2215 = CARTESIAN_POINT ( 'NONE',  ( -16.50007362871232175, -5.000000000000219380, 16.49992528174270845 ) ) ;
#2216 = CARTESIAN_POINT ( 'NONE',  ( -0.2004576995813065476, 59.92745113542790847, 15.98997252380552148 ) ) ;
#2217 = CARTESIAN_POINT ( 'NONE',  ( 22.57594661845741157, -0.6264739220277728560, 10.35055306320120749 ) ) ;
#2218 = CARTESIAN_POINT ( 'NONE',  ( 10.47727279664403710, -4.454569198419360276, 22.25420806578439326 ) ) ;
#2219 = CARTESIAN_POINT ( 'NONE',  ( 0.3131207899769856140, 40.48762392346345962, 30.73050928153568861 ) ) ;
#2220 = CARTESIAN_POINT ( 'NONE',  ( 7.295555508632434183, -2.730141279672190890, 26.41631855972560317 ) ) ;
#2221 = CARTESIAN_POINT ( 'NONE',  ( -2.818925648461541206E-15, -1.110223024626274199E-13, 0.000000000000000000 ) ) ;
#2222 =( NAMED_UNIT ( * ) PLANE_ANGLE_UNIT ( ) SI_UNIT ( $, .RADIAN. ) );
#2223 = DIRECTION ( 'NONE',  ( 6.938893903915479074E-15, -1.000000000000000000, 0.000000000000000000 ) ) ;
#2224 = CARTESIAN_POINT ( 'NONE',  ( -11.49994422042479769, -23.94427190981768305, -12.50005240614562929 ) ) ;
#2225 = CARTESIAN_POINT ( 'NONE',  ( -28.98385776570388117, -0.9508291231636948337, -0.7095633822660666334 ) ) ;
#2226 = CARTESIAN_POINT ( 'NONE',  ( -14.50750811675564655, -2.116889925181889804E-13, -20.36006405299299260 ) ) ;
#2227 = CARTESIAN_POINT ( 'NONE',  ( -23.86144530191178248, 0.4488850726653305645, -13.62125388488796673 ) ) ;
#2228 = AXIS2_PLACEMENT_3D ( 'NONE', #2936, #2013, #1414 ) ;
#2229 = VERTEX_POINT ( 'NONE', #2197 ) ;
#2230 = VERTEX_POINT ( 'NONE', #2493 ) ;
#2231 = AXIS2_PLACEMENT_3D ( 'NONE', #2418, #882, #2158 ) ;
#2232 = ORIENTED_EDGE ( 'NONE', *, *, #2074, .T. ) ;
#2233 = B_SPLINE_CURVE_WITH_KNOTS ( 'NONE', 3,
 ( #3422, #87, #471, #3711, #2305, #3464, #1668, #124, #1646, #2245, #2893, #171, #1052, #104, #1326, #793, #1308, #1945, #3481, #3730, #2523, #2010, #1349, #1007, #1029, #2867, #2564, #150, #769, #2266, #3447, #1070, #749, #730, #564, #1750, #1111, #2327, #1434, #2044, #2646, #266, #3209, #2663, #810, #3553, #827, #2954 ),
 .UNSPECIFIED., .F., .F.,
 ( 4, 2, 2, 2, 2, 2, 2, 2, 2, 2, 2, 2, 2, 2, 2, 2, 2, 2, 2, 2, 2, 2, 2, 4 ),
 ( 0.000000000000000000, 0.002194948160555515448, 0.003292422240833277509, 0.004389896321111039570, 0.006584844481666557621, 0.007682318561944315345, 0.008779792642222072202, 0.01097474080277758592, 0.01316968896333309963, 0.01426716304361085388, 0.01536463712388861161, 0.01755958528444412012, 0.01975453344499963210, 0.02194948160555513714, 0.02304695568583289486, 0.02414442976611064912, 0.02524190384638839990, 0.02633937792666615416, 0.02853432608722165920, 0.02963180016749940998, 0.03072927424777715730, 0.03292422240833266928, 0.03402169648861042006, 0.03511917056888817085 ),
 .UNSPECIFIED. ) ;
#2234 = AXIS2_PLACEMENT_3D ( 'NONE', #2485, #3333, #2151 ) ;
#2235 = EDGE_CURVE ( 'NONE', #2293, #3302, #1675, .T. ) ;
#2236 = CARTESIAN_POINT ( 'NONE',  ( 4.500055779460886640, -49.99999999999997158, -12.50000108904640506 ) ) ;
#2237 = TOROIDAL_SURFACE ( 'NONE', #515, 24.99999999999416644, 7.000000000000000000 ) ;
#2238 = CARTESIAN_POINT ( 'NONE',  ( -0.9379920257212389645, 60.02807670423145936, 15.68712576103278877 ) ) ;
#2239 = CARTESIAN_POINT ( 'NONE',  ( 30.10762138915128006, 2.304294567993524723, 2.296192099078476989 ) ) ;
#2240 = ADVANCED_FACE ( 'NONE', ( #719 ), #3134, .F. ) ;
#2241 = CARTESIAN_POINT ( 'NONE',  ( 6.284338812167583832, 1.889484413158600828, 29.12942064072507975 ) ) ;
#2242 = VECTOR ( 'NONE', #1230, 1000.000000000000114 ) ;
#2243 = CARTESIAN_POINT ( 'NONE',  ( -11.50007362876203487, -15.00000000000007994, 16.49994759352497908 ) ) ;
#2244 = FACE_OUTER_BOUND ( 'NONE', #3207, .T. ) ;
#2245 = CARTESIAN_POINT ( 'NONE',  ( 24.67904404004799801, -3.592957657148614814, -8.990704445163791192 ) ) ;
#2246 = AXIS2_PLACEMENT_3D ( 'NONE', #2121, #3322, #602 ) ;
#2247 = DIRECTION ( 'NONE',  ( -1.000000000000000000, -6.938893903915479074E-15, 0.000000000000000000 ) ) ;
#2248 = CARTESIAN_POINT ( 'NONE',  ( -7.941094299684694491, -4.838891543863761413, -20.82194266471699962 ) ) ;
#2249 = DIRECTION ( 'NONE',  ( -1.000000000000000000, -6.938893903915479863E-15, 0.000000000000000000 ) ) ;
#2250 = CARTESIAN_POINT ( 'NONE',  ( -19.25440624068478002, -2.455672745589147987E-13, -16.29769523852502999 ) ) ;
#2251 = TOROIDAL_SURFACE ( 'NONE', #2811, 4.499999999878165013, 7.000000000000000000 ) ;
#2252 = ORIENTED_EDGE ( 'NONE', *, *, #3448, .T. ) ;
#2253 = VERTEX_POINT ( 'NONE', #3352 ) ;
#2254 = CIRCLE ( 'NONE', #218, 24.99999999999416644 ) ;
#2255 = VERTEX_POINT ( 'NONE', #357 ) ;
#2256 = ORIENTED_EDGE ( 'NONE', *, *, #2854, .F. ) ;
#2257 = CARTESIAN_POINT ( 'NONE',  ( 11.35741934076437154, -20.66091181424886614, -14.32179369069508468 ) ) ;
#2258 = CARTESIAN_POINT ( 'NONE',  ( -1.356072215872462294, 60.21211306036190791, 15.14830479965729637 ) ) ;
#2259 = EDGE_CURVE ( 'NONE', #2017, #672, #955, .T. ) ;
#2260 = CARTESIAN_POINT ( 'NONE',  ( 26.72195428897922653, 0.08931701928675407631, 6.906286040138790661 ) ) ;
#2261 = CARTESIAN_POINT ( 'NONE',  ( -15.59906925782860831, 0.07221656882034266367, 20.83024623285488630 ) ) ;
#2262 = CARTESIAN_POINT ( 'NONE',  ( 0.000000000000000000, 0.000000000000000000, -3.000000000000000444 ) ) ;
#2263 = DIRECTION ( 'NONE',  ( 1.000000000000000000, 0.000000000000000000, 0.000000000000000000 ) ) ;
#2264 = CARTESIAN_POINT ( 'NONE',  ( -12.09583201200743652, -16.11868660916911722, -11.41699078051358462 ) ) ;
#2265 = EDGE_CURVE ( 'NONE', #3720, #96, #2437, .T. ) ;
#2266 = CARTESIAN_POINT ( 'NONE',  ( 27.58966337401450986, -1.997076772050201843, 5.529370578632414102 ) ) ;
#2267 = DIRECTION ( 'NONE',  ( 6.938893903915479074E-15, -1.000000000000000000, 0.000000000000000000 ) ) ;
#2268 = DIRECTION ( 'NONE',  ( 4.462356454316048796E-06, 3.096381799795151604E-20, -0.9999999999900436309 ) ) ;
#2269 = CARTESIAN_POINT ( 'NONE',  ( -23.74175032632197357, 0.4282632503149959580, -13.71805628145382983 ) ) ;
#2270 = CARTESIAN_POINT ( 'NONE',  ( 16.20217341147624879, -17.63400245604366390, -10.99003391389587847 ) ) ;
#2271 = LINE ( 'NONE', #432, #1025 ) ;
#2272 = ORIENTED_EDGE ( 'NONE', *, *, #2881, .T. ) ;
#2273 = ORIENTED_EDGE ( 'NONE', *, *, #2162, .F. ) ;
#2274 = ORIENTED_EDGE ( 'NONE', *, *, #1243, .F. ) ;
#2275 = CARTESIAN_POINT ( 'NONE',  ( 16.29538376242919995, -18.30219855825429320, -10.69139865649371757 ) ) ;
#2276 = FACE_OUTER_BOUND ( 'NONE', #802, .T. ) ;
#2277 = CARTESIAN_POINT ( 'NONE',  ( -16.26479293275594173, -18.08343595886478639, -10.78912093382760240 ) ) ;
#2278 = CARTESIAN_POINT ( 'NONE',  ( 28.19440608038657103, 1.548188567709223529, 8.316029883567347625 ) ) ;
#2279 = CARTESIAN_POINT ( 'NONE',  ( -7.111610489943965163, 1.755678979932224548, 28.77505759854879841 ) ) ;
#2280 = ADVANCED_FACE ( 'NONE', ( #981 ), #1740, .T. ) ;
#2281 = DIRECTION ( 'NONE',  ( 0.9999999999900438530, 6.938893903846394580E-15, 4.462356453843344272E-06 ) ) ;
#2282 = EDGE_LOOP ( 'NONE', ( #1061, #3318 ) ) ;
#2283 = CARTESIAN_POINT ( 'NONE',  ( 3.783963837164087011E-15, 170.0009999999999479, 31.04363007151267340 ) ) ;
#2284 = CARTESIAN_POINT ( 'NONE',  ( 0.000000000000000000, 200.0000000000000000, 0.000000000000000000 ) ) ;
#2285 = CARTESIAN_POINT ( 'NONE',  ( 16.49997991923665097, -14.99999999999988454, 4.500072539625161738 ) ) ;
#2286 = EDGE_CURVE ( 'NONE', #920, #3886, #1101, .T. ) ;
#2287 = CARTESIAN_POINT ( 'NONE',  ( -2.564267969587219476, -4.373474490779391211, -23.72220832962507231 ) ) ;
#2288 = CARTESIAN_POINT ( 'NONE',  ( -22.89170976884141240, -4.265834428155625524, -10.16408748479960522 ) ) ;
#2289 = DIRECTION ( 'NONE',  ( -1.000000000000000000, 0.000000000000000000, 0.000000000000000000 ) ) ;
#2290 = DIRECTION ( 'NONE',  ( 6.938893903915479074E-15, -1.000000000000000000, 0.000000000000000000 ) ) ;
#2291 = ORIENTED_EDGE ( 'NONE', *, *, #699, .T. ) ;
#2292 = ORIENTED_EDGE ( 'NONE', *, *, #3552, .F. ) ;
#2293 = VERTEX_POINT ( 'NONE', #20 ) ;
#2294 = CARTESIAN_POINT ( 'NONE',  ( 0.000000000000000000, 200.0000000000000000, 0.000000000000000000 ) ) ;
#2295 = AXIS2_PLACEMENT_3D ( 'NONE', #2221, #3421, #103 ) ;
#2296 = CARTESIAN_POINT ( 'NONE',  ( -23.24839083604424061, -4.148254008693283090, -9.966544241651728697 ) ) ;
#2297 = CARTESIAN_POINT ( 'NONE',  ( 21.26425517556149458, -4.707688922676179999, 10.89022099977689351 ) ) ;
#2298 = CIRCLE ( 'NONE', #1411, 30.02606042997127389 ) ;
#2299 = CARTESIAN_POINT ( 'NONE',  ( -5.964076318158668677, 0.2922276094750286268, 27.35355302571068847 ) ) ;
#2300 = CARTESIAN_POINT ( 'NONE',  ( -17.49999999976395415, -15.00000000000012079, -7.918032764175908511E-05 ) ) ;
#2301 = AXIS2_PLACEMENT_3D ( 'NONE', #384, #3754, #410 ) ;
#2302 = VERTEX_POINT ( 'NONE', #2801 ) ;
#2303 = CONTEXT_DEPENDENT_SHAPE_REPRESENTATION ( #531, #3691 ) ;
#2304 = DIRECTION ( 'NONE',  ( -6.938893903915479074E-15, 1.000000000000000000, -0.000000000000000000 ) ) ;
#2305 = CARTESIAN_POINT ( 'NONE',  ( 21.27672922684356749, -4.692494729528640995, -10.86810466482111437 ) ) ;
#2306 = VECTOR ( 'NONE', #1848, 1000.000000000000000 ) ;
#2307 = CARTESIAN_POINT ( 'NONE',  ( 1.500000000013618218, 60.51139410549557596, 14.30815198120335552 ) ) ;
#2308 = CARTESIAN_POINT ( 'NONE',  ( -5.497066370439813277, 0.3123294984175273847, -26.50610119559621936 ) ) ;
#2309 = CARTESIAN_POINT ( 'NONE',  ( -19.23710368226277012, -2.439618414722806923E-13, -16.30374084794024370 ) ) ;
#2310 = DIRECTION ( 'NONE',  ( -6.938893903915479074E-15, 1.000000000000000000, -0.000000000000000000 ) ) ;
#2311 = AXIS2_PLACEMENT_3D ( 'NONE', #1703, #3473, #3744 ) ;
#2312 = DIRECTION ( 'NONE',  ( 1.000000000000000000, 0.000000000000000000, 1.224646799147353207E-16 ) ) ;
#2313 = EDGE_CURVE ( 'NONE', #3394, #1680, #1577, .T. ) ;
#2314 = TOROIDAL_SURFACE ( 'NONE', #1360, 28.99999999999417355, 3.000000000000002665 ) ;
#2315 = ORIENTED_EDGE ( 'NONE', *, *, #373, .F. ) ;
#2316 = CIRCLE ( 'NONE', #2125, 11.49999999987816679 ) ;
#2317 = APPLICATION_CONTEXT ( 'automotive_design' ) ;
#2318 = EDGE_CURVE ( 'NONE', #2890, #1658, #1302, .T. ) ;
#2319 = ORIENTED_EDGE ( 'NONE', *, *, #2765, .F. ) ;
#2320 = CARTESIAN_POINT ( 'NONE',  ( 11.49373415486798500, -23.36279358481646184, -12.92956156870304696 ) ) ;
#2321 = AXIS2_PLACEMENT_3D ( 'NONE', #1755, #2349, #1175 ) ;
#2322 = CARTESIAN_POINT ( 'NONE',  ( 11.50005577934639511, -49.99999999999992895, -12.49994977194718260 ) ) ;
#2323 = CARTESIAN_POINT ( 'NONE',  ( -7.536755352423907262, -2.848120687170093479, 26.19331369652332597 ) ) ;
#2324 = DIRECTION ( 'NONE',  ( 1.224646799147353207E-16, 8.497694209053172746E-31, 1.000000000000000000 ) ) ;
#2325 = ORIENTED_EDGE ( 'NONE', *, *, #1655, .F. ) ;
#2326 = CARTESIAN_POINT ( 'NONE',  ( -0.8443543797743449097, 40.75110803744660615, 30.19927569173832183 ) ) ;
#2327 = CARTESIAN_POINT ( 'NONE',  ( 24.14537396387814994, -3.816046241873327638, 9.392102156567725402 ) ) ;
#2328 = DIRECTION ( 'NONE',  ( -1.000000000000000000, -6.938893903907226800E-15, 0.000000000000000000 ) ) ;
#2329 = CARTESIAN_POINT ( 'NONE',  ( -0.2661500264473651289, -4.313745043983719718, -23.99983337811111994 ) ) ;
#2330 = CARTESIAN_POINT ( 'NONE',  ( -22.26095074708901578, -0.6357508159906001266, -10.49765324725026616 ) ) ;
#2331 = CARTESIAN_POINT ( 'NONE',  ( 16.49994868274147208, -14.99999999999988454, 11.50007253955546638 ) ) ;
#2332 = CARTESIAN_POINT ( 'NONE',  ( -7.809123308452101217E-05, -1.110223024625156540E-13, 17.49999891025371568 ) ) ;
#2333 = CARTESIAN_POINT ( 'NONE',  ( -9.614821109677226474, -5.000000000000181188, -18.89455026850292896 ) ) ;
#2334 = EDGE_CURVE ( 'NONE', #1316, #159, #3679, .T. ) ;
#2335 = CARTESIAN_POINT ( 'NONE',  ( 0.000000000000000000, 200.0000000000000000, 0.000000000000000000 ) ) ;
#2336 = ORIENTED_EDGE ( 'NONE', *, *, #2784, .F. ) ;
#2337 = ORIENTED_EDGE ( 'NONE', *, *, #3546, .F. ) ;
#2338 = CARTESIAN_POINT ( 'NONE',  ( 16.50004090477489527, -20.21749194739347644, -9.166594126780184482 ) ) ;
#2339 = EDGE_CURVE ( 'NONE', #3778, #2129, #2938, .T. ) ;
#2340 = DIRECTION ( 'NONE',  ( -4.462356453793780139E-06, 0.000000000000000000, 0.9999999999900437420 ) ) ;
#2341 = CARTESIAN_POINT ( 'NONE',  ( -10.93020598812060662, 1.032678968078474036, 26.51765382490369305 ) ) ;
#2342 = EDGE_CURVE ( 'NONE', #370, #1484, #3745, .T. ) ;
#2343 = DIRECTION ( 'NONE',  ( -4.462356454084752897E-06, -3.096381799634657843E-20, 0.9999999999900436309 ) ) ;
#2344 = ORIENTED_EDGE ( 'NONE', *, *, #939, .T. ) ;
#2345 = DIRECTION ( 'NONE',  ( -6.938893903915479074E-15, 1.000000000000000000, -0.000000000000000000 ) ) ;
#2346 = FACE_OUTER_BOUND ( 'NONE', #3779, .T. ) ;
#2347 = DIRECTION ( 'NONE',  ( -6.938893903915479863E-15, 1.000000000000000000, -0.000000000000000000 ) ) ;
#2348 = CARTESIAN_POINT ( 'NONE',  ( -4.455389294419934920, -0.7640931993904305219, -23.10677247338851004 ) ) ;
#2349 = DIRECTION ( 'NONE',  ( -6.938893903915479074E-15, 1.000000000000000000, -0.000000000000000000 ) ) ;
#2350 = DIRECTION ( 'NONE',  ( 0.4763674523603989575, 3.305463211203389254E-15, -0.8792462967403749108 ) ) ;
#2351 = CARTESIAN_POINT ( 'NONE',  ( 2.045739095337400837, -4.344439972544310358, -23.86373710561976935 ) ) ;
#2352 = CARTESIAN_POINT ( 'NONE',  ( 18.82864379478064976, 1.962765918408384068E-14, -16.44634223312212029 ) ) ;
#2353 = ORIENTED_EDGE ( 'NONE', *, *, #3749, .F. ) ;
#2354 = SURFACE_STYLE_USAGE ( .BOTH. , #541 ) ;
#2355 = ORIENTED_EDGE ( 'NONE', *, *, #3645, .T. ) ;
#2356 = CARTESIAN_POINT ( 'NONE',  ( 9.041592679141933431, 62.45679950559260618, 0.000000000000000000 ) ) ;
#2357 = ADVANCED_FACE ( 'NONE', ( #3057 ), #1164, .T. ) ;
#2358 = VECTOR ( 'NONE', #2892, 1000.000000000000227 ) ;
#2359 = DIRECTION ( 'NONE',  ( 4.462356454314198876E-06, 3.096381799790186315E-20, -0.9999999999900438530 ) ) ;
#2360 = DIRECTION ( 'NONE',  ( 0.000000000000000000, 0.000000000000000000, 1.000000000000000000 ) ) ;
#2361 = EDGE_LOOP ( 'NONE', ( #226, #2292, #1858, #35 ) ) ;
#2362 = DIRECTION ( 'NONE',  ( -1.000000000000000000, -6.938893903980740748E-15, 0.000000000000000000 ) ) ;
#2363 = DIRECTION ( 'NONE',  ( 0.9999999999900438530, 6.938893903846394580E-15, 4.462356453843344272E-06 ) ) ;
#2364 = EDGE_CURVE ( 'NONE', #1102, #1739, #3646, .T. ) ;
#2365 = DIRECTION ( 'NONE',  ( -4.462356454091162395E-06, -3.096381799635424604E-20, 0.9999999999900437420 ) ) ;
#2366 = CARTESIAN_POINT ( 'NONE',  ( 1.028146890502868116, -4.313562994896938285, -24.00066020019422197 ) ) ;
#2367 = CARTESIAN_POINT ( 'NONE',  ( 16.00786191057755659, 1.040832537395184488E-13, -11.49992965629644104 ) ) ;
#2368 = FACE_OUTER_BOUND ( 'NONE', #3390, .T. ) ;
#2369 = CARTESIAN_POINT ( 'NONE',  ( -4.330303476907104709E-13, 61.99999999992628119, 0.000000000000000000 ) ) ;
#2370 = VECTOR ( 'NONE', #2789, 999.9999999999998863 ) ;
#2371 = CIRCLE ( 'NONE', #1987, 3.000000000000000444 ) ;
#2372 = FACE_OUTER_BOUND ( 'NONE', #2139, .T. ) ;
#2373 = FACE_OUTER_BOUND ( 'NONE', #281, .T. ) ;
#2374 = EDGE_LOOP ( 'NONE', ( #2879, #3055, #556, #715 ) ) ;
#2375 = AXIS2_PLACEMENT_3D ( 'NONE', #3092, #1860, #3722 ) ;
#2376 = ORIENTED_EDGE ( 'NONE', *, *, #3250, .F. ) ;
#2377 = DIRECTION ( 'NONE',  ( 6.938893903915479074E-15, -1.000000000000000000, 0.000000000000000000 ) ) ;
#2378 = ORIENTED_EDGE ( 'NONE', *, *, #2942, .F. ) ;
#2379 = AXIS2_PLACEMENT_3D ( 'NONE', #1227, #2145, #24 ) ;
#2380 = DIRECTION ( 'NONE',  ( 0.9999999999900437420, 6.938893903846393791E-15, 4.462356454084752897E-06 ) ) ;
#2381 = CARTESIAN_POINT ( 'NONE',  ( 24.86018666052781256, 0.6404981834402880825, 12.73638303146903894 ) ) ;
#2382 = EDGE_CURVE ( 'NONE', #899, #2746, #3872, .T. ) ;
#2383 = ORIENTED_EDGE ( 'NONE', *, *, #289, .F. ) ;
#2384 = AXIS2_PLACEMENT_3D ( 'NONE', #1734, #3308, #193 ) ;
#2385 = CARTESIAN_POINT ( 'NONE',  ( -1.381468750575917337, 40.94225262228388829, 29.66216132093675739 ) ) ;
#2386 = DIRECTION ( 'NONE',  ( 1.000000000000000000, 6.938893903907226800E-15, 0.000000000000000000 ) ) ;
#2387 = CARTESIAN_POINT ( 'NONE',  ( -4.500078091187940110, -50.00000000000003553, 17.49997882964967033 ) ) ;
#2388 = CARTESIAN_POINT ( 'NONE',  ( -26.84865706741921088, -2.474783631529256400, 6.734008090992420925 ) ) ;
#2389 = CARTESIAN_POINT ( 'NONE',  ( 10.86810312848327875, -4.692494809641277520, 21.27672942260850775 ) ) ;
#2390 = EDGE_CURVE ( 'NONE', #3917, #3799, #3661, .T. ) ;
#2391 = CARTESIAN_POINT ( 'NONE',  ( 16.00788422235984143, 5.470778249009058612E-17, -16.49992965624666041 ) ) ;
#2392 = DIRECTION ( 'NONE',  ( -6.938893903915479074E-15, 1.000000000000000000, 6.018531076150186651E-36 ) ) ;
#2393 = CARTESIAN_POINT ( 'NONE',  ( 1.029029009509300874, -4.313559399719549603, -24.00067663901907977 ) ) ;
#2394 = CARTESIAN_POINT ( 'NONE',  ( 24.99999999999411315, 7.000000000000062172, 3.061616997867668729E-15 ) ) ;
#2395 = CARTESIAN_POINT ( 'NONE',  ( -18.42602588968060218, -2.419939248987645897E-13, 11.46257653501172413 ) ) ;
#2396 = ORIENTED_EDGE ( 'NONE', *, *, #1535, .F. ) ;
#2397 = VERTEX_POINT ( 'NONE', #3373 ) ;
#2398 = FACE_OUTER_BOUND ( 'NONE', #2399, .T. ) ;
#2399 = EDGE_LOOP ( 'NONE', ( #2735, #3282, #998, #2877 ) ) ;
#2400 = DIRECTION ( 'NONE',  ( 0.9999999999900438530, 6.938893903838141517E-15, 4.462356453793781833E-06 ) ) ;
#2401 = ORIENTED_EDGE ( 'NONE', *, *, #1515, .F. ) ;
#2402 = CARTESIAN_POINT ( 'NONE',  ( 13.60464214841900876, 0.007883150821617073215, -21.42769030135823982 ) ) ;
#2403 = CARTESIAN_POINT ( 'NONE',  ( 16.00788422235985919, -5.000000000000000000, -16.49992965624666041 ) ) ;
#2404 = ADVANCED_FACE ( 'NONE', ( #1879 ), #3076, .F. ) ;
#2405 = CYLINDRICAL_SURFACE ( 'NONE', #2560, 5.000000000000000888 ) ;
#2406 = CARTESIAN_POINT ( 'NONE',  ( 6.736932980223981460, -4.710561676545813370, -21.82369054402783348 ) ) ;
#2407 = EDGE_LOOP ( 'NONE', ( #2820, #980, #879 ) ) ;
#2408 = DIRECTION ( 'NONE',  ( -6.938893903915479863E-15, 1.000000000000000000, -0.000000000000000000 ) ) ;
#2409 = CYLINDRICAL_SURFACE ( 'NONE', #126, 28.99999999999388933 ) ;
#2410 = ADVANCED_FACE ( 'NONE', ( #2901 ), #3499, .T. ) ;
#2411 = CARTESIAN_POINT ( 'NONE',  ( -24.67007219582569633, -3.596939551465654361, 8.998017457068753444 ) ) ;
#2412 = LINE ( 'NONE', #596, #3628 ) ;
#2413 = ORIENTED_EDGE ( 'NONE', *, *, #2743, .T. ) ;
#2414 = CARTESIAN_POINT ( 'NONE',  ( -7.809123273757631698E-05, -50.00000000000000000, 17.49999891025371568 ) ) ;
#2415 = ORIENTED_EDGE ( 'NONE', *, *, #2658, .F. ) ;
#2416 = EDGE_LOOP ( 'NONE', ( #3432, #2680, #2433, #1747 ) ) ;
#2417 = DIRECTION ( 'NONE',  ( -1.000000000000000000, -6.938893903915480652E-15, 0.000000000000000000 ) ) ;
#2418 = CARTESIAN_POINT ( 'NONE',  ( -18.82864584182246048, -5.000000000000243361, 16.44633988955989068 ) ) ;
#2419 = CARTESIAN_POINT ( 'NONE',  ( 18.82864379478064620, 1.908195823574487804E-14, -16.44634223312211674 ) ) ;
#2420 = DIRECTION ( 'NONE',  ( 1.000000000000000000, 6.938893903907226800E-15, 0.000000000000000000 ) ) ;
#2421 = CARTESIAN_POINT ( 'NONE',  ( -23.24816718992333975, -4.158739094059289876, 9.985754551786360622 ) ) ;
#2422 = AXIS2_PLACEMENT_3D ( 'NONE', #2700, #619, #3887 ) ;
#2423 =( NAMED_UNIT ( * ) SI_UNIT ( $, .STERADIAN. ) SOLID_ANGLE_UNIT ( ) );
#2424 = DIRECTION ( 'NONE',  ( 6.938893903915479074E-15, -1.000000000000000000, 0.000000000000000000 ) ) ;
#2425 = CIRCLE ( 'NONE', #2486, 12.00000000000000178 ) ;
#2426 = CARTESIAN_POINT ( 'NONE',  ( -27.74173348828620078, 0.4277145150616277758, 5.306711653181304555 ) ) ;
#2427 = CARTESIAN_POINT ( 'NONE',  ( -4.191525598833909392E-13, 59.99999999999997158, 0.000000000000000000 ) ) ;
#2428 = DIRECTION ( 'NONE',  ( 4.462356454316048796E-06, -5.795900225120290099E-32, -0.9999999999900437420 ) ) ;
#2429 = AXIS2_PLACEMENT_3D ( 'NONE', #2284, #3123, #1604 ) ;
#2430 = ADVANCED_FACE ( 'NONE', ( #1423 ), #2889, .F. ) ;
#2431 = CARTESIAN_POINT ( 'NONE',  ( -26.41511488723819312, -2.723951514008808861, -7.272711354411233842 ) ) ;
#2432 = CIRCLE ( 'NONE', #2932, 11.49999999987816501 ) ;
#2433 = ORIENTED_EDGE ( 'NONE', *, *, #1972, .T. ) ;
#2434 = CARTESIAN_POINT ( 'NONE',  ( 19.68085212129548012, -9.596582125121089522E-14, -16.14856740586719397 ) ) ;
#2435 = ORIENTED_EDGE ( 'NONE', *, *, #3115, .T. ) ;
#2436 = ORIENTED_EDGE ( 'NONE', *, *, #1895, .F. ) ;
#2437 = CIRCLE ( 'NONE', #966, 5.000000000000000000 ) ;
#2438 = DIRECTION ( 'NONE',  ( -1.000000000000000000, -6.867228000010154741E-15, 0.000000000000000000 ) ) ;
#2439 = AXIS2_PLACEMENT_3D ( 'NONE', #3334, #752, #2453 ) ;
#2440 = CARTESIAN_POINT ( 'NONE',  ( -0.7045953480337232566, 0.3991954435685945435, -27.32324256521304662 ) ) ;
#2441 = CARTESIAN_POINT ( 'NONE',  ( 26.77928205308687737, 1.108591654694116579, -10.55909273576726193 ) ) ;
#2442 = CIRCLE ( 'NONE', #2814, 7.000000000000000888 ) ;
#2443 = FACE_OUTER_BOUND ( 'NONE', #1824, .T. ) ;
#2444 = DIRECTION ( 'NONE',  ( -6.938893903915479074E-15, 1.000000000000000000, 6.018531076150186651E-36 ) ) ;
#2445 = TOROIDAL_SURFACE ( 'NONE', #1367, 12.00000000000000000, 5.000000000000000000 ) ;
#2446 = DIRECTION ( 'NONE',  ( 1.000000000000000000, 0.000000000000000000, 0.000000000000000000 ) ) ;
#2447 = CARTESIAN_POINT ( 'NONE',  ( -11.50007362876203487, -15.00000000000008349, 16.49994759352497908 ) ) ;
#2448 = DIRECTION ( 'NONE',  ( -6.938893903915479074E-15, 1.000000000000000000, -0.000000000000000000 ) ) ;
#2449 = CARTESIAN_POINT ( 'NONE',  ( -27.36789639441722599, 0.2922432269835346652, 5.975584795908562619 ) ) ;
#2450 = DIRECTION ( 'NONE',  ( -4.462356454111813906E-06, 0.000000000000000000, 0.9999999999900436309 ) ) ;
#2451 = DIRECTION ( 'NONE',  ( -1.000000000000000000, -6.938893903907226800E-15, 0.000000000000000000 ) ) ;
#2452 = EDGE_CURVE ( 'NONE', #1137, #1680, #2689, .T. ) ;
#2453 = DIRECTION ( 'NONE',  ( -0.9999999999900437420, 0.000000000000000000, -4.462356453793780139E-06 ) ) ;
#2454 = ORIENTED_EDGE ( 'NONE', *, *, #1572, .T. ) ;
#2455 = VERTEX_POINT ( 'NONE', #137 ) ;
#2456 = EDGE_CURVE ( 'NONE', #1739, #495, #1382, .T. ) ;
#2457 = DIRECTION ( 'NONE',  ( -6.938893903915479074E-15, 1.000000000000000000, -0.000000000000000000 ) ) ;
#2458 = CARTESIAN_POINT ( 'NONE',  ( -1.499999999986362020, 54.99999999999996447, 14.49999685643533276 ) ) ;
#2459 = CARTESIAN_POINT ( 'NONE',  ( 25.65776478696676932, 0.8184519283967019998, -11.91944708049721413 ) ) ;
#2460 = EDGE_CURVE ( 'NONE', #1016, #1652, #714, .T. ) ;
#2461 = DIRECTION ( 'NONE',  ( 4.462356453793781833E-06, 0.000000000000000000, -0.9999999999900437420 ) ) ;
#2462 = CARTESIAN_POINT ( 'NONE',  ( -20.93777561463561199, -4.760359151851293547, 10.98004257831553154 ) ) ;
#2463 = DIRECTION ( 'NONE',  ( -6.938893903915479074E-15, 1.000000000000000000, -0.000000000000000000 ) ) ;
#2464 = CARTESIAN_POINT ( 'NONE',  ( 16.49992637095913395, -4.999999999999997335, 16.50007253950568753 ) ) ;
#2465 = CARTESIAN_POINT ( 'NONE',  ( -28.19440504526039248, 1.548188567663252302, -8.316033392825712411 ) ) ;
#2466 = CARTESIAN_POINT ( 'NONE',  ( -7.809123304982654265E-05, -5.000000000000108358, 17.49999891025371568 ) ) ;
#2467 = DIRECTION ( 'NONE',  ( -1.000000000000000000, -6.938893903907226800E-15, 0.000000000000000000 ) ) ;
#2468 = ORIENTED_EDGE ( 'NONE', *, *, #2235, .T. ) ;
#2469 = VERTEX_POINT ( 'NONE', #2554 ) ;
#2470 = VERTEX_POINT ( 'NONE', #1043 ) ;
#2471 = DIRECTION ( 'NONE',  ( 6.938893903915479074E-15, -1.000000000000000000, 0.000000000000000000 ) ) ;
#2472 = DIRECTION ( 'NONE',  ( 6.938893903915479074E-15, -1.000000000000000000, 0.000000000000000000 ) ) ;
#2473 = EDGE_CURVE ( 'NONE', #978, #3302, #990, .T. ) ;
#2474 = CARTESIAN_POINT ( 'NONE',  ( 28.44072691688270638, -1.385568883757566150, -3.560625584797965537 ) ) ;
#2475 = CARTESIAN_POINT ( 'NONE',  ( 2.520371207739241726, -1.161707094234912807, 28.72627574416725693 ) ) ;
#2476 = CARTESIAN_POINT ( 'NONE',  ( -24.87307641887759502, 0.6384164601495135871, 12.74768861780279749 ) ) ;
#2477 = CARTESIAN_POINT ( 'NONE',  ( 3.621085832404105087, -1.400756605379437358, 28.42088381392732188 ) ) ;
#2478 = CARTESIAN_POINT ( 'NONE',  ( -16.38799594600089549, -18.93366610370636494, -10.29539612876788901 ) ) ;
#2479 =( NAMED_UNIT ( * ) SI_UNIT ( $, .STERADIAN. ) SOLID_ANGLE_UNIT ( ) );
#2480 = CARTESIAN_POINT ( 'NONE',  ( -0.4381115247450433348, 2.370028154995990732, 30.25019881564569246 ) ) ;
#2481 = DIRECTION ( 'NONE',  ( -6.938893903915479074E-15, 1.000000000000000000, 0.000000000000000000 ) ) ;
#2482 = VECTOR ( 'NONE', #1667, 1000.000000000000227 ) ;
#2483 = CARTESIAN_POINT ( 'NONE',  ( -26.72195342928175776, 0.08931701923965140733, -6.906289366116839190 ) ) ;
#2484 = DIRECTION ( 'NONE',  ( -0.9999999999900437420, -6.938893903846393791E-15, -4.462356454084752897E-06 ) ) ;
#2485 = CARTESIAN_POINT ( 'NONE',  ( -17.49999999976405718, -2.324529457808921507E-13, -7.918032764175908511E-05 ) ) ;
#2486 = AXIS2_PLACEMENT_3D ( 'NONE', #3203, #1212, #2036 ) ;
#2487 = ORIENTED_EDGE ( 'NONE', *, *, #3766, .T. ) ;
#2488 =( BOUNDED_SURFACE ( )  B_SPLINE_SURFACE ( 3, 2, ( 
 ( #3060, #3633, #2419 ),
 ( #324, #1863, #659 ),
 ( #1843, #1282, #305 ),
 ( #3340, #3648, #40 ),
 ( #587, #940, #924 ),
 ( #3376, #620, #3901 ),
 ( #3609, #604, #1881 ),
 ( #2102, #1544, #904 ),
 ( #2142, #3038, #3078 ),
 ( #2752, #1811, #2459 ),
 ( #360, #22, #344 ),
 ( #1245, #1563, #2159 ),
 ( #1828, #3023, #2441 ),
 ( #3304, #2124, #3324 ),
 ( #3688, #2783, #3354 ),
 ( #1224, #1512, #637 ),
 ( #1527, #2732, #2767 ),
 ( #3007, #1261, #3920 ),
 ( #2474, #3664, #2178 ),
 ( #958, #1579, #59 ),
 ( #2496, #290, #2716 ),
 ( #1203, #2824, #2199 ),
 ( #983, #3397, #1979 ),
 ( #3136, #3094, #3475 ),
 ( #2537, #3157, #3182 ),
 ( #440, #421, #1959 ),
 ( #164, #678, #2239 ),
 ( #3767, #3416, #743 ),
 ( #1385, #401, #118 ),
 ( #3724, #1304, #2558 ),
 ( #1660, #763, #463 ),
 ( #1897, #2861, #1917 ),
 ( #2805, #377, #81 ),
 ( #1021, #2260, #2278 ),
 ( #2518, #3707, #3116 ),
 ( #1620, #142, #99 ),
 ( #1687, #2886, #697 ),
 ( #1321, #2582, #3439 ),
 ( #723, #2599, #1366 ),
 ( #1063, #3458, #1598 ),
 ( #1001, #1342, #1939 ),
 ( #3747, #2217, #1046 ),
 ( #1640, #2841, #3783 ),
 ( #1402, #1083, #3204 ),
 ( #2297, #1705, #2904 ),
 ( #3497, #181, #2004 ),
 ( #786, #482, #2185 ),
 ( #3636, #2107, #1869 ),
 ( #964, #1516, #3309 ),
 ( #46, #6, #1250 ) ),
 .UNSPECIFIED., .F., .F., .F. ) 
 B_SPLINE_SURFACE_WITH_KNOTS ( ( 4, 2, 2, 2, 2, 2, 2, 2, 2, 2, 2, 2, 2, 2, 2, 2, 2, 2, 2, 2, 2, 2, 2, 2, 4 ),
 ( 3, 3 ),
 ( -3.577867169202164632E-18, 0.003108266912538618608, 0.004662400368807929213, 0.006216533825077240685, 0.009324800737615861895, 0.01087893419388517337, 0.01243306765015448484, 0.01554133456269310778, 0.01864960147523173073, 0.02020373493150104047, 0.02175786838777035020, 0.02486613530030897315, 0.02642026875657828289, 0.02797440221284759609, 0.03108266912538621557, 0.03263680258165552184, 0.03419093603792483504, 0.03574506949419414825, 0.03729920295046346146, 0.04040746986300208787, 0.04196160331927140108, 0.04351573677554070735, 0.04662400368807932682, 0.04817813714434864003, 0.04973227060061795324 ),
 ( 0.000000000000000000, 1.000000000000000000 ),
 .UNSPECIFIED. ) 
 GEOMETRIC_REPRESENTATION_ITEM ( )  RATIONAL_B_SPLINE_SURFACE ( (
 ( 1.000000000000000000, 0.7071067811865474617, 1.000000000000000000),
 ( 1.000000000000000000, 0.7226063600580596713, 1.000000000000000000),
 ( 1.000000000000000000, 0.7379795134884399310, 1.000000000000000000),
 ( 1.000000000000000000, 0.7605747735589202252, 1.000000000000000000),
 ( 1.000000000000000000, 0.7680303154806091825, 1.000000000000000000),
 ( 1.000000000000000000, 0.7827581948660309319, 1.000000000000000000),
 ( 1.000000000000000000, 0.7900019771931928725, 1.000000000000000000),
 ( 1.000000000000000000, 0.8109973657168519923, 1.000000000000000000),
 ( 1.000000000000000000, 0.8241633450318527343, 1.000000000000000000),
 ( 1.000000000000000000, 0.8426842669254962503, 1.000000000000000000),
 ( 1.000000000000000000, 0.8486663338445955551, 1.000000000000000000),
 ( 1.000000000000000000, 0.8600124329740662654, 1.000000000000000000),
 ( 1.000000000000000000, 0.8654036410579976080, 1.000000000000000000),
 ( 1.000000000000000000, 0.8807648481744361213, 1.000000000000000000),
 ( 1.000000000000000000, 0.8899298894555273121, 1.000000000000000000),
 ( 1.000000000000000000, 0.9061103335553567506, 1.000000000000000000),
 ( 1.000000000000000000, 0.9128918365465460427, 1.000000000000000000),
 ( 1.000000000000000000, 0.9211649473520169273, 1.000000000000000000),
 ( 1.000000000000000000, 0.9236058611807947960, 1.000000000000000000),
 ( 1.000000000000000000, 0.9278406596610068169, 1.000000000000000000),
 ( 1.000000000000000000, 0.9296418040534952798, 1.000000000000000000),
 ( 1.000000000000000000, 0.9339685612672253834, 1.000000000000000000),
 ( 1.000000000000000000, 0.9353980306673504996, 1.000000000000000000),
 ( 1.000000000000000000, 0.9354222984190296852, 1.000000000000000000),
 ( 1.000000000000000000, 0.9350744560243910986, 1.000000000000000000),
 ( 1.000000000000000000, 0.9336455254298230422, 1.000000000000000000),
 ( 1.000000000000000000, 0.9325582734891683101, 1.000000000000000000),
 ( 1.000000000000000000, 0.9282772928630615983, 1.000000000000000000),
 ( 1.000000000000000000, 0.9240625687227645990, 1.000000000000000000),
 ( 1.000000000000000000, 0.9157174624311662514, 1.000000000000000000),
 ( 1.000000000000000000, 0.9125837864591331838, 1.000000000000000000),
 ( 1.000000000000000000, 0.9057495190599221813, 1.000000000000000000),
 ( 1.000000000000000000, 0.9020381717434247104, 1.000000000000000000),
 ( 1.000000000000000000, 0.8940308622305077613, 1.000000000000000000),
 ( 1.000000000000000000, 0.8897348637908584212, 1.000000000000000000),
 ( 1.000000000000000000, 0.8805442305651893786, 1.000000000000000000),
 ( 1.000000000000000000, 0.8756260315236964464, 1.000000000000000000),
 ( 1.000000000000000000, 0.8601090046826628255, 1.000000000000000000),
 ( 1.000000000000000000, 0.8488194797312180739, 1.000000000000000000),
 ( 1.000000000000000000, 0.8304411894404692962, 1.000000000000000000),
 ( 1.000000000000000000, 0.8240731036532720211, 1.000000000000000000),
 ( 1.000000000000000000, 0.8108328850247918940, 1.000000000000000000),
 ( 1.000000000000000000, 0.8039338347647144722, 1.000000000000000000),
 ( 1.000000000000000000, 0.7829175728393377165, 1.000000000000000000),
 ( 1.000000000000000000, 0.7683551942586899219, 1.000000000000000000),
 ( 1.000000000000000000, 0.7457968475646274964, 1.000000000000000000),
 ( 1.000000000000000000, 0.7381585565912465174, 1.000000000000000000),
 ( 1.000000000000000000, 0.7226737260773972160, 1.000000000000000000),
 ( 1.000000000000000000, 0.7148434205355106430, 1.000000000000000000),
 ( 1.000000000000000000, 0.7071067811865474617, 1.000000000000000000) ) ) 
 REPRESENTATION_ITEM ( '' )  SURFACE ( )  );
#2489 = EDGE_LOOP ( 'NONE', ( #1636, #1080, #2856, #2952 ) ) ;
#2490 = VERTEX_POINT ( 'NONE', #282 ) ;
#2491 = CIRCLE ( 'NONE', #3677, 5.000000000000001776 ) ;
#2492 = ORIENTED_EDGE ( 'NONE', *, *, #2265, .T. ) ;
#2493 = CARTESIAN_POINT ( 'NONE',  ( -4.500078091187891260, -57.00000000000003553, 17.49997882964967033 ) ) ;
#2494 = CIRCLE ( 'NONE', #458, 7.000000000000000888 ) ;
#2495 = CARTESIAN_POINT ( 'NONE',  ( -4.362000309958896686E-13, 62.45679950559254223, 0.000000000000000000 ) ) ;
#2496 = CARTESIAN_POINT ( 'NONE',  ( 28.72627664753655807, -1.161705950113001595, -2.520373127726845741 ) ) ;
#2497 = AXIS2_PLACEMENT_3D ( 'NONE', #145, #500, #485 ) ;
#2498 = CARTESIAN_POINT ( 'NONE',  ( 9.460819396849300844, -0.4893137639233348102, 24.08895819462512833 ) ) ;
#2499 = EDGE_CURVE ( 'NONE', #436, #3848, #2984, .T. ) ;
#2500 = LINE ( 'NONE', #3692, #2692 ) ;
#2501 = CARTESIAN_POINT ( 'NONE',  ( -4.574385973581415854, -1.670978589184012542, 28.05713544310751928 ) ) ;
#2502 = CARTESIAN_POINT ( 'NONE',  ( 11.15702711845134409, -56.99999999999992895, -15.28783009042840391 ) ) ;
#2503 = CIRCLE ( 'NONE', #3191, 4.499999999878167678 ) ;
#2504 = DIRECTION ( 'NONE',  ( -6.938893903915479074E-15, 1.000000000000000000, -0.000000000000000000 ) ) ;
#2505 = DIRECTION ( 'NONE',  ( -1.000000000000000000, -6.938893903908493711E-15, 0.000000000000000000 ) ) ;
#2506 = TOROIDAL_SURFACE ( 'NONE', #3449, 4.250000000000039968, 1.999999999978995247 ) ;
#2507 = DIRECTION ( 'NONE',  ( -1.000000000000000000, -9.251858538542970644E-15, 0.000000000000000000 ) ) ;
#2508 = EDGE_CURVE ( 'NONE', #2080, #2397, #3880, .T. ) ;
#2509 = CARTESIAN_POINT ( 'NONE',  ( -28.66158706700800352, -1.214103196254455508, -2.862132655885185173 ) ) ;
#2510 = DIRECTION ( 'NONE',  ( 1.000000000000000000, 7.240584943207538128E-15, 0.000000000000000000 ) ) ;
#2511 = CARTESIAN_POINT ( 'NONE',  ( 17.49997991928358587, -21.99999999999987566, 4.500077001981615865 ) ) ;
#2512 = AXIS2_PLACEMENT_3D ( 'NONE', #3148, #1013, #493 ) ;
#2513 = ORIENTED_EDGE ( 'NONE', *, *, #2140, .T. ) ;
#2514 = ORIENTED_EDGE ( 'NONE', *, *, #1162, .F. ) ;
#2515 = EDGE_LOOP ( 'NONE', ( #716, #2710 ) ) ;
#2516 = CARTESIAN_POINT ( 'NONE',  ( 16.00788422235985919, -4.999999999999998224, -16.49992965624666041 ) ) ;
#2517 = DIRECTION ( 'NONE',  ( 6.938893903915479074E-15, -1.000000000000000000, -6.018531076150186651E-36 ) ) ;
#2518 = CARTESIAN_POINT ( 'NONE',  ( 26.85027095761559224, -2.469307634118096395, 6.704310383179048038 ) ) ;
#2519 = CARTESIAN_POINT ( 'NONE',  ( 7.794253837200145973, -0.1148986070162738155, 26.01194417871744591 ) ) ;
#2520 = LINE ( 'NONE', #1899, #209 ) ;
#2521 = CARTESIAN_POINT ( 'NONE',  ( -5.833456095746688774, -2.112254757761019786, 27.41680012199281791 ) ) ;
#2522 = CARTESIAN_POINT ( 'NONE',  ( -9.041592679142802069, 62.45679950559247828, 1.107275753370584030E-15 ) ) ;
#2523 = CARTESIAN_POINT ( 'NONE',  ( 28.71290579769664220, -1.172424135631114916, -2.579783659433799503 ) ) ;
#2524 = B_SPLINE_CURVE_WITH_KNOTS ( 'NONE', 3,
 ( #2823, #3474, #3706, #420, #400, #3135, #1045, #696, #57, #2840, #1619, #117, #1365, #3723, #677, #1896, #2216, #1020, #3415, #2557, #2238, #3438, #3093, #3746, #2258, #3457, #3765, #762 ),
 .UNSPECIFIED., .F., .F.,
 ( 4, 2, 2, 2, 2, 2, 2, 2, 2, 2, 2, 2, 2, 4 ),
 ( 0.004115164988295482058, 0.004416862581935921891, 0.004718560175576360857, 0.005020257769216800690, 0.005321955362857240523, 0.005623652956497676020, 0.005925350550138112384, 0.006528745737418977305, 0.006830443331059409331, 0.007132140924699842226, 0.007735536111980705412, 0.008037233705621139174, 0.008338931299261571201, 0.008942326486542433520 ),
 .UNSPECIFIED. ) ;
#2525 = PRODUCT_DEFINITION ( 'UNKNOWN', '', #2005, #489 ) ;
#2526 = CARTESIAN_POINT ( 'NONE',  ( 1.363807070747745774E-11, 54.99999999999997868, 14.49999685643533276 ) ) ;
#2527 = CARTESIAN_POINT ( 'NONE',  ( -8.282139137282099384, -0.5434975854100704273, -20.48530843870900142 ) ) ;
#2528 = CARTESIAN_POINT ( 'NONE',  ( -27.28413721709748074, 1.255263267778042646, -9.842505756808710871 ) ) ;
#2529 = CARTESIAN_POINT ( 'NONE',  ( -16.00773696458701778, -15.00000000000011013, -16.50007252136048663 ) ) ;
#2530 = FACE_OUTER_BOUND ( 'NONE', #3787, .T. ) ;
#2531 = EDGE_CURVE ( 'NONE', #3837, #2229, #333, .T. ) ;
#2532 = EDGE_LOOP ( 'NONE', ( #1893, #1665, #52, #2291, #1934, #900, #264, #2673 ) ) ;
#2533 = ORIENTED_EDGE ( 'NONE', *, *, #3169, .F. ) ;
#2534 = ORIENTED_EDGE ( 'NONE', *, *, #3410, .T. ) ;
#2535 = DIRECTION ( 'NONE',  ( 0.000000000000000000, -0.000000000000000000, -1.000000000000000000 ) ) ;
#2536 = DIRECTION ( 'NONE',  ( -6.938893903915479863E-15, 1.000000000000000000, -0.000000000000000000 ) ) ;
#2537 = CARTESIAN_POINT ( 'NONE',  ( 28.98385785413482552, -0.9508291230347898360, 0.7095597747228397090 ) ) ;
#2538 = CARTESIAN_POINT ( 'NONE',  ( 11.91944518890077198, 0.8184517167426907935, 25.65776522568519269 ) ) ;
#2539 = CARTESIAN_POINT ( 'NONE',  ( -30.24999999967805664, 2.369935205278167700, 1.869119155929159071E-13 ) ) ;
#2540 = CARTESIAN_POINT ( 'NONE',  ( 1.020000006248255825E-06, 8.878442283449212269, -4.028977076842276549E-15 ) ) ;
#2541 = CARTESIAN_POINT ( 'NONE',  ( -11.16083905635338880, -15.84715387900827821, -15.27226625022982986 ) ) ;
#2542 = FACE_OUTER_BOUND ( 'NONE', #1936, .T. ) ;
#2543 = DIRECTION ( 'NONE',  ( 0.000000000000000000, 0.000000000000000000, 1.000000000000000000 ) ) ;
#2544 = CARTESIAN_POINT ( 'NONE',  ( -30.17789202855352571, 2.335847696516251126, 1.851080900899298554 ) ) ;
#2545 = CARTESIAN_POINT ( 'NONE',  ( 5.577946093191405190E-05, -57.00000000000000000, -12.50000108904640506 ) ) ;
#2546 = DIRECTION ( 'NONE',  ( -6.938893903915479074E-15, 1.000000000000000000, -0.000000000000000000 ) ) ;
#2547 = EDGE_LOOP ( 'NONE', ( #801, #1634, #1973, #1804 ) ) ;
#2548 = EDGE_CURVE ( 'NONE', #1486, #1484, #2727, .T. ) ;
#2549 = ORIENTED_EDGE ( 'NONE', *, *, #670, .T. ) ;
#2550 = CIRCLE ( 'NONE', #3355, 28.99999999999388933 ) ;
#2551 = ORIENTED_EDGE ( 'NONE', *, *, #968, .F. ) ;
#2552 = CIRCLE ( 'NONE', #3045, 5.000000000000001776 ) ;
#2553 = ORIENTED_EDGE ( 'NONE', *, *, #3202, .T. ) ;
#2554 = CARTESIAN_POINT ( 'NONE',  ( 2.121320343559704558, 49.00000000001401901, 28.92230972795298172 ) ) ;
#2555 = ADVANCED_FACE ( 'NONE', ( #862 ), #1864, .T. ) ;
#2556 = AXIS2_PLACEMENT_3D ( 'NONE', #365, #2448, #965 ) ;
#2557 = CARTESIAN_POINT ( 'NONE',  ( -0.7714447569637192803, 59.98976797133968830, 15.80199909637871158 ) ) ;
#2558 = CARTESIAN_POINT ( 'NONE',  ( 29.26978360610994301, 1.946724249478370083, 5.847052263155248397 ) ) ;
#2559 = CARTESIAN_POINT ( 'NONE',  ( 0.9356050638123565300, 2.369556144142518139, 30.24919004421945701 ) ) ;
#2560 = AXIS2_PLACEMENT_3D ( 'NONE', #1513, #1770, #2420 ) ;
#2561 = CARTESIAN_POINT ( 'NONE',  ( -25.78603596723941394, 0.8491777827150399638, 11.77767457591424538 ) ) ;
#2562 = APPLICATION_PROTOCOL_DEFINITION ( 'draft international standard', 'automotive_design', 1998, #1552 ) ;
#2563 = DIRECTION ( 'NONE',  ( 0.9999999999900436309, 0.000000000000000000, 4.462356454338978825E-06 ) ) ;
#2564 = CARTESIAN_POINT ( 'NONE',  ( 28.45220640724534178, -1.380126630434309831, 3.579025502580770457 ) ) ;
#2565 = AXIS2_PLACEMENT_3D ( 'NONE', #2236, #1242, #2781 ) ;
#2566 = UNCERTAINTY_MEASURE_WITH_UNIT (LENGTH_MEASURE( 1.000000000000000082E-05 ), #1847, 'distance_accuracy_value', 'NONE');
#2567 = DIRECTION ( 'NONE',  ( 6.938893903915479074E-15, -1.000000000000000000, 0.000000000000000000 ) ) ;
#2568 = MANIFOLD_SOLID_BREP ( 'Бобышка-Вытянуть1', #250 ) ;
#2569 = CARTESIAN_POINT ( 'NONE',  ( -7.738150884229403559, -0.6120944261561654942, -21.01407984278329266 ) ) ;
#2570 = AXIS2_PLACEMENT_3D ( 'NONE', #1107, #1142, #3769 ) ;
#2571 = DIRECTION ( 'NONE',  ( 6.938893903915479074E-15, -1.000000000000000000, 0.000000000000000000 ) ) ;
#2572 = DIRECTION ( 'NONE',  ( -1.224646799147353207E-16, -8.497694209053172746E-31, 1.000000000000000000 ) ) ;
#2573 = AXIS2_PLACEMENT_3D ( 'NONE', #3540, #1759, #1519 ) ;
#2574 = ORIENTED_EDGE ( 'NONE', *, *, #2909, .F. ) ;
#2575 = CIRCLE ( 'NONE', #2193, 1.999999999978995247 ) ;
#2576 = EDGE_LOOP ( 'NONE', ( #877, #3879, #2325, #158 ) ) ;
#2577 = ADVANCED_FACE ( 'NONE', ( #2398 ), #2179, .T. ) ;
#2578 = ORIENTED_EDGE ( 'NONE', *, *, #2382, .F. ) ;
#2579 = CARTESIAN_POINT ( 'NONE',  ( 11.23257581071699818, -18.31562785033899132, -14.96762691599042405 ) ) ;
#2580 = ORIENTED_EDGE ( 'NONE', *, *, #498, .F. ) ;
#2581 = DIRECTION ( 'NONE',  ( 1.000000000000000000, 6.938893904095096391E-15, 0.000000000000000000 ) ) ;
#2582 = CARTESIAN_POINT ( 'NONE',  ( 24.94905056561864853, -0.3531920062799874804, 8.822681652473360003 ) ) ;
#2583 = EDGE_CURVE ( 'NONE', #1158, #899, #2635, .T. ) ;
#2584 = CARTESIAN_POINT ( 'NONE',  ( -7.519075628947338608, 1.687906894749805042, 28.59105073182990608 ) ) ;
#2585 = DIRECTION ( 'NONE',  ( -6.938893903915479074E-15, 1.000000000000000000, -0.000000000000000000 ) ) ;
#2586 = ORIENTED_EDGE ( 'NONE', *, *, #2531, .F. ) ;
#2587 = CARTESIAN_POINT ( 'NONE',  ( -16.49994422037514852, -5.000000000000219380, -12.50007471792790170 ) ) ;
#2588 = DIRECTION ( 'NONE',  ( 0.9999999999900437420, 0.000000000000000000, 4.462356454140726528E-06 ) ) ;
#2589 = DIRECTION ( 'NONE',  ( -6.938893903915479863E-15, 1.000000000000000000, -0.000000000000000000 ) ) ;
#2590 = CARTESIAN_POINT ( 'NONE',  ( -10.11127663305377133, -1.830133267155531232E-13, -17.97822679119099476 ) ) ;
#2591 = CARTESIAN_POINT ( 'NONE',  ( 16.49992190860267982, -4.999999999999997335, 17.50007253913520699 ) ) ;
#2592 = DIRECTION ( 'NONE',  ( -6.938893903915479074E-15, 1.000000000000000000, -0.000000000000000000 ) ) ;
#2593 = EDGE_LOOP ( 'NONE', ( #615, #3412, #2487, #1017, #1038 ) ) ;
#2594 = ORIENTED_EDGE ( 'NONE', *, *, #3363, .T. ) ;
#2595 = CARTESIAN_POINT ( 'NONE',  ( -16.11343065410446940, -16.95138871302907901, -11.24055407264531325 ) ) ;
#2596 = EDGE_LOOP ( 'NONE', ( #2274, #2194, #113, #1614 ) ) ;
#2597 = CARTESIAN_POINT ( 'NONE',  ( 16.49994868274141524, -4.999999999999997335, 11.50007253955546638 ) ) ;
#2598 = LINE ( 'NONE', #3825, #1153 ) ;
#2599 = CARTESIAN_POINT ( 'NONE',  ( 24.37958095745660003, -0.4542560720967366850, 9.271209669622262339 ) ) ;
#2600 = CARTESIAN_POINT ( 'NONE',  ( -7.203648262634749777, 0.02184930584056001684, 26.49282000685184713 ) ) ;
#2601 = FACE_OUTER_BOUND ( 'NONE', #3863, .T. ) ;
#2602 = EDGE_CURVE ( 'NONE', #3837, #1102, #90, .T. ) ;
#2603 =( NAMED_UNIT ( * ) PLANE_ANGLE_UNIT ( ) SI_UNIT ( $, .RADIAN. ) );
#2604 = CARTESIAN_POINT ( 'NONE',  ( -16.50002008043475499, -22.00000000000011369, 4.499925281862184434 ) ) ;
#2605 = CARTESIAN_POINT ( 'NONE',  ( -4.499944220494267455, -57.00000000000002842, -12.50002116965044863 ) ) ;
#2606 = CARTESIAN_POINT ( 'NONE',  ( -0.4977764470247946771, 60.98310387517891940, 13.08138778008559022 ) ) ;
#2607 = CARTESIAN_POINT ( 'NONE',  ( -7.458338629538228126, 0.2439899476186822846, -25.78659043662474915 ) ) ;
#2608 = CARTESIAN_POINT ( 'NONE',  ( -21.97133595089527702, 0.1705147954579687708, -14.98216700100814158 ) ) ;
#2609 = ADVANCED_FACE ( 'NONE', ( #2846 ), #1536, .F. ) ;
#2610 = CARTESIAN_POINT ( 'NONE',  ( 1.500000000013638202, 54.99999999999999289, 14.49999685643533276 ) ) ;
#2611 = CARTESIAN_POINT ( 'NONE',  ( -29.31832212048699304, 1.966250157485998296, -5.704717953748972725 ) ) ;
#2612 = ORIENTED_EDGE ( 'NONE', *, *, #1098, .T. ) ;
#2613 = ORIENTED_EDGE ( 'NONE', *, *, #3046, .T. ) ;
#2614 = CARTESIAN_POINT ( 'NONE',  ( 16.00786191082959320, -15.49540559396316652, -11.49992965629644104 ) ) ;
#2615 = AXIS2_PLACEMENT_3D ( 'NONE', #1938, #742, #721 ) ;
#2616 = B_SPLINE_CURVE_WITH_KNOTS ( 'NONE', 3,
 ( #1035, #2250, #3510, #3428, #3759, #1698, #3451, #2227, #1056, #3215, #755, #713, #1994, #1951, #2015, #2834, #1931, #1650, #2611, #1971, #1378, #1717, #452, #2849, #1676, #2875 ),
 .UNSPECIFIED., .F., .F.,
 ( 4, 2, 2, 2, 2, 2, 2, 2, 2, 2, 2, 2, 4 ),
 ( 3.469617425853819843E-18, 0.001352556207842004659, 0.002705112415684005848, 0.005410224831367996950, 0.006762781039209997923, 0.008115337247051998895, 0.01082044966273600084, 0.01352556207842000278, 0.01487811828626200636, 0.01623067449410400820, 0.01893578690978801535, 0.02028834311763001719, 0.02164089932547201903 ),
 .UNSPECIFIED. ) ;
#2617 = CARTESIAN_POINT ( 'NONE',  ( -20.25600768743932889, -4.872294918167633604, -11.17090556463169193 ) ) ;
#2618 = VECTOR ( 'NONE', #3530, 1000.000000000000114 ) ;
#2619 = CARTESIAN_POINT ( 'NONE',  ( -6.286590379941085160, 0.2244598099692272919, 27.15205163914081155 ) ) ;
#2620 = DIRECTION ( 'NONE',  ( 0.9999999999900438530, 6.938893903838143884E-15, 4.462356453793783527E-06 ) ) ;
#2621 = AXIS2_PLACEMENT_3D ( 'NONE', #208, #1169, #2386 ) ;
#2622 =( BOUNDED_SURFACE ( )  B_SPLINE_SURFACE ( 3, 2, ( 
 ( #893, #2395, #2999 ),
 ( #277, #1504, #3912 ),
 ( #2134, #570, #1820 ),
 ( #275, #858, #2075 ),
 ( #1795, #1178, #2723 ),
 ( #3278, #1835, #313 ),
 ( #2978, #3581, #2132 ),
 ( #1518, #1502, #930 ),
 ( #3331, #1210, #3014 ),
 ( #2411, #3910, #3598 ),
 ( #251, #1478, #874 ),
 ( #554, #2092, #2707 ),
 ( #1775, #1232, #234 ),
 ( #2110, #3030, #611 ),
 ( #3895, #1196, #891 ),
 ( #595, #2449, #3638 ),
 ( #297, #2426, #2148 ),
 ( #536, #1457, #2669 ),
 ( #3852, #413, #3405 ),
 ( #3426, #3734, #2207 ),
 ( #1011, #1905, #3084 ),
 ( #686, #647, #2544 ),
 ( #626, #1872, #710 ),
 ( #992, #3346, #1586 ),
 ( #2225, #3386, #1929 ),
 ( #1033, #367, #3127 ),
 ( #69, #1630, #2758 ),
 ( #2509, #3103, #1887 ),
 ( #1269, #2832, #107 ),
 ( #3698, #1852, #971 ),
 ( #1329, #3047, #2190 ),
 ( #334, #1553, #3675 ),
 ( #2773, #28, #1252 ),
 ( #388, #2483, #2465 ),
 ( #1610, #2166, #946 ),
 ( #2816, #3654, #91 ),
 ( #3364, #1312, #2528 ),
 ( #3068, #3714, #350 ),
 ( #1570, #2792, #49 ),
 ( #668, #1295, #191 ),
 ( #733, #1114, #1948 ),
 ( #3146, #2895, #1394 ),
 ( #2288, #2330, #2269 ),
 ( #753, #128, #430 ),
 ( #1353, #3229, #2608 ),
 ( #773, #3485, #154 ),
 ( #3815, #175, #3467 ),
 ( #3522, #1969, #3775 ),
 ( #1733, #3166, #2309 ),
 ( #1990, #449, #1715 ) ),
 .UNSPECIFIED., .F., .F., .F. ) 
 B_SPLINE_SURFACE_WITH_KNOTS ( ( 4, 2, 2, 2, 2, 2, 2, 2, 2, 2, 2, 2, 2, 2, 2, 2, 2, 2, 2, 2, 2, 2, 2, 2, 4 ),
 ( 3, 3 ),
 ( -5.312590645178971727E-18, 0.003108266912520739247, 0.004662400368781111255, 0.006216533825041483698, 0.009324800737562227715, 0.01087893419382260016, 0.01243306765008297260, 0.01554133456260371748, 0.01864960147512446237, 0.02020373493138483481, 0.02175786838764520725, 0.02486613530016595214, 0.02642026875642632458, 0.02797440221268669702, 0.03108266912520744191, 0.03263680258146781088, 0.03419093603772818679, 0.03574506949398856270, 0.03729920295024893168, 0.04040746986276967656, 0.04196160331903005247, 0.04351573677529042145, 0.04662400368781116633, 0.04817813714407154224, 0.04973227060033191121 ),
 ( 0.000000000000000000, 1.000000000000000000 ),
 .UNSPECIFIED. ) 
 GEOMETRIC_REPRESENTATION_ITEM ( )  RATIONAL_B_SPLINE_SURFACE ( (
 ( 1.000000000000000000, 0.7071067811865477948, 1.000000000000000000),
 ( 1.000000000000000000, 0.7226063600579191171, 1.000000000000000000),
 ( 1.000000000000000000, 0.7379795134882762841, 1.000000000000000000),
 ( 1.000000000000000000, 0.7605747735584539315, 1.000000000000000000),
 ( 1.000000000000000000, 0.7680303154800605103, 1.000000000000000000),
 ( 1.000000000000000000, 0.7827581948653974386, 1.000000000000000000),
 ( 1.000000000000000000, 0.7900019771924738921, 1.000000000000000000),
 ( 1.000000000000000000, 0.8109973657158386917, 1.000000000000000000),
 ( 1.000000000000000000, 0.8241633450306564690, 1.000000000000000000),
 ( 1.000000000000000000, 0.8426842669241934036, 1.000000000000000000),
 ( 1.000000000000000000, 0.8486663338432116621, 1.000000000000000000),
 ( 1.000000000000000000, 0.8600124329725014061, 1.000000000000000000),
 ( 1.000000000000000000, 0.8654036410564508452, 1.000000000000000000),
 ( 1.000000000000000000, 0.8807648481725419698, 1.000000000000000000),
 ( 1.000000000000000000, 0.8899298894536887827, 1.000000000000000000),
 ( 1.000000000000000000, 0.9061103335531636160, 1.000000000000000000),
 ( 1.000000000000000000, 0.9128918365443056127, 1.000000000000000000),
 ( 1.000000000000000000, 0.9211649473497289797, 1.000000000000000000),
 ( 1.000000000000000000, 0.9236058611784555561, 1.000000000000000000),
 ( 1.000000000000000000, 0.9278406596585854205, 1.000000000000000000),
 ( 1.000000000000000000, 0.9296418040510101566, 1.000000000000000000),
 ( 1.000000000000000000, 0.9339685612648026547, 1.000000000000000000),
 ( 1.000000000000000000, 0.9353980306648758125, 1.000000000000000000),
 ( 1.000000000000000000, 0.9354222984164687338, 1.000000000000000000),
 ( 1.000000000000000000, 0.9350744560218364754, 1.000000000000000000),
 ( 1.000000000000000000, 0.9336455254273396953, 1.000000000000000000),
 ( 1.000000000000000000, 0.9325582734867483570, 1.000000000000000000),
 ( 1.000000000000000000, 0.9282772928604777762, 1.000000000000000000),
 ( 1.000000000000000000, 0.9240625687203765093, 1.000000000000000000),
 ( 1.000000000000000000, 0.9157174624289131648, 1.000000000000000000),
 ( 1.000000000000000000, 0.9125837864569077418, 1.000000000000000000),
 ( 1.000000000000000000, 0.9057495190577939947, 1.000000000000000000),
 ( 1.000000000000000000, 0.9020381717413010758, 1.000000000000000000),
 ( 1.000000000000000000, 0.8940308622285455531, 1.000000000000000000),
 ( 1.000000000000000000, 0.8897348637889562761, 1.000000000000000000),
 ( 1.000000000000000000, 0.8805442305633401912, 1.000000000000000000),
 ( 1.000000000000000000, 0.8756260315220086854, 1.000000000000000000),
 ( 1.000000000000000000, 0.8601090046809771739, 1.000000000000000000),
 ( 1.000000000000000000, 0.8488194797297713423, 1.000000000000000000),
 ( 1.000000000000000000, 0.8304411894392146332, 1.000000000000000000),
 ( 1.000000000000000000, 0.8240731036520286823, 1.000000000000000000),
 ( 1.000000000000000000, 0.8108328850238911700, 1.000000000000000000),
 ( 1.000000000000000000, 0.8039338347637337012, 1.000000000000000000),
 ( 1.000000000000000000, 0.7829175728387383071, 1.000000000000000000),
 ( 1.000000000000000000, 0.7683551942581082761, 1.000000000000000000),
 ( 1.000000000000000000, 0.7457968475642616779, 1.000000000000000000),
 ( 1.000000000000000000, 0.7381585565909714042, 1.000000000000000000),
 ( 1.000000000000000000, 0.7226737260773199445, 1.000000000000000000),
 ( 1.000000000000000000, 0.7148434205354540216, 1.000000000000000000),
 ( 1.000000000000000000, 0.7071067811865475727, 1.000000000000000000) ) ) 
 REPRESENTATION_ITEM ( '' )  SURFACE ( )  );
#2623 = VERTEX_POINT ( 'NONE', #3102 ) ;
#2624 = DIRECTION ( 'NONE',  ( 1.000000000000000000, 0.000000000000000000, 0.000000000000000000 ) ) ;
#2625 = CARTESIAN_POINT ( 'NONE',  ( -31.99999999999459632, 61.99999999992606092, 0.000000000000000000 ) ) ;
#2626 = AXIS2_PLACEMENT_3D ( 'NONE', #3591, #3634, #926 ) ;
#2627 = EDGE_CURVE ( 'NONE', #808, #1158, #3000, .T. ) ;
#2628 = DIRECTION ( 'NONE',  ( 0.000000000000000000, 0.000000000000000000, 1.000000000000000000 ) ) ;
#2629 = CARTESIAN_POINT ( 'NONE',  ( 2.146108408707951387, -0.7792060060973109437, -23.84875104663232648 ) ) ;
#2630 = DIRECTION ( 'NONE',  ( 4.462356454316048796E-06, 3.096381799795152205E-20, -0.9999999999900436309 ) ) ;
#2631 = DIRECTION ( 'NONE',  ( 6.938893903915479074E-15, -1.000000000000000000, 0.000000000000000000 ) ) ;
#2632 = CARTESIAN_POINT ( 'NONE',  ( -8.547013163750607490, 1.509541066297951151, 28.08871074029497450 ) ) ;
#2633 = CARTESIAN_POINT ( 'NONE',  ( -5.454471249084954287, -4.581851393204282807, -22.63705890495306861 ) ) ;
#2634 = EDGE_CURVE ( 'NONE', #2230, #1379, #14, .T. ) ;
#2635 = CIRCLE ( 'NONE', #77, 24.99999999999416644 ) ;
#2636 = ORIENTED_EDGE ( 'NONE', *, *, #139, .T. ) ;
#2637 = CIRCLE ( 'NONE', #3565, 11.50000000000000355 ) ;
#2638 = ORIENTED_EDGE ( 'NONE', *, *, #1440, .T. ) ;
#2639 = CARTESIAN_POINT ( 'NONE',  ( 12.07733864556972136, -16.91349445751473723, -11.24245025826094668 ) ) ;
#2640 = AXIS2_PLACEMENT_3D ( 'NONE', #1151, #2631, #1772 ) ;
#2641 = CARTESIAN_POINT ( 'NONE',  ( -17.49992637088253389, -5.000000000000233591, -16.50007918004151719 ) ) ;
#2642 = CARTESIAN_POINT ( 'NONE',  ( -13.43612808712295248, 0.4887442797352082313, 24.08349267129637639 ) ) ;
#2643 = CARTESIAN_POINT ( 'NONE',  ( 17.49999999988763122, -21.99999999999987566, 7.700214825490103721E-05 ) ) ;
#2644 = ORIENTED_EDGE ( 'NONE', *, *, #2784, .T. ) ;
#2645 = DIRECTION ( 'NONE',  ( -0.9999999999900436309, 0.000000000000000000, -4.462356453843343425E-06 ) ) ;
#2646 = CARTESIAN_POINT ( 'NONE',  ( 22.94262935725972952, -4.249598808742126366, 10.13691037227926905 ) ) ;
#2647 = CARTESIAN_POINT ( 'NONE',  ( -0.2046468526151024592, 61.01174345853193159, 13.01061233567154574 ) ) ;
#2648 = CARTESIAN_POINT ( 'NONE',  ( 4.027746651106564713, -4.463631968466235556, -23.27471971070680468 ) ) ;
#2649 = CARTESIAN_POINT ( 'NONE',  ( 1.363807070747745774E-11, 54.99999999999997868, 14.49999685643533276 ) ) ;
#2650 = CARTESIAN_POINT ( 'NONE',  ( 16.50002008044478430, -21.99999999999988276, -4.499927460041560856 ) ) ;
#2651 = LINE ( 'NONE', #872, #260 ) ;
#2652 = CARTESIAN_POINT ( 'NONE',  ( -1.044004104052046911, -4.323426016519268167, -23.95543340125465548 ) ) ;
#2653 = DIRECTION ( 'NONE',  ( -6.938893903915479863E-15, 1.000000000000000000, -0.000000000000000000 ) ) ;
#2654 = ORIENTED_EDGE ( 'NONE', *, *, #3792, .T. ) ;
#2655 = EDGE_CURVE ( 'NONE', #1538, #1359, #13, .T. ) ;
#2656 = ORIENTED_EDGE ( 'NONE', *, *, #961, .F. ) ;
#2657 = CARTESIAN_POINT ( 'NONE',  ( 18.82864379478064976, 1.962765918408384068E-14, -16.44634223312212029 ) ) ;
#2658 = EDGE_CURVE ( 'NONE', #1999, #917, #1184, .T. ) ;
#2659 = CARTESIAN_POINT ( 'NONE',  ( -17.49999999976402520, -5.000000000000233591, -7.918032764175908511E-05 ) ) ;
#2660 = CARTESIAN_POINT ( 'NONE',  ( -16.49995909489655688, -20.21749194739370026, -9.166741384543167115 ) ) ;
#2661 = DIRECTION ( 'NONE',  ( -6.938893903915479074E-15, 1.000000000000000000, -0.000000000000000000 ) ) ;
#2662 = CARTESIAN_POINT ( 'NONE',  ( -2.664968939972498079E-13, 37.99999999999990052, 0.000000000000000000 ) ) ;
#2663 = CARTESIAN_POINT ( 'NONE',  ( 20.25916671439438232, -4.871864466781897107, 11.17014361393340671 ) ) ;
#2664 = CARTESIAN_POINT ( 'NONE',  ( 0.000000000000000000, 0.000000000000000000, 0.000000000000000000 ) ) ;
#2665 = CARTESIAN_POINT ( 'NONE',  ( 1.076296712741263706, -0.7781749765242119699, -24.00072216590544727 ) ) ;
#2666 = DIRECTION ( 'NONE',  ( -1.000000000000000000, -6.938893903908690137E-15, 0.000000000000000000 ) ) ;
#2667 = CYLINDRICAL_SURFACE ( 'NONE', #198, 7.000000000000000888 ) ;
#2668 = DIRECTION ( 'NONE',  ( -1.000000000000000000, -9.251858538542970644E-15, 0.000000000000000000 ) ) ;
#2669 = CARTESIAN_POINT ( 'NONE',  ( -29.54054494080057935, 2.057188549734151106, 4.999596893577418655 ) ) ;
#2670 = CYLINDRICAL_SURFACE ( 'NONE', #1871, 2.999999999999999556 ) ;
#2671 = ORIENTED_EDGE ( 'NONE', *, *, #1875, .F. ) ;
#2672 = EDGE_CURVE ( 'NONE', #2302, #2746, #271, .T. ) ;
#2673 = ORIENTED_EDGE ( 'NONE', *, *, #3414, .T. ) ;
#2674 = CARTESIAN_POINT ( 'NONE',  ( 29.98193664740914599, 2.247736820344986786, -3.113247002847737033 ) ) ;
#2675 = ORIENTED_EDGE ( 'NONE', *, *, #1651, .F. ) ;
#2676 = TOROIDAL_SURFACE ( 'NONE', #254, 4.499999999878166790, 7.000000000000000000 ) ;
#2677 = ADVANCED_FACE ( 'NONE', ( #3757 ), #816, .F. ) ;
#2678 = CARTESIAN_POINT ( 'NONE',  ( -16.46391815162407468, -19.52259706226540459, -9.865098461545040109 ) ) ;
#2679 = CARTESIAN_POINT ( 'NONE',  ( 29.31832194957078741, 1.966249802431107918, 5.704716904695827040 ) ) ;
#2680 = ORIENTED_EDGE ( 'NONE', *, *, #2460, .F. ) ;
#2681 = AXIS2_PLACEMENT_3D ( 'NONE', #649, #2168, #316 ) ;
#2682 = CARTESIAN_POINT ( 'NONE',  ( -2.121320343559522037, 40.99999999999989342, 28.92230972795304211 ) ) ;
#2683 = DIRECTION ( 'NONE',  ( 4.462356453793778445E-06, 0.000000000000000000, -0.9999999999900437420 ) ) ;
#2684 = CARTESIAN_POINT ( 'NONE',  ( 4.249999999999565681, 70.00000000000000000, 6.314655826801409142E-16 ) ) ;
#2685 = VECTOR ( 'NONE', #1469, 1000.000000000000227 ) ;
#2686 = CARTESIAN_POINT ( 'NONE',  ( 3.290580529698674983, -4.414443022344971546, -23.52221719028730362 ) ) ;
#2687 = FACE_OUTER_BOUND ( 'NONE', #2593, .T. ) ;
#2688 = CARTESIAN_POINT ( 'NONE',  ( 6.095282752062208154, -4.644576932831202321, -22.25520114278105055 ) ) ;
#2689 = CIRCLE ( 'NONE', #842, 11.49999999987816679 ) ;
#2690 = CARTESIAN_POINT ( 'NONE',  ( -2.121320343559647270, 49.00000000001398348, 28.92230972795306343 ) ) ;
#2691 = ORIENTED_EDGE ( 'NONE', *, *, #307, .T. ) ;
#2692 = VECTOR ( 'NONE', #985, 1000.000000000000227 ) ;
#2693 = ORIENTED_EDGE ( 'NONE', *, *, #1119, .T. ) ;
#2694 = DIRECTION ( 'NONE',  ( 6.938893903915479074E-15, -1.000000000000000000, -6.018531076150186651E-36 ) ) ;
#2695 = ORIENTED_EDGE ( 'NONE', *, *, #65, .T. ) ;
#2696 = EDGE_CURVE ( 'NONE', #542, #3740, #1294, .T. ) ;
#2697 = CARTESIAN_POINT ( 'NONE',  ( 17.49999999988751043, -4.999999999999990230, 7.700214825490103721E-05 ) ) ;
#2698 = VERTEX_POINT ( 'NONE', #2127 ) ;
#2699 = CIRCLE ( 'NONE', #2384, 11.49999999987816679 ) ;
#2700 = CARTESIAN_POINT ( 'NONE',  ( 5.577946057109156889E-05, -5.000000000000108358, -12.50000108904640506 ) ) ;
#2701 = ADVANCED_FACE ( 'NONE', ( #885 ), #640, .F. ) ;
#2702 = DIRECTION ( 'NONE',  ( 0.08052386635775538037, 0.000000000000000000, -0.9967526809328373094 ) ) ;
#2703 = CARTESIAN_POINT ( 'NONE',  ( 11.34726340596392369, -0.3737852321959327928, 19.49826059420703217 ) ) ;
#2704 = CARTESIAN_POINT ( 'NONE',  ( 7.932678858946862199, -4.838603894235749436, -20.84180715334161249 ) ) ;
#2705 = DIRECTION ( 'NONE',  ( 0.000000000000000000, 0.7453559924814994186, 0.6666666666872724800 ) ) ;
#2706 = CARTESIAN_POINT ( 'NONE',  ( -14.92502964088476958, 0.1808465673585310796, 22.06682316436289071 ) ) ;
#2707 = CARTESIAN_POINT ( 'NONE',  ( -26.51311222393270839, 1.035225360363298153, 10.90833995874693585 ) ) ;
#2708 = CARTESIAN_POINT ( 'NONE',  ( -4.191525598833909392E-13, 59.99999999999997158, 0.000000000000000000 ) ) ;
#2709 = ORIENTED_EDGE ( 'NONE', *, *, #2903, .T. ) ;
#2710 = ORIENTED_EDGE ( 'NONE', *, *, #1233, .T. ) ;
#2711 = ORIENTED_EDGE ( 'NONE', *, *, #2259, .F. ) ;
#2712 = CARTESIAN_POINT ( 'NONE',  ( 16.50002008044474522, -14.99999999999988454, -4.499927460041560856 ) ) ;
#2713 = PRODUCT_RELATED_PRODUCT_CATEGORY ( 'part', '', ( #2155 ) ) ;
#2714 = ORIENTED_EDGE ( 'NONE', *, *, #3052, .F. ) ;
#2715 = CARTESIAN_POINT ( 'NONE',  ( -16.00773696458672291, -57.00000000000011369, -16.50007252136049019 ) ) ;
#2716 = CARTESIAN_POINT ( 'NONE',  ( 29.96236238464488721, 2.239004862357676373, -3.223779915417155362 ) ) ;
#2717 = DIRECTION ( 'NONE',  ( 0.9999999999900437420, 6.938893903838143095E-15, 4.462356453793781833E-06 ) ) ;
#2718 = EDGE_CURVE ( 'NONE', #370, #436, #461, .T. ) ;
#2719 = CARTESIAN_POINT ( 'NONE',  ( -19.89035682021026474, -4.931680050474563259, 11.27208540020846250 ) ) ;
#2720 = SURFACE_SIDE_STYLE ('',( #1832 ) ) ;
#2721 = DIRECTION ( 'NONE',  ( 1.000000000000000000, 7.240584943207539705E-15, 0.000000000000000000 ) ) ;
#2722 = FILL_AREA_STYLE_COLOUR ( '', #1859 ) ;
#2723 = CARTESIAN_POINT ( 'NONE',  ( -21.95253209984544185, 0.1759247815908960011, 14.97388543366583136 ) ) ;
#2724 = DIRECTION ( 'NONE',  ( -0.000000000000000000, -1.000000000000000000, -0.000000000000000000 ) ) ;
#2725 = CARTESIAN_POINT ( 'NONE',  ( -21.97732855879862512, -4.538213140138599222, -10.61667734045041023 ) ) ;
#2726 = ORIENTED_EDGE ( 'NONE', *, *, #285, .F. ) ;
#2727 = LINE ( 'NONE', #3602, #3559 ) ;
#2728 = ORIENTED_EDGE ( 'NONE', *, *, #3792, .F. ) ;
#2729 = ORIENTED_EDGE ( 'NONE', *, *, #2979, .F. ) ;
#2730 = CARTESIAN_POINT ( 'NONE',  ( -9.041592679142803846, 62.45679950559247828, 2.392203816513758408E-15 ) ) ;
#2731 = FACE_OUTER_BOUND ( 'NONE', #3891, .T. ) ;
#2732 = CARTESIAN_POINT ( 'NONE',  ( 27.74173282786819783, 0.4277145151254942435, -5.306715106153932382 ) ) ;
#2733 = CARTESIAN_POINT ( 'NONE',  ( 0.000000000000000000, 200.0000000000000000, 0.000000000000000000 ) ) ;
#2734 = CARTESIAN_POINT ( 'NONE',  ( 8.673892771212656783, 0.1945437728457830862, -25.19050054943112826 ) ) ;
#2735 = ORIENTED_EDGE ( 'NONE', *, *, #3410, .F. ) ;
#2736 = DIRECTION ( 'NONE',  ( 6.938893903915479074E-15, -1.000000000000000000, 0.000000000000000000 ) ) ;
#2737 = CARTESIAN_POINT ( 'NONE',  ( 30.02606042997089020, 54.81907786237189129, 0.000000000000000000 ) ) ;
#2738 = ADVANCED_FACE ( 'NONE', ( #1248 ), #1170, .F. ) ;
#2739 = AXIS2_PLACEMENT_3D ( 'NONE', #2495, #3687, #376 ) ;
#2740 = CYLINDRICAL_SURFACE ( 'NONE', #974, 7.000000000000000888 ) ;
#2741 = AXIS2_PLACEMENT_3D ( 'NONE', #446, #2813, #2588 ) ;
#2742 = CARTESIAN_POINT ( 'NONE',  ( -11.15689067851197080, -15.00000000000008171, -15.28792966308349399 ) ) ;
#2743 = EDGE_CURVE ( 'NONE', #3174, #579, #31, .T. ) ;
#2744 = CIRCLE ( 'NONE', #3434, 7.000000000000000888 ) ;
#2745 = DIRECTION ( 'NONE',  ( -0.08051509468632933597, 0.000000000000000000, -0.9967533895240343611 ) ) ;
#2746 = VERTEX_POINT ( 'NONE', #120 ) ;
#2747 = ORIENTED_EDGE ( 'NONE', *, *, #3546, .T. ) ;
#2748 = AXIS2_PLACEMENT_3D ( 'NONE', #97, #2471, #1594 ) ;
#2749 = CARTESIAN_POINT ( 'NONE',  ( -3.642919299551294898E-13, 52.00000000001397638, 0.000000000000000000 ) ) ;
#2750 = AXIS2_PLACEMENT_3D ( 'NONE', #88, #1293, #3674 ) ;
#2751 = CARTESIAN_POINT ( 'NONE',  ( 6.776030830946329964, 0.2699171894351707346, -26.06919812503749867 ) ) ;
#2752 = CARTESIAN_POINT ( 'NONE',  ( 24.67007107594106330, -3.596939551427428494, -8.998020527718962214 ) ) ;
#2753 = CIRCLE ( 'NONE', #1684, 5.000000000000001776 ) ;
#2754 = CARTESIAN_POINT ( 'NONE',  ( 11.27645504581188085, -4.933994243261477841, 19.86771813162586042 ) ) ;
#2755 = DIRECTION ( 'NONE',  ( 1.000000000000000000, 6.938893903907226800E-15, 5.289060855950821281E-10 ) ) ;
#2756 = DIRECTION ( 'NONE',  ( 4.462356453595526148E-06, 0.000000000000000000, -0.9999999999900436309 ) ) ;
#2757 = CARTESIAN_POINT ( 'NONE',  ( 10.75582242004052524, 1.067334982394449572, 26.63114254884855470 ) ) ;
#2758 = CARTESIAN_POINT ( 'NONE',  ( -30.10762110328620267, 2.304294567922097414, -2.296195846487829595 ) ) ;
#2759 = CARTESIAN_POINT ( 'NONE',  ( 11.26178939898005638, -18.93532304442543079, -14.83038933635414303 ) ) ;
#2760 = LINE ( 'NONE', #2135, #1980 ) ;
#2761 = ORIENTED_EDGE ( 'NONE', *, *, #1279, .T. ) ;
#2762 = EDGE_CURVE ( 'NONE', #2623, #3293, #3811, .T. ) ;
#2763 = VERTEX_POINT ( 'NONE', #3159 ) ;
#2764 = CARTESIAN_POINT ( 'NONE',  ( -7.809123308452101217E-05, -1.110223024625156540E-13, 17.49999891025371568 ) ) ;
#2765 = EDGE_CURVE ( 'NONE', #2397, #1857, #608, .T. ) ;
#2766 = CARTESIAN_POINT ( 'NONE',  ( 5.795064153255122363, 0.3029050043355028810, -26.41114969133873913 ) ) ;
#2767 = CARTESIAN_POINT ( 'NONE',  ( 29.12942078120415346, 1.889484947556270278, -6.284340875579932373 ) ) ;
#2768 = CARTESIAN_POINT ( 'NONE',  ( 4.884086267378569879, -1.760883862965605173, 27.93531493281743749 ) ) ;
#2769 = FACE_OUTER_BOUND ( 'NONE', #256, .T. ) ;
#2770 = LINE ( 'NONE', #1549, #2242 ) ;
#2771 = CARTESIAN_POINT ( 'NONE',  ( 10.40226101507872158, 1.141138158954350335, 26.89441056196601565 ) ) ;
#2772 = CARTESIAN_POINT ( 'NONE',  ( -3.832026908459411444E-13, 54.81907786237168523, 0.000000000000000000 ) ) ;
#2773 = CARTESIAN_POINT ( 'NONE',  ( -27.42570291178186892, -2.106444511224105032, -5.818543828581627331 ) ) ;
#2774 = DIRECTION ( 'NONE',  ( 0.9999999999900436309, 0.000000000000000000, 4.462356453843343425E-06 ) ) ;
#2775 = CARTESIAN_POINT ( 'NONE',  ( -3.000000000000488498, 69.99999999999995737, 0.000000000000000000 ) ) ;
#2776 = ORIENTED_EDGE ( 'NONE', *, *, #2602, .F. ) ;
#2777 = ORIENTED_EDGE ( 'NONE', *, *, #18, .F. ) ;
#2778 = VERTEX_POINT ( 'NONE', #2243 ) ;
#2779 = PRODUCT_DEFINITION_SHAPE ( 'NONE', 'NONE',  #3921 ) ;
#2780 = ADVANCED_FACE ( 'NONE', ( #101 ), #2843, .T. ) ;
#2781 = DIRECTION ( 'NONE',  ( -1.000000000000000000, 0.000000000000000000, 0.000000000000000000 ) ) ;
#2782 = DIRECTION ( 'NONE',  ( 0.9999999999900437420, 0.000000000000000000, 4.462356454487669529E-06 ) ) ;
#2783 = CARTESIAN_POINT ( 'NONE',  ( 26.49876772653397339, 0.01919048109127763357, -7.227558277278418153 ) ) ;
#2784 = EDGE_CURVE ( 'NONE', #2490, #692, #3629, .T. ) ;
#2785 = CARTESIAN_POINT ( 'NONE',  ( 3.883626418190586183, 0.6621411559223026044, 28.33666145729915442 ) ) ;
#2786 = DIRECTION ( 'NONE',  ( 0.9999999999900438530, 6.938893903838143095E-15, 4.462356453793780139E-06 ) ) ;
#2787 = CARTESIAN_POINT ( 'NONE',  ( 4.500055779460935490, -56.99999999999996447, -12.50000108904640506 ) ) ;
#2788 = LINE ( 'NONE', #2447, #2306 ) ;
#2789 = DIRECTION ( 'NONE',  ( 0.9396926207859095381, -0.3420201433256658818, 0.000000000000000000 ) ) ;
#2790 = CARTESIAN_POINT ( 'NONE',  ( 16.50005577929642442, -23.94427190981747700, -12.49992746016490841 ) ) ;
#2791 = CIRCLE ( 'NONE', #3605, 16.49999999987816324 ) ;
#2792 = CARTESIAN_POINT ( 'NONE',  ( -24.37957980342720887, -0.4542560721180932126, -9.271212704051425391 ) ) ;
#2793 = CARTESIAN_POINT ( 'NONE',  ( 11.22578481239954051, -18.15761998220938267, -14.99807258106506325 ) ) ;
#2794 = CARTESIAN_POINT ( 'NONE',  ( 1.380061757376495724, 49.05752599055421825, 29.66356831413618167 ) ) ;
#2795 = CIRCLE ( 'NONE', #1537, 3.000000000000002665 ) ;
#2796 = AXIS2_PLACEMENT_3D ( 'NONE', #2332, #233, #569 ) ;
#2797 = ORIENTED_EDGE ( 'NONE', *, *, #2342, .F. ) ;
#2798 = VERTEX_POINT ( 'NONE', #3139 ) ;
#2799 = ORIENTED_EDGE ( 'NONE', *, *, #2634, .F. ) ;
#2800 = AXIS2_PLACEMENT_3D ( 'NONE', #2664, #3165, #2628 ) ;
#2801 = CARTESIAN_POINT ( 'NONE',  ( 11.49992190865246044, -5.000000000000046185, 17.50005022735293991 ) ) ;
#2802 = AXIS2_PLACEMENT_3D ( 'NONE', #577, #2377, #3839 ) ;
#2803 = EDGE_CURVE ( 'NONE', #436, #2890, #970, .T. ) ;
#2804 = CARTESIAN_POINT ( 'NONE',  ( -18.82864584182249601, -2.416722783133212894E-13, 16.44633988955989068 ) ) ;
#2805 = CARTESIAN_POINT ( 'NONE',  ( 27.42570363609983275, -2.106444511139577980, 5.818540415000716948 ) ) ;
#2806 = CIRCLE ( 'NONE', #337, 6.999999999999999112 ) ;
#2807 = CARTESIAN_POINT ( 'NONE',  ( 14.24506639041536538, 0.3181679674429366278, 23.04991209846821576 ) ) ;
#2808 = CARTESIAN_POINT ( 'NONE',  ( -29.89776462771828847, 2.210297132644772233, 3.555156366485871189 ) ) ;
#2809 = CARTESIAN_POINT ( 'NONE',  ( -5.529372049478478601, -1.997077614482445806, 27.58966207500363055 ) ) ;
#2810 = ADVANCED_FACE ( 'NONE', ( #2769 ), #3751, .F. ) ;
#2811 = AXIS2_PLACEMENT_3D ( 'NONE', #1904, #1310, #1351 ) ;
#2812 = CARTESIAN_POINT ( 'NONE',  ( -4.499944220494310976, -50.00000000000002842, -12.50002116965045040 ) ) ;
#2813 = DIRECTION ( 'NONE',  ( -4.462356454140728222E-06, -3.096381799669816898E-20, 0.9999999999900437420 ) ) ;
#2814 = AXIS2_PLACEMENT_3D ( 'NONE', #3699, #1211, #3332 ) ;
#2815 = CARTESIAN_POINT ( 'NONE',  ( -5.453205578505961881, -4.581731518522539126, -22.63776006355787729 ) ) ;
#2816 = CARTESIAN_POINT ( 'NONE',  ( -26.42200330137888287, -2.720098321369857075, -7.264524740467324548 ) ) ;
#2817 = PLANE ( 'NONE',  #3814 ) ;
#2818 = CARTESIAN_POINT ( 'NONE',  ( -2.594452553608517715E-14, 49.80373586954477361, 31.04363007151264142 ) ) ;
#2819 = ORIENTED_EDGE ( 'NONE', *, *, #1685, .F. ) ;
#2820 = ORIENTED_EDGE ( 'NONE', *, *, #2655, .T. ) ;
#2821 = VERTEX_POINT ( 'NONE', #2262 ) ;
#2822 = DIRECTION ( 'NONE',  ( -6.938893903915479863E-15, 1.000000000000000000, -0.000000000000000000 ) ) ;
#2823 = CARTESIAN_POINT ( 'NONE',  ( 1.500000000013600232, 60.44193893134503526, 14.49999685643533098 ) ) ;
#2824 = CARTESIAN_POINT ( 'NONE',  ( 28.91747492093109173, 0.9135022133441023096, -1.591537189197922642 ) ) ;
#2825 = CARTESIAN_POINT ( 'NONE',  ( 7.277636199578091158, -2.721627782627038084, 26.43175327985305501 ) ) ;
#2826 = CARTESIAN_POINT ( 'NONE',  ( -28.99999999964221686, -0.9372539334886028639, -7.918032764435547826E-05 ) ) ;
#2827 = CARTESIAN_POINT ( 'NONE',  ( -12.10341522914196943, -15.00000000000008349, -11.50005509883541421 ) ) ;
#2828 = DIRECTION ( 'NONE',  ( -6.938893903915479074E-15, 1.000000000000000000, -0.000000000000000000 ) ) ;
#2829 = EDGE_CURVE ( 'NONE', #1538, #2253, #3875, .T. ) ;
#2830 = CYLINDRICAL_SURFACE ( 'NONE', #2059, 1.500000000000000000 ) ;
#2831 = CARTESIAN_POINT ( 'NONE',  ( 16.49992637095913395, -4.999999999999997335, 16.50007253950568398 ) ) ;
#2832 = CARTESIAN_POINT ( 'NONE',  ( -28.35948322092309226, 0.6686566398078135354, -3.876763827320262479 ) ) ;
#2833 = DIRECTION ( 'NONE',  ( -1.000000000000000000, -6.938893903915479074E-15, 0.000000000000000000 ) ) ;
#2834 = CARTESIAN_POINT ( 'NONE',  ( -28.66476123070550841, 1.714800538900572713, -7.358805368465554331 ) ) ;
#2835 = VERTEX_POINT ( 'NONE', #1961 ) ;
#2836 = ORIENTED_EDGE ( 'NONE', *, *, #1047, .F. ) ;
#2837 = ORIENTED_EDGE ( 'NONE', *, *, #1783, .T. ) ;
#2838 = ORIENTED_EDGE ( 'NONE', *, *, #800, .F. ) ;
#2839 = CARTESIAN_POINT ( 'NONE',  ( 16.17151706245302734, -17.40257120180761419, -11.07931621570952885 ) ) ;
#2840 = CARTESIAN_POINT ( 'NONE',  ( 1.008821993643345349, 60.05270564345018158, 15.61440113434961496 ) ) ;
#2841 = CARTESIAN_POINT ( 'NONE',  ( 22.26095205375316155, -0.6357508159866837039, 10.49765047651689187 ) ) ;
#2842 = CARTESIAN_POINT ( 'NONE',  ( 0.7329020022331685924, -0.9379037529352577396, 28.99922763094176048 ) ) ;
#2843 = CYLINDRICAL_SURFACE ( 'NONE', #3118, 11.50000000000000355 ) ;
#2844 = CARTESIAN_POINT ( 'NONE',  ( -17.50005131686312509, -22.00000000000012079, 11.49992081943603672 ) ) ;
#2845 = FACE_OUTER_BOUND ( 'NONE', #1239, .T. ) ;
#2846 = FACE_OUTER_BOUND ( 'NONE', #780, .T. ) ;
#2847 = CARTESIAN_POINT ( 'NONE',  ( 16.29531969908250488, -18.30170292491261463, -10.69157530046613935 ) ) ;
#2848 = EDGE_CURVE ( 'NONE', #881, #2229, #2500, .T. ) ;
#2849 = CARTESIAN_POINT ( 'NONE',  ( -30.23330935574199074, 2.362142807583779813, -0.8925654960733382381 ) ) ;
#2850 = AXIS2_PLACEMENT_3D ( 'NONE', #2715, #2101, #1492 ) ;
#2851 = EDGE_LOOP ( 'NONE', ( #3131, #417, #338, #2154 ) ) ;
#2852 = CONICAL_SURFACE ( 'NONE', #2739, 9.041592679142366862, 0.4363323129985772209 ) ;
#2853 = ORIENTED_EDGE ( 'NONE', *, *, #503, .T. ) ;
#2854 = EDGE_CURVE ( 'NONE', #356, #486, #2520, .T. ) ;
#2855 = AXIS2_PLACEMENT_3D ( 'NONE', #2403, #1712, #2683 ) ;
#2856 = ORIENTED_EDGE ( 'NONE', *, *, #1404, .F. ) ;
#2857 = CARTESIAN_POINT ( 'NONE',  ( 11.15702711845105455, -14.99999999999992539, -15.28783009042840391 ) ) ;
#2858 = ORIENTED_EDGE ( 'NONE', *, *, #1458, .F. ) ;
#2859 = AXIS2_PLACEMENT_3D ( 'NONE', #1493, #2363, #243 ) ;
#2860 = DIRECTION ( 'NONE',  ( -6.938893903915479863E-15, 1.000000000000000000, -0.000000000000000000 ) ) ;
#2861 = CARTESIAN_POINT ( 'NONE',  ( 27.35355431272619242, 0.2922281400324674983, 5.964074910372914928 ) ) ;
#2862 = CARTESIAN_POINT ( 'NONE',  ( -11.60440857324002373, 0.8870477120465003473, 25.96062007271256533 ) ) ;
#2863 = AXIS2_PLACEMENT_3D ( 'NONE', #1784, #3263, #3301 ) ;
#2864 = CARTESIAN_POINT ( 'NONE',  ( 4.499921908722516406, -56.99999999999997158, 17.50001899085776458 ) ) ;
#2865 = ORIENTED_EDGE ( 'NONE', *, *, #1136, .T. ) ;
#2866 = CARTESIAN_POINT ( 'NONE',  ( -11.15689067851197080, -15.00000000000007994, -15.28792966308349222 ) ) ;
#2867 = CARTESIAN_POINT ( 'NONE',  ( 28.65448297886472417, -1.219776022571160023, 2.891305900648680094 ) ) ;
#2868 = AXIS2_PLACEMENT_3D ( 'NONE', #937, #2535, #676 ) ;
#2869 = UNCERTAINTY_MEASURE_WITH_UNIT (LENGTH_MEASURE( 1.000000000000000082E-05 ), #641, 'distance_accuracy_value', 'NONE');
#2870 = CARTESIAN_POINT ( 'NONE',  ( 0.000000000000000000, 200.0000000000000000, 0.000000000000000000 ) ) ;
#2871 = CARTESIAN_POINT ( 'NONE',  ( -7.361694826193525110, -4.777088128343176976, -21.33863308322295183 ) ) ;
#2872 = AXIS2_PLACEMENT_3D ( 'NONE', #2414, #3317, #1822 ) ;
#2873 = DIRECTION ( 'NONE',  ( -4.462356454091162395E-06, 2.477866756047944977E-16, 0.9999999999900437420 ) ) ;
#2874 = DIRECTION ( 'NONE',  ( 1.000000000000000000, 7.709882115452469489E-15, 0.000000000000000000 ) ) ;
#2875 = CARTESIAN_POINT ( 'NONE',  ( -30.24999999967805664, 2.369935205278167700, 1.869119155929159071E-13 ) ) ;
#2876 = CIRCLE ( 'NONE', #3506, 12.00000000000000000 ) ;
#2877 = ORIENTED_EDGE ( 'NONE', *, *, #1726, .T. ) ;
#2878 = AXIS2_PLACEMENT_3D ( 'NONE', #3167, #3776, #2833 ) ;
#2879 = ORIENTED_EDGE ( 'NONE', *, *, #3393, .T. ) ;
#2880 = CARTESIAN_POINT ( 'NONE',  ( -12.06957679903237590, -17.19710920393676901, -11.17367767845295035 ) ) ;
#2881 = EDGE_CURVE ( 'NONE', #2490, #1150, #397, .T. ) ;
#2882 = VERTEX_POINT ( 'NONE', #3185 ) ;
#2883 = CARTESIAN_POINT ( 'NONE',  ( 16.45999796369001444, -19.51256549693236764, -9.856936652091652817 ) ) ;
#2884 = ORIENTED_EDGE ( 'NONE', *, *, #873, .F. ) ;
#2885 = DIRECTION ( 'NONE',  ( -1.000000000000000000, -6.938893903980740748E-15, 0.000000000000000000 ) ) ;
#2886 = CARTESIAN_POINT ( 'NONE',  ( 25.75203914541925698, -0.1732423589674645659, 8.046192041178439780 ) ) ;
#2887 = CARTESIAN_POINT ( 'NONE',  ( -14.98216542857983491, 0.1705147484961733184, 21.97133676201703523 ) ) ;
#2888 = CARTESIAN_POINT ( 'NONE',  ( 22.06568786641874524, 0.1807226404299065725, 14.92571141283001523 ) ) ;
#2889 =( BOUNDED_SURFACE ( )  B_SPLINE_SURFACE ( 3, 2, ( 
 ( #2857, #1400, #741 ),
 ( #3763, #783, #2614 ),
 ( #1957, #2000, #2035 ),
 ( #3154, #2639, #162 ),
 ( #2579, #3201, #1081 ),
 ( #1683, #1976, #2839 ),
 ( #3179, #3802, #1720 ),
 ( #2257, #3456, #2275 ),
 ( #760, #1103, #460 ),
 ( #2919, #200, #3781 ),
 ( #480, #1638, #2883 ),
 ( #2320, #3219, #3513 ),
 ( #803, #496, #438 ),
 ( #1121, #3824, #2338 ) ),
 .UNSPECIFIED., .F., .F., .F. ) 
 B_SPLINE_SURFACE_WITH_KNOTS ( ( 4, 2, 2, 2, 2, 2, 4 ),
 ( 3, 3 ),
 ( 1.734723475976807094E-18, 0.002510670963932862786, 0.003766006445899293311, 0.005021341927865723836, 0.007532012891798584887, 0.008787348373765015846, 0.01004268385573144594 ),
 ( 0.000000000000000000, 1.000000000000000000 ),
 .UNSPECIFIED. ) 
 GEOMETRIC_REPRESENTATION_ITEM ( )  RATIONAL_B_SPLINE_SURFACE ( (
 ( 1.000000000000000000, 0.7881701093076092235, 1.000000000000000000),
 ( 1.000000000000000000, 0.7881707143850119612, 1.000000000000000000),
 ( 1.000000000000000000, 0.7858579394413270913, 1.000000000000000000),
 ( 1.000000000000000000, 0.7793185531765641771, 1.000000000000000000),
 ( 1.000000000000000000, 0.7766269631537560114, 1.000000000000000000),
 ( 1.000000000000000000, 0.7702976621669211932, 1.000000000000000000),
 ( 1.000000000000000000, 0.7666769470902077277, 1.000000000000000000),
 ( 1.000000000000000000, 0.7548697542435887087, 1.000000000000000000),
 ( 1.000000000000000000, 0.7456623592654835209, 1.000000000000000000),
 ( 1.000000000000000000, 0.7311065944929823202, 1.000000000000000000),
 ( 1.000000000000000000, 0.7261303891593263726, 1.000000000000000000),
 ( 1.000000000000000000, 0.7164025726274337869, 1.000000000000000000),
 ( 1.000000000000000000, 0.7116290234996489605, 1.000000000000000000),
 ( 1.000000000000000000, 0.7071067811865470176, 1.000000000000000000) ) ) 
 REPRESENTATION_ITEM ( '' )  SURFACE ( )  );
#2890 = VERTEX_POINT ( 'NONE', #3206 ) ;
#2891 = SHAPE_DEFINITION_REPRESENTATION ( #1079, #3276 ) ;
#2892 = DIRECTION ( 'NONE',  ( 0.9999999999900436309, 6.938893903846393002E-15, 4.462356453843343425E-06 ) ) ;
#2893 = CARTESIAN_POINT ( 'NONE',  ( 24.95079651054066616, -3.471402583276419485, -8.766723094193537236 ) ) ;
#2894 = CARTESIAN_POINT ( 'NONE',  ( 5.630204553963664260, -0.7415239582252093342, -22.54334052859090676 ) ) ;
#2895 = CARTESIAN_POINT ( 'NONE',  ( -22.57594533010092164, -0.6264739220348742865, -10.35055587313898506 ) ) ;
#2896 = CARTESIAN_POINT ( 'NONE',  ( 16.50004090477490237, -20.21749194739347999, -9.166594126780180929 ) ) ;
#2897 = CARTESIAN_POINT ( 'NONE',  ( -17.49992637088256942, -2.324524348765142192E-13, -16.50007918004151719 ) ) ;
#2898 = CARTESIAN_POINT ( 'NONE',  ( 6.736734276224281004, -4.710541071459731555, -21.82382787406833913 ) ) ;
#2899 = ORIENTED_EDGE ( 'NONE', *, *, #3294, .F. ) ;
#2900 = ORIENTED_EDGE ( 'NONE', *, *, #745, .F. ) ;
#2901 = FACE_OUTER_BOUND ( 'NONE', #835, .T. ) ;
#2902 = CARTESIAN_POINT ( 'NONE',  ( -21.30915841792315035, -4.698684125185939919, -10.87537568593748105 ) ) ;
#2903 = EDGE_CURVE ( 'NONE', #3886, #3454, #2057, .T. ) ;
#2904 = CARTESIAN_POINT ( 'NONE',  ( 21.97133781569779742, 0.1705147954629783469, 14.98216426631431730 ) ) ;
#2905 = CARTESIAN_POINT ( 'NONE',  ( -5.511018339806820876, -1.990264605761846717, 27.59979844577395269 ) ) ;
#2906 = DIRECTION ( 'NONE',  ( -0.9999999999900437420, 0.000000000000000000, -4.462356453793781833E-06 ) ) ;
#2907 = EDGE_LOOP ( 'NONE', ( #2819, #3431, #146, #2709 ) ) ;
#2908 = PLANE ( 'NONE',  #1407 ) ;
#2909 = EDGE_CURVE ( 'NONE', #3857, #3780, #143, .T. ) ;
#2910 = DIRECTION ( 'NONE',  ( -1.000000000000000000, -6.906973953740270756E-15, 0.000000000000000000 ) ) ;
#2911 = CARTESIAN_POINT ( 'NONE',  ( 1.145189594837010993, 60.80694673040056841, 13.52627738013695158 ) ) ;
#2912 = CARTESIAN_POINT ( 'NONE',  ( 7.430244036669646057, 0.2450916710303885915, -25.79894684510017910 ) ) ;
#2913 = FACE_OUTER_BOUND ( 'NONE', #2907, .T. ) ;
#2914 = FACE_BOUND ( 'NONE', #2196, .T. ) ;
#2915 = CARTESIAN_POINT ( 'NONE',  ( 4.249999999999565681, 68.00000000002101785, 5.204748896376300003E-16 ) ) ;
#2916 = CARTESIAN_POINT ( 'NONE',  ( -6.333193041343270657, -4.667949484735546939, -22.11258480217758304 ) ) ;
#2917 = ORIENTED_EDGE ( 'NONE', *, *, #2696, .T. ) ;
#2918 = ORIENTED_EDGE ( 'NONE', *, *, #3662, .T. ) ;
#2919 = CARTESIAN_POINT ( 'NONE',  ( 11.45678385992421333, -22.40561680814113288, -13.51173229050415436 ) ) ;
#2920 = VECTOR ( 'NONE', #1749, 1000.000000000000114 ) ;
#2921 = CARTESIAN_POINT ( 'NONE',  ( -28.99999999964222752, -0.9372511409496726564, -0.7371386330311399115 ) ) ;
#2922 = B_SPLINE_CURVE_WITH_KNOTS ( 'NONE', 3,
 ( #3851, #2333, #3195, #3539, #3232, #2050, #1774, #510, #2916, #2633, #3819, #2940, #1117, #2960, #217, #1441, #2977, #249, #2652, #3833, #1133, #2393, #2351, #1699, #3253, #534, #1476, #1757, #856, #2688, #3874, #2898, #177, #1397, #969, #3385, #3727, #3140, #1026, #1582 ),
 .UNSPECIFIED., .F., .F.,
 ( 4, 2, 2, 2, 2, 2, 2, 2, 2, 2, 2, 2, 2, 2, 2, 2, 2, 2, 2, 4 ),
 ( 0.000000000000000000, 0.003068585723661797996, 0.003835732154577246953, 0.004602878585492697211, 0.006137171447323587319, 0.007671464309154478294, 0.008438610740069924648, 0.009205757170985371871, 0.01074005003281626285, 0.01150719646373171007, 0.01227434289464715556, 0.01534292861830893924, 0.01611007504922438646, 0.01687722148013983195, 0.01841151434197071945, 0.01917866077288616841, 0.01994580720380161737, 0.02148010006563250834, 0.02301439292746339932, 0.02454868578929429029 ),
 .UNSPECIFIED. ) ;
#2923 = AXIS2_PLACEMENT_3D ( 'NONE', #2915, #2572, #2312 ) ;
#2924 = CARTESIAN_POINT ( 'NONE',  ( -11.07679679204599665, -0.5808594621962391846, 20.69979205800870403 ) ) ;
#2925 = ADVANCED_FACE ( 'NONE', ( #2601 ), #2314, .T. ) ;
#2926 = CARTESIAN_POINT ( 'NONE',  ( -3.832026908459411444E-13, 54.81907786237168523, 0.000000000000000000 ) ) ;
#2927 = AXIS2_PLACEMENT_3D ( 'NONE', #3226, #188, #504 ) ;
#2928 = ORIENTED_EDGE ( 'NONE', *, *, #2364, .T. ) ;
#2929 = B_SPLINE_CURVE_WITH_KNOTS ( 'NONE', 3,
 ( #1185, #3587, #617, #841, #321, #2081, #3005, #1825, #262, #2678, #286, #2660 ),
 .UNSPECIFIED., .F., .F.,
 ( 4, 2, 2, 2, 2, 4 ),
 ( 0.000000000000000000, 0.0007422530660057270442, 0.001484506132011448884, 0.002969012264022884325, 0.004453518396034319982, 0.005938024528045755639 ),
 .UNSPECIFIED. ) ;
#2930 = FACE_OUTER_BOUND ( 'NONE', #2282, .T. ) ;
#2931 = DIRECTION ( 'NONE',  ( 0.9967533887960312589, 0.000000000000000000, -0.08051510369879513740 ) ) ;
#2932 = AXIS2_PLACEMENT_3D ( 'NONE', #2697, #1141, #902 ) ;
#2933 = CARTESIAN_POINT ( 'NONE',  ( -1.213746774991470767, 60.77928708169801553, 13.59702649911944050 ) ) ;
#2934 = EDGE_CURVE ( 'NONE', #2798, #2763, #2184, .T. ) ;
#2935 = CARTESIAN_POINT ( 'NONE',  ( 4.467256760495017964, 0.3415749035921270549, -26.79246861688754322 ) ) ;
#2936 = CARTESIAN_POINT ( 'NONE',  ( -7.809123308452101217E-05, -1.110223024625156540E-13, 17.49999891025371568 ) ) ;
#2937 = CARTESIAN_POINT ( 'NONE',  ( 5.577946088334179457E-05, -50.00000000000000000, -12.50000108904640506 ) ) ;
#2938 = CIRCLE ( 'NONE', #1292, 7.000000000000000888 ) ;
#2939 = DIRECTION ( 'NONE',  ( -1.000000000000000000, -6.938893903907226800E-15, 0.000000000000000000 ) ) ;
#2940 = CARTESIAN_POINT ( 'NONE',  ( -4.285321371413842506, -4.482943913123378366, -23.17484263709458503 ) ) ;
#2941 = CIRCLE ( 'NONE', #3562, 4.499999999878164125 ) ;
#2942 = EDGE_CURVE ( 'NONE', #2470, #2455, #2806, .T. ) ;
#2943 = CARTESIAN_POINT ( 'NONE',  ( -7.809123273757631698E-05, -49.99999999999998579, 17.49999891025371568 ) ) ;
#2944 = CARTESIAN_POINT ( 'NONE',  ( -7.528569866876540395, -2.844270603105716333, 26.20019505180581731 ) ) ;
#2945 = VERTEX_POINT ( 'NONE', #1085 ) ;
#2946 = ORIENTED_EDGE ( 'NONE', *, *, #1706, .F. ) ;
#2947 = CARTESIAN_POINT ( 'NONE',  ( 28.86550235572272882, 1.786406720697276906, -6.943263902109047869 ) ) ;
#2948 = DIRECTION ( 'NONE',  ( -6.938893903915479074E-15, 1.000000000000000000, -0.000000000000000000 ) ) ;
#2949 = COLOUR_RGB ( '',0.7921568627450980005, 0.8196078431372548767, 0.9333333333333333481 ) ;
#2950 = CARTESIAN_POINT ( 'NONE',  ( -8.317127976730272820, -3.229693197439746921, 25.47355430620162764 ) ) ;
#2951 = CARTESIAN_POINT ( 'NONE',  ( -2.671474153004282925E-13, 37.99999999999990052, 0.000000000000000000 ) ) ;
#2952 = ORIENTED_EDGE ( 'NONE', *, *, #336, .F. ) ;
#2953 = DIRECTION ( 'NONE',  ( -1.000000000000000000, -6.938893903908492133E-15, 0.000000000000000000 ) ) ;
#2954 = CARTESIAN_POINT ( 'NONE',  ( 18.42592358877048753, -4.999999999999984901, 11.46274098155321042 ) ) ;
#2955 = CARTESIAN_POINT ( 'NONE',  ( -3.000000000000290434, 41.51471862576139671, 0.000000000000000000 ) ) ;
#2956 = CARTESIAN_POINT ( 'NONE',  ( -4.489476628811685188, 0.3409898264073076835, -26.78689482386208098 ) ) ;
#2957 = CARTESIAN_POINT ( 'NONE',  ( -16.49995909489655688, -20.21749194739370026, -9.166741384543167115 ) ) ;
#2958 = CARTESIAN_POINT ( 'NONE',  ( -1.779801894799141637, 2.331404729857772473, 30.16667814781153822 ) ) ;
#2959 = EDGE_CURVE ( 'NONE', #3821, #1150, #464, .T. ) ;
#2960 = CARTESIAN_POINT ( 'NONE',  ( -3.554642353821535039, -4.431070428824739338, -23.43987873921400222 ) ) ;
#2961 = CARTESIAN_POINT ( 'NONE',  ( -4.362000309958896686E-13, 62.45679950559254223, 0.000000000000000000 ) ) ;
#2962 = CARTESIAN_POINT ( 'NONE',  ( -9.392103390553623754, -3.816046558662347099, 24.14537266881950828 ) ) ;
#2963 = ORIENTED_EDGE ( 'NONE', *, *, #3834, .T. ) ;
#2964 = ADVANCED_FACE ( 'NONE', ( #1387 ), #1405, .F. ) ;
#2965 =( LENGTH_UNIT ( ) NAMED_UNIT ( * ) SI_UNIT ( .MILLI., .METRE. ) );
#2966 = EDGE_LOOP ( 'NONE', ( #1974, #756, #3284, #2586 ) ) ;
#2967 = CARTESIAN_POINT ( 'NONE',  ( -25.48225575678791088, -3.225107334709208740, -8.307794202113095494 ) ) ;
#2968 = DIRECTION ( 'NONE',  ( 0.000000000000000000, 0.000000000000000000, -1.000000000000000000 ) ) ;
#2969 = CARTESIAN_POINT ( 'NONE',  ( 28.84289502782331738, 1.781089319428021067, 6.953567915884251605 ) ) ;
#2970 = ORIENTED_EDGE ( 'NONE', *, *, #1949, .F. ) ;
#2971 = DIRECTION ( 'NONE',  ( -4.462356454084752897E-06, -3.096381799634658445E-20, 0.9999999999900436309 ) ) ;
#2972 = LINE ( 'NONE', #3810, #1417 ) ;
#2973 = DIRECTION ( 'NONE',  ( -0.9999999999900436309, 0.000000000000000000, -4.462356454091161548E-06 ) ) ;
#2974 = CARTESIAN_POINT ( 'NONE',  ( -0.5516027270570957874, -0.7781735211499906102, -23.98996621271214735 ) ) ;
#2975 = CARTESIAN_POINT ( 'NONE',  ( 11.46257761586170254, -5.000000000000032863, 18.42602490373785784 ) ) ;
#2976 = CARTESIAN_POINT ( 'NONE',  ( -6.948694716638790680, 1.781868319859895244, 28.84496783142972376 ) ) ;
#2977 = CARTESIAN_POINT ( 'NONE',  ( -2.064225744244523764, -4.351569656831467015, -23.82487967657171168 ) ) ;
#2978 = CARTESIAN_POINT ( 'NONE',  ( -22.25420925285362728, -4.454569061511169714, 10.47727166370580143 ) ) ;
#2979 = EDGE_CURVE ( 'NONE', #2470, #1059, #3503, .T. ) ;
#2980 = DIRECTION ( 'NONE',  ( -0.000000000000000000, -1.000000000000000000, -0.000000000000000000 ) ) ;
#2981 = CARTESIAN_POINT ( 'NONE',  ( -11.46274206238741655, -5.000000000000199840, 18.42592260278986060 ) ) ;
#2982 = VERTEX_POINT ( 'NONE', #807 ) ;
#2983 = ORIENTED_EDGE ( 'NONE', *, *, #139, .F. ) ;
#2984 = LINE ( 'NONE', #300, #1225 ) ;
#2985 = ORIENTED_EDGE ( 'NONE', *, *, #3626, .T. ) ;
#2986 = ADVANCED_FACE ( 'NONE', ( #3264 ), #1708, .F. ) ;
#2987 = AXIS2_PLACEMENT_3D ( 'NONE', #1862, #3632, #1511 ) ;
#2988 = CARTESIAN_POINT ( 'NONE',  ( 11.49992637100898385, -14.99999999999992006, 16.50005022772341690 ) ) ;
#2989 = EDGE_LOOP ( 'NONE', ( #1241, #1042, #3260, #2211 ) ) ;
#2990 = CIRCLE ( 'NONE', #2681, 31.99999999999417355 ) ;
#2991 = CARTESIAN_POINT ( 'NONE',  ( -11.50007809111819590, -57.00000000000008527, 17.49994759315449144 ) ) ;
#2992 = PLANE ( 'NONE',  #453 ) ;
#2993 = FACE_OUTER_BOUND ( 'NONE', #1398, .T. ) ;
#2994 = CIRCLE ( 'NONE', #3177, 4.999999999999999112 ) ;
#2995 = CARTESIAN_POINT ( 'NONE',  ( 13.60601087836996648, 0.007863529290691550003, -21.42612091208529534 ) ) ;
#2996 = CARTESIAN_POINT ( 'NONE',  ( -11.49994422042456854, -57.00000000000007816, -12.50005240614562929 ) ) ;
#2997 = CARTESIAN_POINT ( 'NONE',  ( -10.77562327327938974, 1.065375919306022601, 26.63745063428174120 ) ) ;
#2998 = DIRECTION ( 'NONE',  ( -6.938893903915479074E-15, 1.000000000000000000, -0.000000000000000000 ) ) ;
#2999 = CARTESIAN_POINT ( 'NONE',  ( -18.82864584182249601, -2.411265631607761861E-13, 16.44633988955989423 ) ) ;
#3000 = CIRCLE ( 'NONE', #3622, 5.000000000000001776 ) ;
#3001 = EDGE_LOOP ( 'NONE', ( #2729, #3569, #3152, #2337 ) ) ;
#3002 = VECTOR ( 'NONE', #3015, 1000.000000000000000 ) ;
#3003 = EDGE_CURVE ( 'NONE', #1431, #3780, #225, .T. ) ;
#3004 = MECHANICAL_DESIGN_GEOMETRIC_PRESENTATION_REPRESENTATION (  '', ( #19 ), #2001 ) ;
#3005 = CARTESIAN_POINT ( 'NONE',  ( -16.17174961428997193, -17.41697763966353563, -11.08762459237857101 ) ) ;
#3006 = ORIENTED_EDGE ( 'NONE', *, *, #1412, .T. ) ;
#3007 = CARTESIAN_POINT ( 'NONE',  ( 28.32542438906136439, -1.473391057586457054, -3.896768811554717882 ) ) ;
#3008 = EDGE_CURVE ( 'NONE', #3319, #881, #2941, .T. ) ;
#3009 = CARTESIAN_POINT ( 'NONE',  ( 10.87786328709029959, -4.698414735131042796, 21.24840278658612647 ) ) ;
#3010 = DIRECTION ( 'NONE',  ( -1.000000000000000000, -6.938893903915479074E-15, 0.000000000000000000 ) ) ;
#3011 = ORIENTED_EDGE ( 'NONE', *, *, #1685, .T. ) ;
#3012 = DIRECTION ( 'NONE',  ( 0.8792505481481096563, 0.000000000000000000, -0.4763596053206531344 ) ) ;
#3013 = CARTESIAN_POINT ( 'NONE',  ( -13.33168013149871811, 0.5112631597656748239, 24.20580045909217404 ) ) ;
#3014 = CARTESIAN_POINT ( 'NONE',  ( -24.74319272915154144, 0.6115572545833229956, 12.87028511402421493 ) ) ;
#3015 = DIRECTION ( 'NONE',  ( -0.000000000000000000, -1.000000000000000000, -0.000000000000000000 ) ) ;
#3016 = EDGE_LOOP ( 'NONE', ( #1077, #3411, #395, #560, #3739 ) ) ;
#3017 = CARTESIAN_POINT ( 'NONE',  ( 29.18953426555255248, 1.913303678040715328, -6.120360510939296006 ) ) ;
#3018 = EDGE_LOOP ( 'NONE', ( #1709, #567, #2054, #199 ) ) ;
#3019 = EDGE_LOOP ( 'NONE', ( #3738, #3316, #1120, #3452 ) ) ;
#3020 = CARTESIAN_POINT ( 'NONE',  ( 5.577946053639709937E-05, -1.110223024625156540E-13, -12.50000108904640506 ) ) ;
#3021 = EDGE_CURVE ( 'NONE', #197, #1523, #3827, .T. ) ;
#3022 = CARTESIAN_POINT ( 'NONE',  ( 10.45499325839845284, 0.1187323396036596840, -24.13129385976907315 ) ) ;
#3023 = CARTESIAN_POINT ( 'NONE',  ( 25.22628054266274944, -0.2911394477545009019, -8.554675467743976469 ) ) ;
#3024 = DIRECTION ( 'NONE',  ( -0.08051497063044640856, 0.000000000000000000, -0.9967533995449316953 ) ) ;
#3025 = CARTESIAN_POINT ( 'NONE',  ( 7.138310095474771799, -0.6658538265619373675, -21.52323316275867882 ) ) ;
#3026 = CARTESIAN_POINT ( 'NONE',  ( 8.766721252348714799, -3.471402985144674602, 24.95079630630111467 ) ) ;
#3027 = ADVANCED_FACE ( 'NONE', ( #466 ), #2039, .F. ) ;
#3028 = CARTESIAN_POINT ( 'NONE',  ( 2.999999999999511058, 70.00000000000000000, 3.673940397442059375E-16 ) ) ;
#3029 = CARTESIAN_POINT ( 'NONE',  ( 16.14867720197433343, -1.197975637960702056E-13, 19.68053503558818917 ) ) ;
#3030 = CARTESIAN_POINT ( 'NONE',  ( -26.01194543083720134, -0.1148982651708684716, 7.794252582088422976 ) ) ;
#3031 = CARTESIAN_POINT ( 'NONE',  ( -2.121320343559522037, 40.99999999999989342, 28.92230972795304211 ) ) ;
#3032 = CARTESIAN_POINT ( 'NONE',  ( -9.306889131160074768, 0.1678009515609701352, -24.85197000363456610 ) ) ;
#3033 = ORIENTED_EDGE ( 'NONE', *, *, #110, .T. ) ;
#3034 = ORIENTED_EDGE ( 'NONE', *, *, #11, .F. ) ;
#3035 = APPLICATION_CONTEXT ( 'automotive_design' ) ;
#3036 = CARTESIAN_POINT ( 'NONE',  ( -16.50002008043471946, -27.00000000000011369, 4.499925281862184434 ) ) ;
#3037 = CARTESIAN_POINT ( 'NONE',  ( 4.795326237198603181, 0.3328112590111445002, -26.70812846950718011 ) ) ;
#3038 = CARTESIAN_POINT ( 'NONE',  ( 23.18557445297636121, -0.5979420958053428548, -10.04996870535936182 ) ) ;
#3039 = CONICAL_SURFACE ( 'NONE', #2103, 30.02606042997127034, 1.221730476396026832 ) ;
#3040 = DIRECTION ( 'NONE',  ( -6.938893903915479074E-15, 1.000000000000000000, 0.000000000000000000 ) ) ;
#3041 = CARTESIAN_POINT ( 'NONE',  ( -25.47706062857491460, -3.221620668434155288, 8.290761779309313795 ) ) ;
#3042 = VECTOR ( 'NONE', #2860, 1000.000000000000000 ) ;
#3043 = DIRECTION ( 'NONE',  ( -0.9999999999900436309, -6.938893903846393791E-15, -4.462356453843343425E-06 ) ) ;
#3044 = CARTESIAN_POINT ( 'NONE',  ( 0.9002067557382330554, 2.369744560857705018, 30.24959501381127325 ) ) ;
#3045 = AXIS2_PLACEMENT_3D ( 'NONE', #415, #2350, #1132 ) ;
#3046 = EDGE_CURVE ( 'NONE', #1158, #978, #889, .T. ) ;
#3047 = CARTESIAN_POINT ( 'NONE',  ( -27.72664039995151342, 0.4243650995853340269, -5.293599101379379057 ) ) ;
#3048 = DIRECTION ( 'NONE',  ( -6.938893903915479074E-15, 1.000000000000000000, -0.000000000000000000 ) ) ;
#3049 = CARTESIAN_POINT ( 'NONE',  ( -11.38465997762479454, -4.982611377191469515, 19.16704810805768844 ) ) ;
#3050 = AXIS2_PLACEMENT_3D ( 'NONE', #3579, #3231, #533 ) ;
#3051 = CARTESIAN_POINT ( 'NONE',  ( 3.783963837164087011E-15, 170.0009999999999479, 31.04363007151267340 ) ) ;
#3052 = EDGE_CURVE ( 'NONE', #3391, #3799, #1609, .T. ) ;
#3053 = AXIS2_PLACEMENT_3D ( 'NONE', #3548, #2968, #922 ) ;
#3054 = ORIENTED_EDGE ( 'NONE', *, *, #2499, .T. ) ;
#3055 = ORIENTED_EDGE ( 'NONE', *, *, #498, .T. ) ;
#3056 = CIRCLE ( 'NONE', #2868, 2.999999999999981792 ) ;
#3057 = FACE_OUTER_BOUND ( 'NONE', #3243, .T. ) ;
#3058 = AXIS2_PLACEMENT_3D ( 'NONE', #667, #2223, #411 ) ;
#3059 = CARTESIAN_POINT ( 'NONE',  ( -2.777195979750773258, 0.3785400707681398913, -27.13794056408310595 ) ) ;
#3060 = CARTESIAN_POINT ( 'NONE',  ( 18.42602446299190078, -4.999999999999984901, -11.46257882845793219 ) ) ;
#3061 = CIRCLE ( 'NONE', #469, 2.999999999999999556 ) ;
#3062 = CARTESIAN_POINT ( 'NONE',  ( -0.4445414639482249686, 2.370118871959482121, 30.25039384365615547 ) ) ;
#3063 = DIRECTION ( 'NONE',  ( -6.938893903915479074E-15, 1.000000000000000000, -0.000000000000000000 ) ) ;
#3064 = AXIS2_PLACEMENT_3D ( 'NONE', #1991, #3193, #108 ) ;
#3065 = FILL_AREA_STYLE ('',( #1289 ) ) ;
#3066 = CARTESIAN_POINT ( 'NONE',  ( 5.577946093191405190E-05, -57.00000000000000000, -12.50000108904640506 ) ) ;
#3067 = CARTESIAN_POINT ( 'NONE',  ( 3.120027315336487916, 2.247197494130813489, 29.98072892364091757 ) ) ;
#3068 = CARTESIAN_POINT ( 'NONE',  ( -25.47355458577237641, -3.229692724837212037, -8.317129843261614752 ) ) ;
#3069 = CARTESIAN_POINT ( 'NONE',  ( -16.50007809106881496, -2.255145937428741163E-13, 17.49992528137222081 ) ) ;
#3070 = ADVANCED_FACE ( 'NONE', ( #1946 ), #1040, .F. ) ;
#3071 = CARTESIAN_POINT ( 'NONE',  ( -0.8443543797744073043, 49.24889196256720680, 30.19927569173826498 ) ) ;
#3072 = EDGE_LOOP ( 'NONE', ( #1078, #523, #3108, #3550 ) ) ;
#3073 = ORIENTED_EDGE ( 'NONE', *, *, #2803, .T. ) ;
#3074 = ORIENTED_EDGE ( 'NONE', *, *, #3662, .F. ) ;
#3075 = ADVANCED_FACE ( 'NONE', ( #3756 ), #731, .F. ) ;
#3076 = CYLINDRICAL_SURFACE ( 'NONE', #2311, 5.000000000000000888 ) ;
#3077 = CARTESIAN_POINT ( 'NONE',  ( -10.46179382790063883, 0.1184534292844356268, -24.11477061169527047 ) ) ;
#3078 = CARTESIAN_POINT ( 'NONE',  ( 24.74319112724176151, 0.6115572545981877717, -12.87028819377600364 ) ) ;
#3079 = CARTESIAN_POINT ( 'NONE',  ( -1.831571386740163954, 2.329168050167847337, 30.16181348571473109 ) ) ;
#3080 = DIRECTION ( 'NONE',  ( 4.462356453793778445E-06, 0.000000000000000000, -0.9999999999900437420 ) ) ;
#3081 = CARTESIAN_POINT ( 'NONE',  ( -4.805287176749506988E-13, 68.84523652349349732, 0.000000000000000000 ) ) ;
#3082 = CARTESIAN_POINT ( 'NONE',  ( -4.500078091232695421, -57.00000000000003553, 17.49999891025371568 ) ) ;
#3083 = CARTESIAN_POINT ( 'NONE',  ( 30.24999999975603160, 2.369935205367067255, 2.383622202704227131E-11 ) ) ;
#3084 = CARTESIAN_POINT ( 'NONE',  ( -29.96236278583502610, 2.239004862285782771, 3.223776186065560267 ) ) ;
#3085 = CARTESIAN_POINT ( 'NONE',  ( 11.49226636842442950, -23.30060359922255842, -12.97240108841508821 ) ) ;
#3086 = FACE_OUTER_BOUND ( 'NONE', #318, .T. ) ;
#3087 = ADVANCED_FACE ( 'NONE', ( #3404 ), #3423, .T. ) ;
#3088 = EDGE_LOOP ( 'NONE', ( #2836, #2232, #3470, #1491 ) ) ;
#3089 = ORIENTED_EDGE ( 'NONE', *, *, #2460, .T. ) ;
#3090 = ORIENTED_EDGE ( 'NONE', *, *, #2634, .T. ) ;
#3091 = ADVANCED_FACE ( 'NONE', ( #3125 ), #2830, .F. ) ;
#3092 = CARTESIAN_POINT ( 'NONE',  ( -16.49994422037499575, -27.00000000000011369, -12.50007471792790170 ) ) ;
#3093 = CARTESIAN_POINT ( 'NONE',  ( -1.205310632408476357, 60.12611101227519583, 15.39811868734673617 ) ) ;
#3094 = CARTESIAN_POINT ( 'NONE',  ( 29.00044820727957529, 0.9527771326581805367, 0.3816480727989486343 ) ) ;
#3095 = CARTESIAN_POINT ( 'NONE',  ( 3.223777916603876026, 2.239004194953166937, 29.96236197675467849 ) ) ;
#3096 = CARTESIAN_POINT ( 'NONE',  ( 3.266920515418990600E-14, 40.19626413046899671, 31.04363007151270182 ) ) ;
#3097 = LINE ( 'NONE', #86, #575 ) ;
#3098 = CARTESIAN_POINT ( 'NONE',  ( 11.50005577946088664, -49.99999999999992184, -12.50000108904640506 ) ) ;
#3099 = PRODUCT_DEFINITION_CONTEXT ( 'detailed design', #2317, 'design' ) ;
#3100 = DIRECTION ( 'NONE',  ( 0.000000000000000000, -0.7453559924815011950, -0.6666666666872705926 ) ) ;
#3101 = CIRCLE ( 'NONE', #195, 3.000000000000000444 ) ;
#3102 = CARTESIAN_POINT ( 'NONE',  ( -28.99999999999422684, 49.00000000001379874, 0.000000000000000000 ) ) ;
#3103 = CARTESIAN_POINT ( 'NONE',  ( -28.59727768353063482, 0.7713882454460829763, -3.130407150848848019 ) ) ;
#3104 = CARTESIAN_POINT ( 'NONE',  ( 11.50005577934621215, -23.94427190981750897, -12.49994977194718082 ) ) ;
#3105 = SPHERICAL_SURFACE ( 'NONE', #1794, 5.000000000000000000 ) ;
#3106 = CIRCLE ( 'NONE', #1093, 11.50000000000000711 ) ;
#3107 = AXIS2_PLACEMENT_3D ( 'NONE', #883, #488, #2931 ) ;
#3108 = ORIENTED_EDGE ( 'NONE', *, *, #1488, .F. ) ;
#3109 = ORIENTED_EDGE ( 'NONE', *, *, #777, .F. ) ;
#3110 = ORIENTED_EDGE ( 'NONE', *, *, #1891, .T. ) ;
#3111 = CIRCLE ( 'NONE', #1157, 11.50000000000000355 ) ;
#3112 = DIRECTION ( 'NONE',  ( -1.224646799147353207E-16, -8.497694209053172746E-31, 1.000000000000000000 ) ) ;
#3113 = AXIS2_PLACEMENT_3D ( 'NONE', #3337, #2400, #1201 ) ;
#3114 = CARTESIAN_POINT ( 'NONE',  ( 17.49999999988763122, -21.99999999999987566, 7.700214825490103721E-05 ) ) ;
#3115 = EDGE_CURVE ( 'NONE', #3391, #3780, #48, .T. ) ;
#3116 = CARTESIAN_POINT ( 'NONE',  ( 27.98176635363899933, 1.476237213527787029, 8.705514853532829278 ) ) ;
#3117 = STYLED_ITEM ( 'NONE', ( #363 ), #3620 ) ;
#3118 = AXIS2_PLACEMENT_3D ( 'NONE', #443, #1323, #61 ) ;
#3119 = CARTESIAN_POINT ( 'NONE',  ( 3.677591597426245862, 2.199245888949967753, 29.87267151553938405 ) ) ;
#3120 = DIRECTION ( 'NONE',  ( -1.000000000000000000, -6.938893903908690137E-15, 0.000000000000000000 ) ) ;
#3121 = VECTOR ( 'NONE', #1442, 1000.000000000000000 ) ;
#3122 = CARTESIAN_POINT ( 'NONE',  ( -16.50002008043480828, -15.00000000000011369, 4.499925281862184434 ) ) ;
#3123 = DIRECTION ( 'NONE',  ( 0.000000000000000000, 1.000000000000000000, 0.000000000000000000 ) ) ;
#3124 = CIRCLE ( 'NONE', #597, 28.99999999999388933 ) ;
#3125 = FACE_OUTER_BOUND ( 'NONE', #1908, .T. ) ;
#3126 = CARTESIAN_POINT ( 'NONE',  ( -11.17115998155078316, -16.59589328148380005, -15.23258960651419613 ) ) ;
#3127 = CARTESIAN_POINT ( 'NONE',  ( -30.16181400011412705, 2.329168754491192317, -1.831573331658595150 ) ) ;
#3128 = CARTESIAN_POINT ( 'NONE',  ( -3.000000000000419220, 59.99999999999995026, 0.000000000000000000 ) ) ;
#3129 = DIRECTION ( 'NONE',  ( -0.9999999999900436309, -6.938893903846393002E-15, -4.462356453843343425E-06 ) ) ;
#3130 = PRODUCT_DEFINITION_FORMATION_WITH_SPECIFIED_SOURCE ( 'ANY', '', #2155, .NOT_KNOWN. ) ;
#3131 = ORIENTED_EDGE ( 'NONE', *, *, #114, .F. ) ;
#3132 = EDGE_LOOP ( 'NONE', ( #2917, #3905 ) ) ;
#3133 = ORIENTED_EDGE ( 'NONE', *, *, #2265, .F. ) ;
#3134 = CYLINDRICAL_SURFACE ( 'NONE', #2375, 4.999999999999999112 ) ;
#3135 = CARTESIAN_POINT ( 'NONE',  ( 1.356199987656672157, 60.21219589283071372, 15.14806504517602903 ) ) ;
#3136 = CARTESIAN_POINT ( 'NONE',  ( 29.00037595098023857, -0.9369378405062868120, 0.3482626458752419163 ) ) ;
#3137 = CARTESIAN_POINT ( 'NONE',  ( 10.90834130772649857, 1.035225089875853044, 26.51311119212646616 ) ) ;
#3138 = ADVANCED_FACE ( 'NONE', ( #2542 ), #1585, .T. ) ;
#3139 = CARTESIAN_POINT ( 'NONE',  ( 11.49992637100891457, -5.000000000000031974, 16.50005022772341690 ) ) ;
#3140 = CARTESIAN_POINT ( 'NONE',  ( 9.583563203347559067, -4.986484457036569395, -18.87762176844116624 ) ) ;
#3141 = LINE ( 'NONE', #2522, #2482 ) ;
#3142 =( NAMED_UNIT ( * ) SI_UNIT ( $, .STERADIAN. ) SOLID_ANGLE_UNIT ( ) );
#3143 = CARTESIAN_POINT ( 'NONE',  ( 16.50002008044473811, -14.99999999999988454, -4.499927460041560856 ) ) ;
#3144 = EDGE_CURVE ( 'NONE', #1059, #1658, #3731, .T. ) ;
#3145 = CARTESIAN_POINT ( 'NONE',  ( -9.683297117071068882, -0.2397862101477622465, -18.76816196334130638 ) ) ;
#3146 = CARTESIAN_POINT ( 'NONE',  ( -23.20758053677057475, -4.162152449708478308, -9.990087225974198404 ) ) ;
#3147 = CARTESIAN_POINT ( 'NONE',  ( 16.45983427051653791, -19.51095558829153376, -9.858308280779157329 ) ) ;
#3148 = CARTESIAN_POINT ( 'NONE',  ( -4.330303476907104709E-13, 61.99999999992628119, 0.000000000000000000 ) ) ;
#3149 = ADVANCED_FACE ( 'NONE', ( #1031, #2845 ), #912, .T. ) ;
#3150 = ORIENTED_EDGE ( 'NONE', *, *, #2187, .T. ) ;
#3151 = ORIENTED_EDGE ( 'NONE', *, *, #2382, .T. ) ;
#3152 = ORIENTED_EDGE ( 'NONE', *, *, #3461, .F. ) ;
#3153 = EDGE_LOOP ( 'NONE', ( #2928, #1890, #231, #372 ) ) ;
#3154 = CARTESIAN_POINT ( 'NONE',  ( 11.21545178463056303, -17.91024561170940643, -15.04338179840079093 ) ) ;
#3155 = ORIENTED_EDGE ( 'NONE', *, *, #1726, .F. ) ;
#3156 = LINE ( 'NONE', #3396, #1854 ) ;
#3157 = CARTESIAN_POINT ( 'NONE',  ( 28.98072091063385614, 0.9435741410005784591, 0.7779112795942428882 ) ) ;
#3158 = CARTESIAN_POINT ( 'NONE',  ( -10.63663804928342138, -4.550437519031957478, 21.92989602366181145 ) ) ;
#3159 = CARTESIAN_POINT ( 'NONE',  ( 16.49992637095909842, 3.468936047874932416E-15, 16.50007253950568753 ) ) ;
#3160 = CARTESIAN_POINT ( 'NONE',  ( -11.86070607658581189, -19.18484662389455409, -10.12374468305338127 ) ) ;
#3161 = ITEM_DEFINED_TRANSFORMATION ( 'NONE', 'NONE', #1424,  #1748 ) ;
#3162 = FACE_OUTER_BOUND ( 'NONE', #456, .T. ) ;
#3163 = CARTESIAN_POINT ( 'NONE',  ( 16.00788422235993025, -14.99999999999988809, -16.49992965624666041 ) ) ;
#3164 = PRODUCT_DEFINITION ( 'UNKNOWN', '', #3130, #1008 ) ;
#3165 = DIRECTION ( 'NONE',  ( 0.000000000000000000, 1.000000000000000000, 0.000000000000000000 ) ) ;
#3166 = CARTESIAN_POINT ( 'NONE',  ( -18.68183204962076971, -0.1082103735238028747, -11.44207158630550403 ) ) ;
#3167 = CARTESIAN_POINT ( 'NONE',  ( -7.809123304982654265E-05, -5.000000000000108358, 17.49999891025371568 ) ) ;
#3168 = DIRECTION ( 'NONE',  ( 1.000000000000000000, 6.938893903915479074E-15, 0.000000000000000000 ) ) ;
#3169 = EDGE_CURVE ( 'NONE', #2945, #2255, #2753, .T. ) ;
#3170 = AXIS2_PLACEMENT_3D ( 'NONE', #2587, #683, #1902 ) ;
#3171 = EDGE_LOOP ( 'NONE', ( #936, #253, #3218, #2094 ) ) ;
#3172 = CARTESIAN_POINT ( 'NONE',  ( -10.61429323140872860, -4.536747794257633082, 21.98317382570012057 ) ) ;
#3173 = AXIS2_PLACEMENT_3D ( 'NONE', #2659, #1686, #2885 ) ;
#3174 = VERTEX_POINT ( 'NONE', #386 ) ;
#3175 = CARTESIAN_POINT ( 'NONE',  ( -12.04587385199424077, -17.69751077021470209, -10.98567956566719239 ) ) ;
#3176 = ADVANCED_FACE ( 'NONE', ( #750 ), #1967, .F. ) ;
#3177 = AXIS2_PLACEMENT_3D ( 'NONE', #2464, #27, #3616 ) ;
#3178 = ORIENTED_EDGE ( 'NONE', *, *, #379, .T. ) ;
#3179 = CARTESIAN_POINT ( 'NONE',  ( 11.29235466264419507, -19.51362865681737091, -14.67913962746357015 ) ) ;
#3180 = CIRCLE ( 'NONE', #1483, 11.50000000000000711 ) ;
#3181 = CARTESIAN_POINT ( 'NONE',  ( -28.99999999999444000, 37.99999999999970157, 0.000000000000000000 ) ) ;
#3182 = CARTESIAN_POINT ( 'NONE',  ( 30.23304744275114686, 2.362016344951375579, 0.9057392675452721198 ) ) ;
#3183 = CARTESIAN_POINT ( 'NONE',  ( -10.35055416202743750, -0.6264739852105620788, 22.57594548982951466 ) ) ;
#3184 = AXIS2_PLACEMENT_3D ( 'NONE', #3036, #2359, #3884 ) ;
#3185 = CARTESIAN_POINT ( 'NONE',  ( -28.99999999999417710, 40.99999999999970157, 0.000000000000000000 ) ) ;
#3186 =( LENGTH_UNIT ( ) NAMED_UNIT ( * ) SI_UNIT ( .MILLI., .METRE. ) );
#3187 = CARTESIAN_POINT ( 'NONE',  ( -2.818925648461541206E-15, -1.110223024626274199E-13, 0.000000000000000000 ) ) ;
#3188 = AXIS2_PLACEMENT_3D ( 'NONE', #1690, #2281, #3549 ) ;
#3189 = DIRECTION ( 'NONE',  ( 6.938893903915479074E-15, -1.000000000000000000, 0.000000000000000000 ) ) ;
#3190 = CARTESIAN_POINT ( 'NONE',  ( 6.792161350986702040, 0.2693303591126313679, -26.06290721978840708 ) ) ;
#3191 = AXIS2_PLACEMENT_3D ( 'NONE', #972, #3365, #10 ) ;
#3192 = DIRECTION ( 'NONE',  ( -0.9999999999900437420, 0.000000000000000000, -4.462356453793781833E-06 ) ) ;
#3193 = DIRECTION ( 'NONE',  ( 0.9999999999900437420, 6.938893903846393791E-15, 4.462356454316048796E-06 ) ) ;
#3194 = CARTESIAN_POINT ( 'NONE',  ( -11.46274206238741655, -5.000000000000199840, 18.42592260278986060 ) ) ;
#3195 = CARTESIAN_POINT ( 'NONE',  ( -9.009935001515799513, -4.947933327529946190, -19.71931792401580807 ) ) ;
#3196 = CIRCLE ( 'NONE', #3881, 16.49999999987816679 ) ;
#3197 = ADVANCED_FACE ( 'NONE', ( #685 ), #2251, .T. ) ;
#3198 = ORIENTED_EDGE ( 'NONE', *, *, #3202, .F. ) ;
#3199 = ORIENTED_EDGE ( 'NONE', *, *, #2286, .T. ) ;
#3200 = ORIENTED_EDGE ( 'NONE', *, *, #2829, .T. ) ;
#3201 = CARTESIAN_POINT ( 'NONE',  ( 12.06796848249789100, -17.17260481879870326, -11.16411544523665533 ) ) ;
#3202 = EDGE_CURVE ( 'NONE', #1181, #96, #2637, .T. ) ;
#3203 = CARTESIAN_POINT ( 'NONE',  ( -11.49997991927649643, -15.00000000000007994, -4.500052406022266638 ) ) ;
#3204 = CARTESIAN_POINT ( 'NONE',  ( 22.69790899027685427, 0.2622448510710841951, 14.51315131090126265 ) ) ;
#3205 = CARTESIAN_POINT ( 'NONE',  ( -8.046193287242063619, -0.1732426755185138278, 25.75203789388472586 ) ) ;
#3206 = CARTESIAN_POINT ( 'NONE',  ( -16.50005131693005467, -5.000000000000226485, 11.49992528179248907 ) ) ;
#3207 = EDGE_LOOP ( 'NONE', ( #3110, #2711, #2695, #2799 ) ) ;
#3208 = LINE ( 'NONE', #3244, #320 ) ;
#3209 = CARTESIAN_POINT ( 'NONE',  ( 21.31399333766241000, -4.697705717658400282, 10.87376134134331096 ) ) ;
#3210 = B_SPLINE_CURVE_WITH_KNOTS ( 'NONE', 3,
 ( #2896, #1950, #1395, #3147, #431, #1649, #2847, #2270, #3468, #3230, #3274, #592, #551, #508 ),
 .UNSPECIFIED., .F., .F.,
 ( 4, 2, 2, 2, 2, 2, 4 ),
 ( 0.000000000000000000, 0.0007419958961030542408, 0.001483991792206108482, 0.002967983584412222167, 0.003709979480515283347, 0.004451975376618344526, 0.005935967168824469488 ),
 .UNSPECIFIED. ) ;
#3211 = DIRECTION ( 'NONE',  ( -4.462356454084752897E-06, 2.467727823503774606E-31, 0.9999999999900437420 ) ) ;
#3212 = CARTESIAN_POINT ( 'NONE',  ( -3.306775341165723248, -4.415446011817112826, -23.51729616768363940 ) ) ;
#3213 = DIRECTION ( 'NONE',  ( 1.000000000000000000, 6.932871450209627872E-15, 0.000000000000000000 ) ) ;
#3214 = DIRECTION ( 'NONE',  ( -6.938893903915479074E-15, 1.000000000000000000, -0.000000000000000000 ) ) ;
#3215 = CARTESIAN_POINT ( 'NONE',  ( -24.86018597532957486, 0.6404983709116192081, -12.73638526598686127 ) ) ;
#3216 = ORIENTED_EDGE ( 'NONE', *, *, #580, .F. ) ;
#3217 = EDGE_CURVE ( 'NONE', #1058, #2129, #991, .T. ) ;
#3218 = ORIENTED_EDGE ( 'NONE', *, *, #379, .F. ) ;
#3219 = CARTESIAN_POINT ( 'NONE',  ( 11.62291952438278564, -19.97127189894464649, -9.433686407978125743 ) ) ;
#3220 = DIRECTION ( 'NONE',  ( 1.000000000000000000, 7.240584943207538128E-15, 3.126475527745835931E-10 ) ) ;
#3221 = CARTESIAN_POINT ( 'NONE',  ( -11.27095218780621266, -19.13907732365775516, -14.79634158604859806 ) ) ;
#3222 = EDGE_CURVE ( 'NONE', #1652, #319, #512, .T. ) ;
#3223 = CARTESIAN_POINT ( 'NONE',  ( -10.16408579457761974, -4.265834615832579502, 22.89170981223073653 ) ) ;
#3224 = EDGE_LOOP ( 'NONE', ( #2899, #3682, #2728, #766 ) ) ;
#3225 = DIRECTION ( 'NONE',  ( 0.9999999999900438530, 6.938893903846394580E-15, 4.462356453843344272E-06 ) ) ;
#3226 = CARTESIAN_POINT ( 'NONE',  ( 1.363807070747745774E-11, 54.99999999999997868, 14.49999685643533276 ) ) ;
#3227 = CARTESIAN_POINT ( 'NONE',  ( 1.355570356506955232, 60.68240197094928590, 13.85055846484532616 ) ) ;
#3228 = CARTESIAN_POINT ( 'NONE',  ( -2.792546398194767132, 0.3782922895050626066, -27.13569066099057991 ) ) ;
#3229 = CARTESIAN_POINT ( 'NONE',  ( -20.69979175299143392, -0.5808594733117179443, -11.07679829092037593 ) ) ;
#3230 = CARTESIAN_POINT ( 'NONE',  ( 16.11649843039946717, -16.93629536431947002, -11.23129545460458623 ) ) ;
#3231 = DIRECTION ( 'NONE',  ( -6.938893903915479074E-15, 1.000000000000000000, -0.000000000000000000 ) ) ;
#3232 = CARTESIAN_POINT ( 'NONE',  ( -7.940415824696307467, -4.838819923021568492, -20.82258506940106813 ) ) ;
#3233 = CARTESIAN_POINT ( 'NONE',  ( -17.49994868266473347, -15.00000000000012079, -11.50007918009129781 ) ) ;
#3234 = ORIENTED_EDGE ( 'NONE', *, *, #729, .T. ) ;
#3235 = ORIENTED_EDGE ( 'NONE', *, *, #777, .T. ) ;
#3236 = CIRCLE ( 'NONE', #1534, 4.499999999878164125 ) ;
#3237 = ORIENTED_EDGE ( 'NONE', *, *, #2069, .T. ) ;
#3238 = CARTESIAN_POINT ( 'NONE',  ( -7.809123273757631698E-05, -49.99999999999998579, 17.49999891025371568 ) ) ;
#3239 = AXIS2_PLACEMENT_3D ( 'NONE', #1076, #2290, #3487 ) ;
#3240 = CARTESIAN_POINT ( 'NONE',  ( -5.293597097226774295, 0.4243645103532335261, 27.72663978057534706 ) ) ;
#3241 = CARTESIAN_POINT ( 'NONE',  ( -16.00773696458708528, -5.000000000000219380, -16.50007252136049019 ) ) ;
#3242 = EDGE_CURVE ( 'NONE', #978, #3821, #3878, .T. ) ;
#3243 = EDGE_LOOP ( 'NONE', ( #1892, #3199, #3370, #501, #1445, #818, #394 ) ) ;
#3244 = CARTESIAN_POINT ( 'NONE',  ( 11.49992190865261499, -26.99999999999991829, 17.50005022735293991 ) ) ;
#3245 = CARTESIAN_POINT ( 'NONE',  ( 18.82864379478067818, -4.999999999999981348, -16.44634223312211674 ) ) ;
#3246 = AXIS2_PLACEMENT_3D ( 'NONE', #906, #2717, #2461 ) ;
#3247 = CARTESIAN_POINT ( 'NONE',  ( -1.463316114072985119, 60.58154408975860150, 14.11828486993698029 ) ) ;
#3248 = CARTESIAN_POINT ( 'NONE',  ( -1.410654940301387272, 0.3946816400494577715, -27.28307906081513678 ) ) ;
#3249 = EDGE_LOOP ( 'NONE', ( #3762, #1317, #1510, #2171 ) ) ;
#3250 = EDGE_CURVE ( 'NONE', #917, #1359, #3292, .T. ) ;
#3251 = AXIS2_PLACEMENT_3D ( 'NONE', #1618, #3112, #3395 ) ;
#3252 = CARTESIAN_POINT ( 'NONE',  ( -4.422999164193266886, 2.129551805562238442, 29.71580265814289490 ) ) ;
#3253 = CARTESIAN_POINT ( 'NONE',  ( 3.541120769668649970, -4.430178683294411890, -23.44430112935758004 ) ) ;
#3254 = VECTOR ( 'NONE', #2268, 1000.000000000000114 ) ;
#3255 = CYLINDRICAL_SURFACE ( 'NONE', #3752, 5.000000000000000888 ) ;
#3256 = ORIENTED_EDGE ( 'NONE', *, *, #483, .F. ) ;
#3257 = VECTOR ( 'NONE', #2980, 1000.000000000000000 ) ;
#3258 = CARTESIAN_POINT ( 'NONE',  ( 22.06137701034428389, 0.1801558349758497490, -14.92840293117063410 ) ) ;
#3259 = CIRCLE ( 'NONE', #724, 11.50000000000000355 ) ;
#3260 = ORIENTED_EDGE ( 'NONE', *, *, #2672, .F. ) ;
#3261 = CARTESIAN_POINT ( 'NONE',  ( -16.50007809106881140, -2.255145937428741163E-13, 17.49992528137222436 ) ) ;
#3262 = AXIS2_PLACEMENT_3D ( 'NONE', #2540, #1901, #3479 ) ;
#3263 = DIRECTION ( 'NONE',  ( -6.938893903915479074E-15, 1.000000000000000000, -0.000000000000000000 ) ) ;
#3264 = FACE_OUTER_BOUND ( 'NONE', #3019, .T. ) ;
#3265 = EDGE_LOOP ( 'NONE', ( #1273, #1335, #3658, #997 ) ) ;
#3266 = FACE_OUTER_BOUND ( 'NONE', #1911, .T. ) ;
#3267 = FACE_OUTER_BOUND ( 'NONE', #3132, .T. ) ;
#3268 = B_SPLINE_CURVE_WITH_KNOTS ( 'NONE', 3,
 ( #933, #335, #1556, #3071, #32, #1254, #948, #1571 ),
 .UNSPECIFIED., .F., .F.,
 ( 4, 2, 2, 4 ),
 ( 2.788396597753897967E-07, 0.001562053936303845533, 0.002342941484625880953, 0.003123829032947915939 ),
 .UNSPECIFIED. ) ;
#3269 = UNCERTAINTY_MEASURE_WITH_UNIT (LENGTH_MEASURE( 1.000000000000000082E-05 ), #2130, 'distance_accuracy_value', 'NONE');
#3270 = ADVANCED_FACE ( 'NONE', ( #2052 ), #3255, .F. ) ;
#3271 = DIRECTION ( 'NONE',  ( 4.462356453793781833E-06, 0.000000000000000000, -0.9999999999900437420 ) ) ;
#3272 = CARTESIAN_POINT ( 'NONE',  ( -2.062326649541947443, -4.351498932260824404, -23.82521074392067462 ) ) ;
#3273 = CARTESIAN_POINT ( 'NONE',  ( 9.621412111392485755, -3.943948751540655273, 23.83783952855256771 ) ) ;
#3274 = CARTESIAN_POINT ( 'NONE',  ( 16.09192124819334069, -16.70002180723461649, -11.29474215563430484 ) ) ;
#3275 = CARTESIAN_POINT ( 'NONE',  ( -16.13067152696548590, 0.01065511329673300873, 19.67471964376879612 ) ) ;
#3276 = SHAPE_REPRESENTATION ( 'КМГПЭУГ 6х0,12-2,0', ( #1748 ), #1236 ) ;
#3277 = EDGE_CURVE ( 'NONE', #542, #259, #1459, .T. ) ;
#3278 = CARTESIAN_POINT ( 'NONE',  ( -21.92283484000207494, -4.542555936638566827, 10.62153426762169239 ) ) ;
#3279 = DIRECTION ( 'NONE',  ( -1.000000000000000000, -6.938893903907224433E-15, 0.000000000000000000 ) ) ;
#3280 = EDGE_LOOP ( 'NONE', ( #206, #3761, #3584, #1953 ) ) ;
#3281 = ORIENTED_EDGE ( 'NONE', *, *, #3021, .T. ) ;
#3282 = ORIENTED_EDGE ( 'NONE', *, *, #483, .T. ) ;
#3283 = DIRECTION ( 'NONE',  ( -6.938893903915479074E-15, 1.000000000000000000, -0.000000000000000000 ) ) ;
#3284 = ORIENTED_EDGE ( 'NONE', *, *, #2209, .F. ) ;
#3285 = CARTESIAN_POINT ( 'NONE',  ( 0.000000000000000000, 0.000000000000000000, 0.000000000000000000 ) ) ;
#3286 = DIRECTION ( 'NONE',  ( -0.9999999999900436309, -6.938893903846393791E-15, -4.462356453843343425E-06 ) ) ;
#3287 = CARTESIAN_POINT ( 'NONE',  ( -11.49994422042461828, -50.00000000000007816, -12.50005240614562929 ) ) ;
#3288 = CARTESIAN_POINT ( 'NONE',  ( -28.31178940356148033, -1.483641294169227853, 3.934371637211305117 ) ) ;
#3289 = ORIENTED_EDGE ( 'NONE', *, *, #3785, .T. ) ;
#3290 = CARTESIAN_POINT ( 'NONE',  ( 9.041592679141931654, 62.45679950559260618, 0.000000000000000000 ) ) ;
#3291 = FACE_OUTER_BOUND ( 'NONE', #3016, .T. ) ;
#3292 = LINE ( 'NONE', #3599, #1494 ) ;
#3293 = VERTEX_POINT ( 'NONE', #2690 ) ;
#3294 = EDGE_CURVE ( 'NONE', #1166, #3601, #3061, .T. ) ;
#3295 = ORIENTED_EDGE ( 'NONE', *, *, #2286, .F. ) ;
#3296 = DIRECTION ( 'NONE',  ( 0.9999999999900437420, 6.938893903846393791E-15, 4.462356454084752897E-06 ) ) ;
#3297 = ORIENTED_EDGE ( 'NONE', *, *, #1404, .T. ) ;
#3298 = AXIS2_PLACEMENT_3D ( 'NONE', #1672, #2873, #214 ) ;
#3299 = ADVANCED_FACE ( 'NONE', ( #3835 ), #1154, .T. ) ;
#3300 = B_SPLINE_CURVE_WITH_KNOTS ( 'NONE', 3,
 ( #687, #3347, #1853, #1554, #2793, #2759, #669, #1253, #612, #368, #1587, #3085, #1906, #3104 ),
 .UNSPECIFIED., .F., .F.,
 ( 4, 2, 2, 2, 2, 2, 4 ),
 ( 0.000000000000000000, 0.002377920982666641148, 0.003566881473999956084, 0.004755841965333271887, 0.007133762947999894820, 0.008322723439333209322, 0.009511683930666524692 ),
 .UNSPECIFIED. ) ;
#3301 = DIRECTION ( 'NONE',  ( -1.000000000000000000, -6.938893903915479863E-15, 0.000000000000000000 ) ) ;
#3302 = VERTEX_POINT ( 'NONE', #2352 ) ;
#3303 = DIRECTION ( 'NONE',  ( 0.000000000000000000, 0.000000000000000000, 1.000000000000000000 ) ) ;
#3304 = CARTESIAN_POINT ( 'NONE',  ( 26.43175367709008938, -2.721627174531358939, -7.277638140917620291 ) ) ;
#3305 = CARTESIAN_POINT ( 'NONE',  ( 11.14448433254429993, -0.5298045334702383702, 20.40055638316454534 ) ) ;
#3306 = CIRCLE ( 'NONE', #2621, 5.000000000000000888 ) ;
#3307 = CARTESIAN_POINT ( 'NONE',  ( 6.946205093553444065, -4.732733737014679143, -21.66884652962255942 ) ) ;
#3308 = DIRECTION ( 'NONE',  ( -6.938893903915479074E-15, 1.000000000000000000, -0.000000000000000000 ) ) ;
#3309 = CARTESIAN_POINT ( 'NONE',  ( 19.23710571154069982, 2.112673368357722405E-14, 16.30373845355906326 ) ) ;
#3310 = CARTESIAN_POINT ( 'NONE',  ( -16.44650900636742463, -2.251428835474895673E-13, 18.82849812128369393 ) ) ;
#3311 = CIRCLE ( 'NONE', #1861, 6.062615574054306400 ) ;
#3312 = COLOUR_RGB ( '',0.1019607843137254888, 0.1019607843137254888, 0.1019607843137254888 ) ;
#3313 = LINE ( 'NONE', #1197, #3002 ) ;
#3314 =( GEOMETRIC_REPRESENTATION_CONTEXT ( 3 ) GLOBAL_UNCERTAINTY_ASSIGNED_CONTEXT ( ( #3695 ) ) GLOBAL_UNIT_ASSIGNED_CONTEXT ( ( #2965, #837, #918 ) ) REPRESENTATION_CONTEXT ( 'NONE', 'WORKASPACE' ) );
#3315 = EDGE_CURVE ( 'NONE', #1371, #919, #1551, .T. ) ;
#3316 = ORIENTED_EDGE ( 'NONE', *, *, #2548, .F. ) ;
#3317 = DIRECTION ( 'NONE',  ( 6.938893903915479074E-15, -1.000000000000000000, 0.000000000000000000 ) ) ;
#3318 = ORIENTED_EDGE ( 'NONE', *, *, #1783, .F. ) ;
#3319 = VERTEX_POINT ( 'NONE', #3896 ) ;
#3320 = CIRCLE ( 'NONE', #3630, 5.000000000000000000 ) ;
#3321 = ADVANCED_FACE ( 'NONE', ( #537 ), #2670, .F. ) ;
#3322 = DIRECTION ( 'NONE',  ( -6.938893903915479074E-15, 1.000000000000000000, -0.000000000000000000 ) ) ;
#3323 = CARTESIAN_POINT ( 'NONE',  ( 4.456483310100701090, 0.3418501607439081713, -26.79510202649966999 ) ) ;
#3324 = CARTESIAN_POINT ( 'NONE',  ( 27.53806267855363288, 1.329050815027394750, -9.481509796053060768 ) ) ;
#3325 = DIRECTION ( 'NONE',  ( -0.9999999999900436309, 0.000000000000000000, -4.462356454091161548E-06 ) ) ;
#3326 = CARTESIAN_POINT ( 'NONE',  ( -16.50007362871232175, -5.000000000000226485, 16.49992528174270845 ) ) ;
#3327 = CARTESIAN_POINT ( 'NONE',  ( 10.46377614211293583, -4.446379306948871957, 22.28376483080842974 ) ) ;
#3328 = FILL_AREA_STYLE_COLOUR ( '', #2949 ) ;
#3329 = LINE ( 'NONE', #2164, #2051 ) ;
#3330 = CARTESIAN_POINT ( 'NONE',  ( 16.44634096677242496, 3.097112613536971735E-15, 18.82864490090487664 ) ) ;
#3331 = CARTESIAN_POINT ( 'NONE',  ( -23.81828500430832207, -3.951616134787742318, 9.634856635774125877 ) ) ;
#3332 = DIRECTION ( 'NONE',  ( 4.462356454091161548E-06, 0.000000000000000000, -0.9999999999900436309 ) ) ;
#3333 = DIRECTION ( 'NONE',  ( -6.938893903915479074E-15, 1.000000000000000000, -0.000000000000000000 ) ) ;
#3334 = CARTESIAN_POINT ( 'NONE',  ( 16.49992190860267982, -4.999999999999997335, 17.50007253913520699 ) ) ;
#3335 = ORIENTED_EDGE ( 'NONE', *, *, #210, .T. ) ;
#3336 = ORIENTED_EDGE ( 'NONE', *, *, #699, .F. ) ;
#3337 = CARTESIAN_POINT ( 'NONE',  ( -17.50007362864551297, -5.000000000000233591, 16.49992081938625432 ) ) ;
#3338 = CARTESIAN_POINT ( 'NONE',  ( -1.744988128964227059, 0.3914841448034083737, -27.25456675070638468 ) ) ;
#3339 = EDGE_CURVE ( 'NONE', #2469, #920, #720, .T. ) ;
#3340 = CARTESIAN_POINT ( 'NONE',  ( 20.90665698935773165, -4.766101438477449825, -10.98963462476216080 ) ) ;
#3341 = CYLINDRICAL_SURFACE ( 'NONE', #960, 7.000000000000000888 ) ;
#3342 =( NAMED_UNIT ( * ) SI_UNIT ( $, .STERADIAN. ) SOLID_ANGLE_UNIT ( ) );
#3343 = CARTESIAN_POINT ( 'NONE',  ( 14.50768982390438566, -5.000000000000010658, -20.35993457683718688 ) ) ;
#3344 = EDGE_CURVE ( 'NONE', #3604, #779, #148, .T. ) ;
#3345 = SURFACE_STYLE_FILL_AREA ( #1208 ) ;
#3346 = CARTESIAN_POINT ( 'NONE',  ( -29.00044815966479561, 0.9527771325693322746, -0.3816516824092021642 ) ) ;
#3347 = CARTESIAN_POINT ( 'NONE',  ( 11.15702711845106343, -15.79838230072176231, -15.28783009042840391 ) ) ;
#3348 = DIRECTION ( 'NONE',  ( -6.938893903915479074E-15, 1.000000000000000000, -0.000000000000000000 ) ) ;
#3349 = CARTESIAN_POINT ( 'NONE',  ( -11.15689067851197080, -15.00000000000008171, -15.28792966308349399 ) ) ;
#3350 = ORIENTED_EDGE ( 'NONE', *, *, #1949, .T. ) ;
#3351 = ORIENTED_EDGE ( 'NONE', *, *, #844, .T. ) ;
#3352 = CARTESIAN_POINT ( 'NONE',  ( -16.00775927636935592, -5.000000000000222933, -11.50007252141026903 ) ) ;
#3353 = CARTESIAN_POINT ( 'NONE',  ( -4.807528408545660881, 0.3324686933665056965, -26.70484559352671639 ) ) ;
#3354 = CARTESIAN_POINT ( 'NONE',  ( 27.99134013355483219, 1.476645687031240772, -8.723762166113496974 ) ) ;
#3355 = AXIS2_PLACEMENT_3D ( 'NONE', #563, #2304, #3829 ) ;
#3356 = CARTESIAN_POINT ( 'NONE',  ( 8.998018695843757797, -3.596939914262102356, 24.67007091781475836 ) ) ;
#3357 = EDGE_CURVE ( 'NONE', #2469, #1857, #3313, .T. ) ;
#3358 = CARTESIAN_POINT ( 'NONE',  ( 9.864265280819305204, -4.999999999434065145, -18.43435899283985435 ) ) ;
#3359 = AXIS2_PLACEMENT_3D ( 'NONE', #369, #3388, #3367 ) ;
#3360 = CARTESIAN_POINT ( 'NONE',  ( -16.00775927636928486, -15.00000000000013145, -11.50007252141026903 ) ) ;
#3361 = PLANE ( 'NONE',  #2429 ) ;
#3362 = MECHANICAL_DESIGN_GEOMETRIC_PRESENTATION_REPRESENTATION (  '', ( #2113 ), #3611 ) ;
#3363 = EDGE_CURVE ( 'NONE', #2040, #759, #1427, .T. ) ;
#3364 = CARTESIAN_POINT ( 'NONE',  ( -26.19331406458668354, -2.848120112449897157, -7.536757273806326651 ) ) ;
#3365 = DIRECTION ( 'NONE',  ( 6.938893903915479074E-15, -1.000000000000000000, 0.000000000000000000 ) ) ;
#3366 = VECTOR ( 'NONE', #3907, 1000.000000000000000 ) ;
#3367 = DIRECTION ( 'NONE',  ( -0.9999999999900437420, 0.000000000000000000, -4.462356454314198876E-06 ) ) ;
#3368 = AXIS2_PLACEMENT_3D ( 'NONE', #1833, #642, #2146 ) ;
#3369 = ORIENTED_EDGE ( 'NONE', *, *, #33, .T. ) ;
#3370 = ORIENTED_EDGE ( 'NONE', *, *, #1041, .F. ) ;
#3371 = ORIENTED_EDGE ( 'NONE', *, *, #3597, .F. ) ;
#3372 = AXIS2_PLACEMENT_3D ( 'NONE', #2749, #2457, #695 ) ;
#3373 = CARTESIAN_POINT ( 'NONE',  ( 3.266920515418990600E-14, 40.19626413046899671, 31.04363007151270182 ) ) ;
#3374 = AXIS2_PLACEMENT_3D ( 'NONE', #907, #3063, #3010 ) ;
#3375 = FACE_OUTER_BOUND ( 'NONE', #3681, .T. ) ;
#3376 = CARTESIAN_POINT ( 'NONE',  ( 21.92283351802059954, -4.542555936626077262, -10.62153699632492732 ) ) ;
#3377 = CARTESIAN_POINT ( 'NONE',  ( 13.45032536280587898, 0.4841426695516998779, 24.09269220015134394 ) ) ;
#3378 = CARTESIAN_POINT ( 'NONE',  ( -2.818925648461541206E-15, -1.110223024626274199E-13, 0.000000000000000000 ) ) ;
#3379 = VECTOR ( 'NONE', #568, 1000.000000000000114 ) ;
#3380 = CARTESIAN_POINT ( 'NONE',  ( -3.579027089885275625, -1.380127688986877432, 28.45220515230235492 ) ) ;
#3381 = FACE_OUTER_BOUND ( 'NONE', #1559, .T. ) ;
#3382 = CARTESIAN_POINT ( 'NONE',  ( 11.78002511242350003, 0.8486690074272531525, 25.78392901682093452 ) ) ;
#3383 = ADVANCED_FACE ( 'NONE', ( #2372 ), #298, .T. ) ;
#3384 = CARTESIAN_POINT ( 'NONE',  ( 30.16593596851783587, 2.331064121783651633, 1.787159980137677628 ) ) ;
#3385 = CARTESIAN_POINT ( 'NONE',  ( 8.641540761162502804, -4.910628932098275889, -20.10505179898104089 ) ) ;
#3386 = CARTESIAN_POINT ( 'NONE',  ( -28.98072081369556585, 0.9435741409135834923, -0.7779148867462786221 ) ) ;
#3387 = DIRECTION ( 'NONE',  ( 1.000000000000000000, 6.938893903980740748E-15, 0.000000000000000000 ) ) ;
#3388 = DIRECTION ( 'NONE',  ( 4.462356454314198876E-06, 3.096381799790186315E-20, -0.9999999999900438530 ) ) ;
#3389 = ADVANCED_FACE ( 'NONE', ( #235 ), #572, .F. ) ;
#3390 = EDGE_LOOP ( 'NONE', ( #1823, #1039, #2034, #2136 ) ) ;
#3391 = VERTEX_POINT ( 'NONE', #1503 ) ;
#3392 = ORIENTED_EDGE ( 'NONE', *, *, #2095, .T. ) ;
#3393 = EDGE_CURVE ( 'NONE', #3293, #3566, #2412, .T. ) ;
#3394 = VERTEX_POINT ( 'NONE', #3233 ) ;
#3395 = DIRECTION ( 'NONE',  ( 1.000000000000000000, 0.000000000000000000, 1.224646799147352714E-16 ) ) ;
#3396 = CARTESIAN_POINT ( 'NONE',  ( 11.50005577934644307, -56.99999999999992184, -12.49994977194718260 ) ) ;
#3397 = CARTESIAN_POINT ( 'NONE',  ( 28.99908039569390183, 0.9521401906513315971, -0.8032209254763323925 ) ) ;
#3398 = CARTESIAN_POINT ( 'NONE',  ( 10.37018000365327808, -0.6373427554895644276, 22.56738987924217099 ) ) ;
#3399 = CARTESIAN_POINT ( 'NONE',  ( -29.98193646701688664, 2.247736566907422517, 3.113246464519637158 ) ) ;
#3400 = CARTESIAN_POINT ( 'NONE',  ( -0.7069786696108100177, -0.9356106751796252619, 29.00195964931553405 ) ) ;
#3401 = B_SPLINE_CURVE_WITH_KNOTS ( 'NONE', 3,
 ( #2818, #1533, #93, #2794, #72, #1874 ),
 .UNSPECIFIED., .F., .F.,
 ( 4, 2, 4 ),
 ( 3.335398340999362700E-07, 0.001566874513906764800, 0.003133415487979429939 ),
 .UNSPECIFIED. ) ;
#3402 = FACE_OUTER_BOUND ( 'NONE', #3001, .T. ) ;
#3403 = SURFACE_STYLE_USAGE ( .BOTH. , #2205 ) ;
#3404 = FACE_OUTER_BOUND ( 'NONE', #185, .T. ) ;
#3405 = CARTESIAN_POINT ( 'NONE',  ( -29.66194410308252927, 2.108418151053653933, 4.564304647304636475 ) ) ;
#3406 = PRODUCT_DEFINITION ( 'UNKNOWN', '', #1927, #3099 ) ;
#3407 = FACE_OUTER_BOUND ( 'NONE', #3280, .T. ) ;
#3408 = DIRECTION ( 'NONE',  ( 4.462356453793781833E-06, 0.000000000000000000, -0.9999999999900437420 ) ) ;
#3409 = ORIENTED_EDGE ( 'NONE', *, *, #2658, .T. ) ;
#3410 = EDGE_CURVE ( 'NONE', #1521, #3704, #1613, .T. ) ;
#3411 = ORIENTED_EDGE ( 'NONE', *, *, #336, .T. ) ;
#3412 = ORIENTED_EDGE ( 'NONE', *, *, #2043, .T. ) ;
#3413 = DIRECTION ( 'NONE',  ( 0.9999999999900437420, 0.000000000000000000, 4.462356454487671223E-06 ) ) ;
#3414 = EDGE_CURVE ( 'NONE', #1691, #2172, #2876, .T. ) ;
#3415 = CARTESIAN_POINT ( 'NONE',  ( -0.4941758090032659645, 59.95064205364813148, 15.91981180256523487 ) ) ;
#3416 = CARTESIAN_POINT ( 'NONE',  ( 28.59727807327330851, 0.7713882455299533314, 3.130403591438323030 ) ) ;
#3417 = CARTESIAN_POINT ( 'NONE',  ( 8.050844140661912007, -3.099557662151529058, 25.71921368846475886 ) ) ;
#3418 = DIRECTION ( 'NONE',  ( -6.938893903915479074E-15, 1.000000000000000000, -0.000000000000000000 ) ) ;
#3419 = CARTESIAN_POINT ( 'NONE',  ( -16.49995909489655688, -20.21749194739370381, -9.166741384543168891 ) ) ;
#3420 = TOROIDAL_SURFACE ( 'NONE', #1788, 12.00000000000000000, 5.000000000000000000 ) ;
#3421 = DIRECTION ( 'NONE',  ( -6.938893903915479074E-15, 1.000000000000000000, 0.000000000000000000 ) ) ;
#3422 = CARTESIAN_POINT ( 'NONE',  ( 18.42602446299190078, -4.999999999999984013, -11.46257882845793219 ) ) ;
#3423 = PLANE ( 'NONE',  #650 ) ;
#3424 = AXIS2_PLACEMENT_3D ( 'NONE', #2662, #2345, #2953 ) ;
#3425 = CARTESIAN_POINT ( 'NONE',  ( -10.11127663305374114, -5.000000000000184741, -17.97822679119099831 ) ) ;
#3426 = CARTESIAN_POINT ( 'NONE',  ( -28.64098142539265979, -1.229863075189403299, 2.873358005125735470 ) ) ;
#3427 = DIRECTION ( 'NONE',  ( 6.938893903915479074E-15, -1.000000000000000000, 0.000000000000000000 ) ) ;
#3428 = CARTESIAN_POINT ( 'NONE',  ( -20.49527392549317284, 0.04915508829316238976, -15.76482226621969751 ) ) ;
#3429 = AXIS2_PLACEMENT_3D ( 'NONE', #798, #3717, #3168 ) ;
#3430 = AXIS2_PLACEMENT_3D ( 'NONE', #3343, #609, #3012 ) ;
#3431 = ORIENTED_EDGE ( 'NONE', *, *, #1440, .F. ) ;
#3432 = ORIENTED_EDGE ( 'NONE', *, *, #3222, .F. ) ;
#3433 = ORIENTED_EDGE ( 'NONE', *, *, #2854, .T. ) ;
#3434 = AXIS2_PLACEMENT_3D ( 'NONE', #1130, #2365, #490 ) ;
#3435 = ADVANCED_FACE ( 'NONE', ( #1532 ), #2740, .T. ) ;
#3436 = DIRECTION ( 'NONE',  ( -0.9999999999900437420, -6.938893903846393791E-15, -4.462356454316048796E-06 ) ) ;
#3437 = AXIS2_PLACEMENT_3D ( 'NONE', #3567, #3296, #3624 ) ;
#3438 = CARTESIAN_POINT ( 'NONE',  ( -1.144698459361335408, 60.10012740560748767, 15.47438972187661754 ) ) ;
#3439 = CARTESIAN_POINT ( 'NONE',  ( 26.51765488106353885, 1.032679243792470558, 10.93020460921140469 ) ) ;
#3440 = ADVANCED_FACE ( 'NONE', ( #3619 ), #977, .T. ) ;
#3441 = AXIS2_PLACEMENT_3D ( 'NONE', #1814, #3592, #870 ) ;
#3442 = CARTESIAN_POINT ( 'NONE',  ( 4.564306291990045672, 2.108417536239219903, 29.66194324191540588 ) ) ;
#3443 = CARTESIAN_POINT ( 'NONE',  ( -29.58276831426888620, 2.074869785817266443, 4.852148646594261372 ) ) ;
#3444 = APPLICATION_PROTOCOL_DEFINITION ( 'draft international standard', 'automotive_design', 1998, #2317 ) ;
#3445 = AXIS2_PLACEMENT_3D ( 'NONE', #2167, #1234, #648 ) ;
#3446 = PLANE ( 'NONE',  #2295 ) ;
#3447 = CARTESIAN_POINT ( 'NONE',  ( 27.41680142738851700, -2.112253951910094685, 5.833454640340089092 ) ) ;
#3448 = EDGE_CURVE ( 'NONE', #1521, #1371, #2208, .T. ) ;
#3449 = AXIS2_PLACEMENT_3D ( 'NONE', #854, #3558, #3893 ) ;
#3450 = LINE ( 'NONE', #1631, #1109 ) ;
#3451 = CARTESIAN_POINT ( 'NONE',  ( -22.80668824280792961, 0.2770495942816265100, -14.43916975964510563 ) ) ;
#3452 = ORIENTED_EDGE ( 'NONE', *, *, #2318, .F. ) ;
#3453 = ORIENTED_EDGE ( 'NONE', *, *, #694, .F. ) ;
#3454 = VERTEX_POINT ( 'NONE', #1888 ) ;
#3455 = EDGE_LOOP ( 'NONE', ( #1780, #1182, #2865, #790 ) ) ;
#3456 = CARTESIAN_POINT ( 'NONE',  ( 11.96379573451668143, -18.60229389178798343, -10.53304032150517067 ) ) ;
#3457 = CARTESIAN_POINT ( 'NONE',  ( -1.463536948506169555, 60.30546905421587667, 14.88078521771686802 ) ) ;
#3458 = CARTESIAN_POINT ( 'NONE',  ( 23.49614004890702645, -0.5606388108502941003, 9.847704170742725083 ) ) ;
#3459 = CARTESIAN_POINT ( 'NONE',  ( -6.704311791977894508, -2.469308330369979654, 26.85026963818392787 ) ) ;
#3460 = CARTESIAN_POINT ( 'NONE',  ( -16.00773696458708528, -5.000000000000222045, -16.50007252136049019 ) ) ;
#3461 = EDGE_CURVE ( 'NONE', #486, #2455, #2503, .T. ) ;
#3462 = APPLICATION_PROTOCOL_DEFINITION ( 'draft international standard', 'automotive_design', 1998, #1218 ) ;
#3463 = DIRECTION ( 'NONE',  ( -1.000000000000000000, -6.938893903915479863E-15, 0.000000000000000000 ) ) ;
#3464 = CARTESIAN_POINT ( 'NONE',  ( 21.95282923680971265, -4.534941295606582656, -10.60904021780949513 ) ) ;
#3465 = DIRECTION ( 'NONE',  ( 1.000000000000000000, 6.932871450209627872E-15, 0.000000000000000000 ) ) ;
#3466 = DIRECTION ( 'NONE',  ( -0.9701692572150092397, 0.000000000000000000, -0.2424285716553994108 ) ) ;
#3467 = CARTESIAN_POINT ( 'NONE',  ( -20.44128234628879781, 0.04605331845173506189, -15.79016426014805141 ) ) ;
#3468 = CARTESIAN_POINT ( 'NONE',  ( 16.17171652039064256, -17.40411402101370797, -11.07874094165016920 ) ) ;
#3469 = FACE_OUTER_BOUND ( 'NONE', #3088, .T. ) ;
#3470 = ORIENTED_EDGE ( 'NONE', *, *, #3701, .T. ) ;
#3471 = ORIENTED_EDGE ( 'NONE', *, *, #3217, .F. ) ;
#3472 = ORIENTED_EDGE ( 'NONE', *, *, #694, .T. ) ;
#3473 = DIRECTION ( 'NONE',  ( 0.9999999999900438530, 6.938893903846394580E-15, 4.462356453843344272E-06 ) ) ;
#3474 = CARTESIAN_POINT ( 'NONE',  ( 1.500000000013618662, 60.40738614116992977, 14.59543648064092913 ) ) ;
#3475 = CARTESIAN_POINT ( 'NONE',  ( 30.25039450765699200, 2.370119593026821292, 0.4445395715635527267 ) ) ;
#3476 = CARTESIAN_POINT ( 'NONE',  ( -6.415189861234781077, -2.345963190724710934, 27.05093866147986859 ) ) ;
#3477 = CARTESIAN_POINT ( 'NONE',  ( 19.67440614109688468, 0.01064712481251491559, 16.13079550039146071 ) ) ;
#3478 = ORIENTED_EDGE ( 'NONE', *, *, #2743, .F. ) ;
#3479 = DIRECTION ( 'NONE',  ( 1.000000000000000000, 0.000000000000000000, 0.000000000000000000 ) ) ;
#3480 = CARTESIAN_POINT ( 'NONE',  ( 17.49992637100600490, 1.040782995211589787E-14, 16.50007700186214166 ) ) ;
#3481 = CARTESIAN_POINT ( 'NONE',  ( 28.42088460723383747, -1.400755561661852999, -3.621087816773417511 ) ) ;
#3482 = EDGE_CURVE ( 'NONE', #136, #197, #1364, .T. ) ;
#3483 = CARTESIAN_POINT ( 'NONE',  ( -0.9405033514875362766, 60.88950976871051779, 13.31509595516065581 ) ) ;
#3484 = CARTESIAN_POINT ( 'NONE',  ( -1.091391534300485189, -0.7781136303947422395, -23.95138700704698920 ) ) ;
#3485 = CARTESIAN_POINT ( 'NONE',  ( -19.81605235834037160, -0.4291061755529817501, -11.27630057523499296 ) ) ;
#3486 = LINE ( 'NONE', #3758, #82 ) ;
#3487 = DIRECTION ( 'NONE',  ( -1.000000000000000000, -6.938893903980741537E-15, -2.575717400585267549E-14 ) ) ;
#3488 = AXIS2_PLACEMENT_3D ( 'NONE', #2844, #1126, #2645 ) ;
#3489 = ADVANCED_FACE ( 'NONE', ( #70 ), #1932, .F. ) ;
#3490 = B_SPLINE_CURVE_WITH_KNOTS ( 'NONE', 3,
 ( #3557, #3613, #852, #2071, #2389, #909, #3327, #3578, #3273, #1831, #3026, #309, #1265, #2220, #963, #406, #43, #1286, #2477, #63, #1602, #943, #2202, #3400, #2182, #1624, #3380, #2501, #681, #2809, #2521, #703, #4, #1228, #2944, #538, #3836, #2962, #1460, #1155, #757, #3172, #315, #932, #2150, #3049, #1777, #2981 ),
 .UNSPECIFIED., .F., .F.,
 ( 4, 2, 2, 2, 2, 2, 2, 2, 2, 2, 2, 2, 2, 2, 2, 2, 2, 2, 2, 2, 2, 2, 2, 4 ),
 ( 0.000000000000000000, 0.002194948023793189158, 0.003292422035689783304, 0.004389896047586378316, 0.006584844071379565740, 0.007682318083276157283, 0.008779792095172747959, 0.01097474011896593798, 0.01316968814275912628, 0.01426716215465571869, 0.01536463616655231110, 0.01755958419034549245, 0.01975453221413867380, 0.02194948023793185515, 0.02304695424982844756, 0.02414442826172503997, 0.02524190227362162892, 0.02633937628551821786, 0.02853432430931139574, 0.02963179832120799162, 0.03072927233310458403, 0.03292422035689777232, 0.03402169436879437514, 0.03511916838069097102 ),
 .UNSPECIFIED. ) ;
#3491 = ORIENTED_EDGE ( 'NONE', *, *, #433, .F. ) ;
#3492 = AXIS2_PLACEMENT_3D ( 'NONE', #1271, #1889, #2467 ) ;
#3493 = ORIENTED_EDGE ( 'NONE', *, *, #2140, .F. ) ;
#3494 = AXIS2_PLACEMENT_3D ( 'NONE', #1530, #7, #2505 ) ;
#3495 = ORIENTED_EDGE ( 'NONE', *, *, #289, .T. ) ;
#3496 = AXIS2_PLACEMENT_3D ( 'NONE', #1290, #329, #2756 ) ;
#3497 = CARTESIAN_POINT ( 'NONE',  ( 20.22708932816896876, -4.876200133306703322, 11.17780920159911595 ) ) ;
#3498 = CARTESIAN_POINT ( 'NONE',  ( -7.264522816756960211, -2.720098938058817861, 26.42200289084010478 ) ) ;
#3499 = TOROIDAL_SURFACE ( 'NONE', #3618, 24.99999999999416644, 7.000000000000000000 ) ;
#3500 = DIRECTION ( 'NONE',  ( 6.938893903915479074E-15, -1.000000000000000000, 0.000000000000000000 ) ) ;
#3501 = FACE_OUTER_BOUND ( 'NONE', #1702, .T. ) ;
#3502 = FACE_OUTER_BOUND ( 'NONE', #3914, .T. ) ;
#3503 = CIRCLE ( 'NONE', #526, 11.49999999987816679 ) ;
#3504 = FACE_OUTER_BOUND ( 'NONE', #3224, .T. ) ;
#3505 = CARTESIAN_POINT ( 'NONE',  ( 4.808141262494722845, 0.3324605367648461596, -26.70472958111744077 ) ) ;
#3506 = AXIS2_PLACEMENT_3D ( 'NONE', #947, #2484, #2450 ) ;
#3507 = LINE ( 'NONE', #796, #375 ) ;
#3508 = CARTESIAN_POINT ( 'NONE',  ( -17.49999999976405718, -2.324529457808921507E-13, -7.918032764175908511E-05 ) ) ;
#3509 = ADVANCED_FACE ( 'NONE', ( #3407 ), #2817, .F. ) ;
#3510 = CARTESIAN_POINT ( 'NONE',  ( -19.67440428140971065, 0.01064712857384590879, -16.13079789031554867 ) ) ;
#3511 = EDGE_CURVE ( 'NONE', #3601, #1166, #1744, .T. ) ;
#3512 = ORIENTED_EDGE ( 'NONE', *, *, #2696, .F. ) ;
#3513 = CARTESIAN_POINT ( 'NONE',  ( 16.49096960132166600, -19.87829625780371856, -9.526160538737652672 ) ) ;
#3514 = FACE_OUTER_BOUND ( 'NONE', #133, .T. ) ;
#3515 = CARTESIAN_POINT ( 'NONE',  ( -12.54835926626611098, 0.6816560212262712248, 25.05308406564883228 ) ) ;
#3516 = DIRECTION ( 'NONE',  ( -1.000000000000000000, -6.932871450209627084E-15, 0.000000000000000000 ) ) ;
#3517 = ORIENTED_EDGE ( 'NONE', *, *, #2499, .F. ) ;
#3518 = CYLINDRICAL_SURFACE ( 'NONE', #444, 28.99999999999388933 ) ;
#3519 = DIRECTION ( 'NONE',  ( -6.938893903915479074E-15, 1.000000000000000000, -0.000000000000000000 ) ) ;
#3520 = CARTESIAN_POINT ( 'NONE',  ( -4.250000000000542677, 69.99999999999995737, 0.000000000000000000 ) ) ;
#3521 = CARTESIAN_POINT ( 'NONE',  ( 6.509431884805286117, -0.7050008232186952828, -21.98687782383679234 ) ) ;
#3522 = CARTESIAN_POINT ( 'NONE',  ( -19.15641353205121789, -4.983081974991524277, -11.38601037364371926 ) ) ;
#3523 = DIRECTION ( 'NONE',  ( 6.938893903915479074E-15, -1.000000000000000000, 0.000000000000000000 ) ) ;
#3524 = CARTESIAN_POINT ( 'NONE',  ( -7.354144295791542163, 1.715576967077611759, 28.66688236025336423 ) ) ;
#3525 = DIRECTION ( 'NONE',  ( -6.938893903915479863E-15, 1.000000000000000000, -0.000000000000000000 ) ) ;
#3526 = ORIENTED_EDGE ( 'NONE', *, *, #2979, .T. ) ;
#3527 = EDGE_CURVE ( 'NONE', #2019, #3391, #2316, .T. ) ;
#3528 = EDGE_LOOP ( 'NONE', ( #2256, #2691, #416, #2747 ) ) ;
#3529 = DIRECTION ( 'NONE',  ( 6.938893903915479074E-15, -1.000000000000000000, 0.000000000000000000 ) ) ;
#3530 = DIRECTION ( 'NONE',  ( 4.462356454084752897E-06, 3.096381799634658445E-20, -0.9999999999900436309 ) ) ;
#3531 = CARTESIAN_POINT ( 'NONE',  ( -9.419336375836028452, -3.831446820573552348, 24.10691791152167340 ) ) ;
#3532 = ORIENTED_EDGE ( 'NONE', *, *, #2157, .F. ) ;
#3533 = CARTESIAN_POINT ( 'NONE',  ( -4.330303476907104709E-13, 61.99999999992628119, 0.000000000000000000 ) ) ;
#3534 = CARTESIAN_POINT ( 'NONE',  ( 4.499921908722516406, -56.99999999999997158, 17.50001899085776103 ) ) ;
#3535 = FACE_OUTER_BOUND ( 'NONE', #2966, .T. ) ;
#3536 = CARTESIAN_POINT ( 'NONE',  ( -3.552538128432065623, -4.430933526191885186, -23.44056279511786300 ) ) ;
#3537 = CARTESIAN_POINT ( 'NONE',  ( -11.50007362871225602, -15.00000000000007994, 16.49992528174270845 ) ) ;
#3538 = CARTESIAN_POINT ( 'NONE',  ( 16.49992637095925119, -21.99999999999988276, 16.50007253950568398 ) ) ;
#3539 = CARTESIAN_POINT ( 'NONE',  ( -8.124168501069336301, -4.858110253250397470, -20.64325039012136997 ) ) ;
#3540 = CARTESIAN_POINT ( 'NONE',  ( -3.428247269404179399E-13, 49.00000000001399769, 0.000000000000000000 ) ) ;
#3541 = ORIENTED_EDGE ( 'NONE', *, *, #2043, .F. ) ;
#3542 = CIRCLE ( 'NONE', #1977, 11.50000000000000711 ) ;
#3543 = AXIS2_PLACEMENT_3D ( 'NONE', #502, #1711, #1468 ) ;
#3544 = ORIENTED_EDGE ( 'NONE', *, *, #1209, .T. ) ;
#3545 = DIRECTION ( 'NONE',  ( 4.462356454084752897E-06, 3.096381799634657843E-20, -0.9999999999900436309 ) ) ;
#3546 = EDGE_CURVE ( 'NONE', #1059, #486, #2442, .T. ) ;
#3547 = CIRCLE ( 'NONE', #2923, 1.999999999978995247 ) ;
#3548 = CARTESIAN_POINT ( 'NONE',  ( 21.99999999976574472, -14.99999999999984723, 7.700214825490103721E-05 ) ) ;
#3549 = DIRECTION ( 'NONE',  ( 4.462356453793780139E-06, 0.000000000000000000, -0.9999999999900437420 ) ) ;
#3550 = ORIENTED_EDGE ( 'NONE', *, *, #3840, .F. ) ;
#3551 = CARTESIAN_POINT ( 'NONE',  ( -17.49999999976390441, -22.00000000000012079, -7.918032764175908511E-05 ) ) ;
#3552 = EDGE_CURVE ( 'NONE', #3657, #2255, #3300, .T. ) ;
#3553 = CARTESIAN_POINT ( 'NONE',  ( 19.16704913480635497, -4.982611373047049597, 11.38465889840213308 ) ) ;
#3554 = AXIS2_PLACEMENT_3D ( 'NONE', #505, #2589, #2011 ) ;
#3555 = CARTESIAN_POINT ( 'NONE',  ( -0.7767256258112680278, 60.93507925476826870, 13.20090882512291586 ) ) ;
#3556 = CARTESIAN_POINT ( 'NONE',  ( -5.186149934228747149, -0.7523991404442054165, -22.78019362277127513 ) ) ;
#3557 = CARTESIAN_POINT ( 'NONE',  ( 11.46257761586170254, -5.000000000000032863, 18.42602490373785784 ) ) ;
#3558 = DIRECTION ( 'NONE',  ( -6.938893903915479074E-15, 1.000000000000000000, -0.000000000000000000 ) ) ;
#3559 = VECTOR ( 'NONE', #1506, 1000.000000000000227 ) ;
#3560 = DIRECTION ( 'NONE',  ( -4.462356453595526148E-06, 0.000000000000000000, 0.9999999999900436309 ) ) ;
#3561 = DIRECTION ( 'NONE',  ( -6.938893903915479074E-15, 1.000000000000000000, -0.000000000000000000 ) ) ;
#3562 = AXIS2_PLACEMENT_3D ( 'NONE', #2643, #3500, #522 ) ;
#3563 = CARTESIAN_POINT ( 'NONE',  ( -1.499999999986362020, 54.99999999999996447, 14.49999685643533276 ) ) ;
#3564 = VERTEX_POINT ( 'NONE', #3069 ) ;
#3565 = AXIS2_PLACEMENT_3D ( 'NONE', #125, #967, #2189 ) ;
#3566 = VERTEX_POINT ( 'NONE', #3031 ) ;
#3567 = CARTESIAN_POINT ( 'NONE',  ( 16.49997991923665808, -14.99999999999988454, 4.500072539625161738 ) ) ;
#3568 = VECTOR ( 'NONE', #2310, 1000.000000000000000 ) ;
#3569 = ORIENTED_EDGE ( 'NONE', *, *, #2942, .T. ) ;
#3570 = DIRECTION ( 'NONE',  ( -1.000000000000000000, -6.938893903908690137E-15, 0.000000000000000000 ) ) ;
#3571 = CARTESIAN_POINT ( 'NONE',  ( 25.17508434458655486, 0.7082100427799212783, 12.42667485591499776 ) ) ;
#3572 = ORIENTED_EDGE ( 'NONE', *, *, #3277, .F. ) ;
#3573 = DIRECTION ( 'NONE',  ( 1.000000000000000000, 6.938893903980740748E-15, -8.881784933645736483E-16 ) ) ;
#3574 = FACE_OUTER_BOUND ( 'NONE', #1198, .T. ) ;
#3575 = FACE_OUTER_BOUND ( 'NONE', #435, .T. ) ;
#3576 = EDGE_CURVE ( 'NONE', #1767, #1956, #472, .T. ) ;
#3577 = CARTESIAN_POINT ( 'NONE',  ( -27.60005571097164889, -1.995526135519873678, 5.543763798768764239 ) ) ;
#3578 = CARTESIAN_POINT ( 'NONE',  ( 9.990028564921662024, -4.161278889910835055, 23.24059262485730670 ) ) ;
#3579 = CARTESIAN_POINT ( 'NONE',  ( -4.885414989225456684E-13, 69.99999999999998579, 0.000000000000000000 ) ) ;
#3580 = ADVANCED_FACE ( 'NONE', ( #1270 ), #1557, .T. ) ;
#3581 = CARTESIAN_POINT ( 'NONE',  ( -21.64108946202441786, -0.6323029746226330738, 10.75467974758854872 ) ) ;
#3582 = DIRECTION ( 'NONE',  ( 1.000000000000000000, 6.938893903907229167E-15, 0.000000000000000000 ) ) ;
#3583 = ORIENTED_EDGE ( 'NONE', *, *, #3527, .F. ) ;
#3584 = ORIENTED_EDGE ( 'NONE', *, *, #3115, .F. ) ;
#3585 = SURFACE_STYLE_FILL_AREA ( #3897 ) ;
#3586 = VERTEX_POINT ( 'NONE', #2226 ) ;
#3587 = CARTESIAN_POINT ( 'NONE',  ( -16.00775927636928486, -15.24851877672227474, -11.50007252141027081 ) ) ;
#3588 = EDGE_LOOP ( 'NONE', ( #976, #562, #1741, #3572 ) ) ;
#3589 = CARTESIAN_POINT ( 'NONE',  ( 16.49992637095913395, -4.999999999999997335, 16.50007253950568398 ) ) ;
#3590 = PLANE ( 'NONE',  #2927 ) ;
#3591 = CARTESIAN_POINT ( 'NONE',  ( 5.577946057109156889E-05, -5.000000000000108358, -12.50000108904640506 ) ) ;
#3592 = DIRECTION ( 'NONE',  ( -6.938893903915479074E-15, 1.000000000000000000, 0.000000000000000000 ) ) ;
#3593 = ORIENTED_EDGE ( 'NONE', *, *, #1779, .T. ) ;
#3594 = CARTESIAN_POINT ( 'NONE',  ( 17.50007362876896622, 1.040885175810961316E-14, -16.49992299756563341 ) ) ;
#3595 = FACE_OUTER_BOUND ( 'NONE', #616, .T. ) ;
#3596 = CARTESIAN_POINT ( 'NONE',  ( 10.11143708316383538, -5.000000000000045297, -17.97813655023391988 ) ) ;
#3597 = EDGE_CURVE ( 'NONE', #1277, #2230, #1498, .T. ) ;
#3598 = CARTESIAN_POINT ( 'NONE',  ( -25.65776627051549141, 0.8184519283734283945, 11.91944388691156576 ) ) ;
#3599 = CARTESIAN_POINT ( 'NONE',  ( -11.15689067851167771, -57.00000000000007816, -15.28792966308349399 ) ) ;
#3600 = EDGE_CURVE ( 'NONE', #692, #1486, #3196, .T. ) ;
#3601 = VERTEX_POINT ( 'NONE', #3128 ) ;
#3602 = CARTESIAN_POINT ( 'NONE',  ( -16.50007362871235728, -2.255145627790561487E-13, 16.49992528174270845 ) ) ;
#3603 = EDGE_LOOP ( 'NONE', ( #2454, #2983, #540, #1143 ) ) ;
#3604 = VERTEX_POINT ( 'NONE', #1075 ) ;
#3605 = AXIS2_PLACEMENT_3D ( 'NONE', #1050, #2504, #3463 ) ;
#3606 = CARTESIAN_POINT ( 'NONE',  ( -2.594452553608517715E-14, 49.80373586954477361, 31.04363007151264142 ) ) ;
#3607 = TOROIDAL_SURFACE ( 'NONE', #1215, 4.250000000000039968, 1.999999999978995247 ) ;
#3608 = CARTESIAN_POINT ( 'NONE',  ( 12.61935296355085967, 0.03406652012156316522, -22.41033239732219329 ) ) ;
#3609 = CARTESIAN_POINT ( 'NONE',  ( 22.25420794883065057, -4.454569061495732285, -10.47727443365545774 ) ) ;
#3610 = DIRECTION ( 'NONE',  ( 4.462356454084752897E-06, 3.096381799634658445E-20, -0.9999999999900437420 ) ) ;
#3611 =( GEOMETRIC_REPRESENTATION_CONTEXT ( 3 ) GLOBAL_UNCERTAINTY_ASSIGNED_CONTEXT ( ( #1730 ) ) GLOBAL_UNIT_ASSIGNED_CONTEXT ( ( #1550, #2222, #3142 ) ) REPRESENTATION_CONTEXT ( 'NONE', 'WORKASPACE' ) );
#3612 = CARTESIAN_POINT ( 'NONE',  ( 11.03182413190602240, 0.09414772849378091890, -23.72248562861021526 ) ) ;
#3613 = CARTESIAN_POINT ( 'NONE',  ( 11.40250756411831290, -5.000000000000038192, 19.16959185141194055 ) ) ;
#3614 = PRESENTATION_STYLE_ASSIGNMENT (( #45 ) ) ;
#3615 = DIRECTION ( 'NONE',  ( 1.000000000000000000, 6.938893903915479074E-15, 0.000000000000000000 ) ) ;
#3616 = DIRECTION ( 'NONE',  ( 4.462356453793781833E-06, 0.000000000000000000, -0.9999999999900437420 ) ) ;
#3617 = CIRCLE ( 'NONE', #3246, 4.999999999999999112 ) ;
#3618 = AXIS2_PLACEMENT_3D ( 'NONE', #1060, #2020, #1363 ) ;
#3619 = FACE_OUTER_BOUND ( 'NONE', #1216, .T. ) ;
#3620 = ADVANCED_BREP_SHAPE_REPRESENTATION ( '', ( #1339, #1748 ), #1937 ) ;
#3621 = CARTESIAN_POINT ( 'NONE',  ( -19.89512127148080012, -4.918890301952913546, -11.25399722383933110 ) ) ;
#3622 = AXIS2_PLACEMENT_3D ( 'NONE', #1926, #387, #2745 ) ;
#3623 = ORIENTED_EDGE ( 'NONE', *, *, #2452, .F. ) ;
#3624 = DIRECTION ( 'NONE',  ( -4.462356454091161548E-06, 0.000000000000000000, 0.9999999999900436309 ) ) ;
#3625 = ORIENTED_EDGE ( 'NONE', *, *, #3669, .T. ) ;
#3626 = EDGE_CURVE ( 'NONE', #159, #197, #2064, .T. ) ;
#3627 = ORIENTED_EDGE ( 'NONE', *, *, #1495, .F. ) ;
#3628 = VECTOR ( 'NONE', #817, 1000.000000000000000 ) ;
#3629 = B_SPLINE_CURVE_WITH_KNOTS ( 'NONE', 3,
 ( #2539, #962, #680, #3399, #2808, #1024, #3443, #423, #727, #1581, #2201, #1285, #3667, #662, #2561, #2476, #85, #1941, #1345, #1306, #3709, #362 ),
 .UNSPECIFIED., .F., .F.,
 ( 4, 2, 2, 2, 2, 2, 2, 2, 2, 2, 4 ),
 ( 0.02164089932547201903, 0.02434803191071330947, 0.02570159820333395642, 0.02705516449595460338, 0.02976229708119589729, 0.03246942966643719120, 0.03382299595905784162, 0.03517656225167849204, 0.03788369483691977901, 0.04059082742216107986, 0.04329796000740238071 ),
 .UNSPECIFIED. ) ;
#3630 = AXIS2_PLACEMENT_3D ( 'NONE', #3816, #814, #2705 ) ;
#3631 = CARTESIAN_POINT ( 'NONE',  ( -11.46274206238746274, -1.916869440954371839E-13, 18.42592260278962968 ) ) ;
#3632 = DIRECTION ( 'NONE',  ( 6.938893903915479074E-15, -1.000000000000000000, 0.000000000000000000 ) ) ;
#3633 = CARTESIAN_POINT ( 'NONE',  ( 18.42602446299186525, 1.647987302177966740E-14, -11.46257882845793219 ) ) ;
#3634 = DIRECTION ( 'NONE',  ( -6.938893903915479074E-15, 1.000000000000000000, -0.000000000000000000 ) ) ;
#3635 = CARTESIAN_POINT ( 'NONE',  ( 6.931804791506938734, -0.6803017277758097725, -21.68293863684335676 ) ) ;
#3636 = CARTESIAN_POINT ( 'NONE',  ( 19.15641494927086796, -4.983081974990377638, 11.38600798930665015 ) ) ;
#3637 = CARTESIAN_POINT ( 'NONE',  ( 9.313553092185166804, 1.362099234080010879, 27.64291300670466711 ) ) ;
#3638 = CARTESIAN_POINT ( 'NONE',  ( -28.79283075570209149, 1.758947555370285576, 7.113705684861088230 ) ) ;
#3639 = DIRECTION ( 'NONE',  ( 1.000000000000000000, 6.938893903915479863E-15, 0.000000000000000000 ) ) ;
#3640 = PLANE ( 'NONE',  #3798 ) ;
#3641 =( BOUNDED_SURFACE ( )  B_SPLINE_SURFACE ( 3, 2, ( 
 ( #3670, #1004, #3419 ),
 ( #1943, #424, #1643 ),
 ( #704, #1921, #1962 ),
 ( #663, #3160, #2478 ),
 ( #44, #1144, #1710 ),
 ( #186, #3883, #1183 ),
 ( #1325, #1051, #2277 ),
 ( #3221, #3175, #718 ),
 ( #739, #2880, #2595 ),
 ( #1564, #908, #1628 ),
 ( #728, #2264, #1069 ),
 ( #2541, #987, #748 ),
 ( #3771, #383, #2204 ),
 ( #2866, #2827, #123 ) ),
 .UNSPECIFIED., .F., .F., .F. ) 
 B_SPLINE_SURFACE_WITH_KNOTS ( ( 4, 2, 2, 2, 2, 2, 4 ),
 ( 3, 3 ),
 ( 0.000000000000000000, 0.002510727333236294385, 0.003766090999854441578, 0.005021454666472588771, 0.007532181999708883156, 0.008787545666327030783, 0.01004290933294517754 ),
 ( 0.000000000000000000, 1.000000000000000000 ),
 .UNSPECIFIED. ) 
 GEOMETRIC_REPRESENTATION_ITEM ( )  RATIONAL_B_SPLINE_SURFACE ( (
 ( 1.000000000000000000, 0.7071067811865475727, 1.000000000000000000),
 ( 1.000000000000000000, 0.7161666830647999138, 1.000000000000000000),
 ( 1.000000000000000000, 0.7260972783601231662, 1.000000000000000000),
 ( 1.000000000000000000, 0.7405475299893320429, 1.000000000000000000),
 ( 1.000000000000000000, 0.7452936985703487727, 1.000000000000000000),
 ( 1.000000000000000000, 0.7543985178552917725, 1.000000000000000000),
 ( 1.000000000000000000, 0.7587234289458826275, 1.000000000000000000),
 ( 1.000000000000000000, 0.7705431204331539830, 1.000000000000000000),
 ( 1.000000000000000000, 0.7769665041025307639, 1.000000000000000000),
 ( 1.000000000000000000, 0.7836065615135689999, 1.000000000000000000),
 ( 1.000000000000000000, 0.7853166735060548298, 1.000000000000000000),
 ( 1.000000000000000000, 0.7875922977708151862, 1.000000000000000000),
 ( 1.000000000000000000, 0.7881701669371125041, 1.000000000000000000),
 ( 1.000000000000000000, 0.7881701093076097786, 1.000000000000000000) ) ) 
 REPRESENTATION_ITEM ( '' )  SURFACE ( )  );
#3642 = CARTESIAN_POINT ( 'NONE',  ( -6.754971699709832578, -4.712341226142115147, -21.82130753122338263 ) ) ;
#3643 = ORIENTED_EDGE ( 'NONE', *, *, #645, .F. ) ;
#3644 = ORIENTED_EDGE ( 'NONE', *, *, #3909, .F. ) ;
#3645 = EDGE_CURVE ( 'NONE', #393, #692, #2254, .T. ) ;
#3646 = LINE ( 'NONE', #342, #588 ) ;
#3647 = CARTESIAN_POINT ( 'NONE',  ( -3.458839428782050529, 0.3657973090308773156, -27.02213481412970353 ) ) ;
#3648 = CARTESIAN_POINT ( 'NONE',  ( 20.40055602535612778, -0.5298045432842828362, -11.14448580295395885 ) ) ;
#3649 = ADVANCED_FACE ( 'NONE', ( #1716 ), #475, .T. ) ;
#3650 = CARTESIAN_POINT ( 'NONE',  ( 11.46257761586166524, -3.295974604355933479E-14, 18.42602490373785784 ) ) ;
#3651 = CARTESIAN_POINT ( 'NONE',  ( 10.11143708316383716, -5.000000000000046185, -17.97813655023391988 ) ) ;
#3652 = FACE_OUTER_BOUND ( 'NONE', #3823, .T. ) ;
#3653 = CARTESIAN_POINT ( 'NONE',  ( 3.561696579093805326, 2.209708216302189943, 29.89642764393763485 ) ) ;
#3654 = CARTESIAN_POINT ( 'NONE',  ( -26.00876041371287428, -0.1092744009681587830, -7.772991077980718977 ) ) ;
#3655 = DIRECTION ( 'NONE',  ( -6.938893903915479074E-15, 1.000000000000000000, -0.000000000000000000 ) ) ;
#3656 = CARTESIAN_POINT ( 'NONE',  ( -2.818925648461510440E-15, -1.110223024625156540E-13, 0.000000000000000000 ) ) ;
#3657 = VERTEX_POINT ( 'NONE', #92 ) ;
#3658 = ORIENTED_EDGE ( 'NONE', *, *, #670, .F. ) ;
#3659 = VERTEX_POINT ( 'NONE', #3735 ) ;
#3660 = SHAPE_REPRESENTATION ( 'Zima2-B', ( #283, #3262, #1424 ), #717 ) ;
#3661 = LINE ( 'NONE', #1914, #2176 ) ;
#3662 = EDGE_CURVE ( 'NONE', #779, #920, #450, .T. ) ;
#3663 = CARTESIAN_POINT ( 'NONE',  ( 9.269149635205659266, 0.1694430308630678339, -24.86246494370589133 ) ) ;
#3664 = CARTESIAN_POINT ( 'NONE',  ( 28.33666222020534775, 0.6621418526959763629, -3.883628425750022206 ) ) ;
#3665 = AXIS2_PLACEMENT_3D ( 'NONE', #3551, #826, #2362 ) ;
#3666 = CARTESIAN_POINT ( 'NONE',  ( -0.9057411349871399286, 2.362015626938042789, 30.23304675100142447 ) ) ;
#3667 = CARTESIAN_POINT ( 'NONE',  ( -26.63334712528402193, 1.067939107557682066, 10.75294541088443268 ) ) ;
#3668 = AXIS2_PLACEMENT_3D ( 'NONE', #1122, #973, #3408 ) ;
#3669 = EDGE_CURVE ( 'NONE', #2253, #1359, #279, .T. ) ;
#3670 = CARTESIAN_POINT ( 'NONE',  ( -11.49994422042480124, -23.94427190981766174, -12.50005240614563284 ) ) ;
#3671 =( NAMED_UNIT ( * ) PLANE_ANGLE_UNIT ( ) SI_UNIT ( $, .RADIAN. ) );
#3672 = CARTESIAN_POINT ( 'NONE',  ( -11.49994422042456854, -57.00000000000007816, -12.50005240614562929 ) ) ;
#3673 = FACE_OUTER_BOUND ( 'NONE', #1760, .T. ) ;
#3674 = DIRECTION ( 'NONE',  ( -4.462356454091161548E-06, 0.000000000000000000, 0.9999999999900436309 ) ) ;
#3675 = CARTESIAN_POINT ( 'NONE',  ( -28.77505767792134606, 1.755679475602578643, -7.111612506930231170 ) ) ;
#3676 = CARTESIAN_POINT ( 'NONE',  ( -11.50007809123269453, -57.00000000000008527, 17.49999891025371568 ) ) ;
#3677 = AXIS2_PLACEMENT_3D ( 'NONE', #3812, #2126, #3024 ) ;
#3678 = CARTESIAN_POINT ( 'NONE',  ( 16.44634096677242496, 3.097112613536971735E-15, 18.82864490090487664 ) ) ;
#3679 = CIRCLE ( 'NONE', #2565, 7.000000000000000000 ) ;
#3680 = EDGE_LOOP ( 'NONE', ( #3034, #1721, #2008, #3801 ) ) ;
#3681 = EDGE_LOOP ( 'NONE', ( #2675, #3625, #2376, #95 ) ) ;
#3682 = ORIENTED_EDGE ( 'NONE', *, *, #11, .T. ) ;
#3683 = AXIS2_PLACEMENT_3D ( 'NONE', #843, #1370, #2906 ) ;
#3684 = ORIENTED_EDGE ( 'NONE', *, *, #1701, .T. ) ;
#3685 = CARTESIAN_POINT ( 'NONE',  ( -2.818925648461510440E-15, -1.110223024625156540E-13, 0.000000000000000000 ) ) ;
#3686 = AXIS2_PLACEMENT_3D ( 'NONE', #2961, #2093, #3911 ) ;
#3687 = DIRECTION ( 'NONE',  ( 6.938893903915479074E-15, -1.000000000000000000, 0.000000000000000000 ) ) ;
#3688 = CARTESIAN_POINT ( 'NONE',  ( 26.85906446667115688, -2.468607393555771967, -6.720376857406296978 ) ) ;
#3689 = PRESENTATION_LAYER_ASSIGNMENT (  '', '', ( #19 ) ) ;
#3690 = CARTESIAN_POINT ( 'NONE',  ( 1.450060028296399128, -0.9956908714082762790, 28.93131223443928945 ) ) ;
#3691 = PRODUCT_DEFINITION_SHAPE ( 'NONE', 'NONE',  #3922 ) ;
#3692 = CARTESIAN_POINT ( 'NONE',  ( 11.49997991928649377, -21.99999999999991829, 4.500050227842891992 ) ) ;
#3693 = CYLINDRICAL_SURFACE ( 'NONE', #3170, 4.999999999999999112 ) ;
#3694 = CARTESIAN_POINT ( 'NONE',  ( 6.125621845185732717, 1.912533149943622446, 29.18759056380325134 ) ) ;
#3695 = UNCERTAINTY_MEASURE_WITH_UNIT (LENGTH_MEASURE( 1.000000000000000082E-05 ), #2965, 'distance_accuracy_value', 'NONE');
#3696 = EDGE_CURVE ( 'NONE', #1014, #2835, #3450, .T. ) ;
#3697 = DIRECTION ( 'NONE',  ( -3.326044119792275294E-06, -0.6666666666835832089, 0.7453559924773783818 ) ) ;
#3698 = CARTESIAN_POINT ( 'NONE',  ( -28.06850953180822117, -1.662758429423120798, -4.548121590472812059 ) ) ;
#3699 = CARTESIAN_POINT ( 'NONE',  ( -17.50002008036799594, -15.00000000000012079, 4.499920819505719649 ) ) ;
#3700 = DIRECTION ( 'NONE',  ( 0.9999999999900436309, 6.938893903846393791E-15, 4.462356453843343425E-06 ) ) ;
#3701 = EDGE_CURVE ( 'NONE', #2982, #1767, #2575, .T. ) ;
#3702 = ORIENTED_EDGE ( 'NONE', *, *, #2313, .T. ) ;
#3703 = EDGE_LOOP ( 'NONE', ( #3854, #951, #2726, #950 ) ) ;
#3704 = VERTEX_POINT ( 'NONE', #1697 ) ;
#3705 = CARTESIAN_POINT ( 'NONE',  ( -17.50005131686324233, -5.000000000000233591, 11.49992081943603672 ) ) ;
#3706 = CARTESIAN_POINT ( 'NONE',  ( 1.490972671983979758, 60.37356865438096776, 14.68977624185457209 ) ) ;
#3707 = CARTESIAN_POINT ( 'NONE',  ( 26.49282128855323037, 0.02184971449673201935, 7.203646942709768020 ) ) ;
#3708 = CARTESIAN_POINT ( 'NONE',  ( 4.245952605374016642, 0.6066047505700135067, 28.20063166492370854 ) ) ;
#3709 = CARTESIAN_POINT ( 'NONE',  ( -19.68085398147994169, -3.695855094163813218E-13, 16.14856500856706134 ) ) ;
#3710 = DIRECTION ( 'NONE',  ( -0.7071067811865493491, 0.000000000000000000, -0.7071067811865456854 ) ) ;
#3711 = CARTESIAN_POINT ( 'NONE',  ( 20.93351457211675992, -4.761144514626681534, -10.98135711353998190 ) ) ;
#3712 = DIRECTION ( 'NONE',  ( -4.462356454084752897E-06, 2.467727823503774606E-31, 0.9999999999900437420 ) ) ;
#3713 = DIRECTION ( 'NONE',  ( 0.9999999999900436309, 6.938893903846393791E-15, 4.462356453843343425E-06 ) ) ;
#3714 = CARTESIAN_POINT ( 'NONE',  ( -24.94904946741280583, -0.3531920063060303705, -8.822684757780043796 ) ) ;
#3715 = DIRECTION ( 'NONE',  ( -1.000000000000000000, -6.938893903907226800E-15, 0.000000000000000000 ) ) ;
#3716 = ADVANCED_FACE ( 'NONE', ( #774 ), #791, .F. ) ;
#3717 = DIRECTION ( 'NONE',  ( 6.938893903915479074E-15, -1.000000000000000000, 0.000000000000000000 ) ) ;
#3718 = ORIENTED_EDGE ( 'NONE', *, *, #675, .F. ) ;
#3719 = ORIENTED_EDGE ( 'NONE', *, *, #781, .T. ) ;
#3720 = VERTEX_POINT ( 'NONE', #1034 ) ;
#3721 = EDGE_CURVE ( 'NONE', #495, #3837, #3486, .T. ) ;
#3722 = DIRECTION ( 'NONE',  ( -0.9999999999900437420, 0.000000000000000000, -4.462356454487671223E-06 ) ) ;
#3723 = CARTESIAN_POINT ( 'NONE',  ( 0.4066307560984900871, 59.93810296200727095, 15.95756172197742728 ) ) ;
#3724 = CARTESIAN_POINT ( 'NONE',  ( 28.06851009800528018, -1.662758429321654852, 4.548118096880272354 ) ) ;
#3725 = CARTESIAN_POINT ( 'NONE',  ( 9.248145541857793361, -0.4453591318972642821, 24.38422940394400484 ) ) ;
#3726 = CARTESIAN_POINT ( 'NONE',  ( -28.63174804995396983, -1.237169514156363670, 2.909101378094193446 ) ) ;
#3727 = CARTESIAN_POINT ( 'NONE',  ( 8.972179369019706030, -4.941719313049500073, -19.71239724896560119 ) ) ;
#3728 = PRODUCT_CONTEXT ( 'NONE', #274, 'mechanical' ) ;
#3729 = CARTESIAN_POINT ( 'NONE',  ( 4.500055779416131330, -56.99999999999997158, -12.49998100844236149 ) ) ;
#3730 = CARTESIAN_POINT ( 'NONE',  ( 28.62525512573173714, -1.242293473303460294, -2.933735131858747458 ) ) ;
#3731 = LINE ( 'NONE', #349, #1173 ) ;
#3732 = AXIS2_PLACEMENT_3D ( 'NONE', #2649, #3561, #2668 ) ;
#3733 = CARTESIAN_POINT ( 'NONE',  ( -9.135124786509871697, -0.4027916135754072147, -19.56060811411306233 ) ) ;
#3734 = CARTESIAN_POINT ( 'NONE',  ( -28.57319985354175884, 0.7615169028565258458, 3.139968783194104329 ) ) ;
#3735 = CARTESIAN_POINT ( 'NONE',  ( 16.00786191057767027, -14.99999999999988809, -11.49992965629644104 ) ) ;
#3736 = CARTESIAN_POINT ( 'NONE',  ( -17.49997991915986617, -22.00000000000012079, -4.500079180161004722 ) ) ;
#3737 = VECTOR ( 'NONE', #3129, 1000.000000000000227 ) ;
#3738 = ORIENTED_EDGE ( 'NONE', *, *, #1993, .T. ) ;
#3739 = ORIENTED_EDGE ( 'NONE', *, *, #3008, .T. ) ;
#3740 = VERTEX_POINT ( 'NONE', #2610 ) ;
#3741 = AXIS2_PLACEMENT_3D ( 'NONE', #239, #3919, #2438 ) ;
#3742 = EDGE_CURVE ( 'NONE', #761, #917, #857, .T. ) ;
#3743 = ORIENTED_EDGE ( 'NONE', *, *, #2583, .T. ) ;
#3744 = DIRECTION ( 'NONE',  ( 4.462356453793780139E-06, 0.000000000000000000, -0.9999999999900437420 ) ) ;
#3745 = CIRCLE ( 'NONE', #3866, 4.999999999999999112 ) ;
#3746 = CARTESIAN_POINT ( 'NONE',  ( -1.310882578166145285, 60.18195057171853080, 15.23551260066803259 ) ) ;
#3747 = CARTESIAN_POINT ( 'NONE',  ( 23.20758178027346474, -4.162152449686294275, 9.990084337416204718 ) ) ;
#3748 = AXIS2_PLACEMENT_3D ( 'NONE', #183, #2620, #3843 ) ;
#3749 = EDGE_CURVE ( 'NONE', #2778, #1014, #2128, .T. ) ;
#3750 = CARTESIAN_POINT ( 'NONE',  ( -2.296193891498193640, 2.304293873451252139, 30.10762062218039148 ) ) ;
#3751 = PLANE ( 'NONE',  #1681 ) ;
#3752 = AXIS2_PLACEMENT_3D ( 'NONE', #892, #2032, #3853 ) ;
#3753 = FACE_OUTER_BOUND ( 'NONE', #1507, .T. ) ;
#3754 = DIRECTION ( 'NONE',  ( -6.938893903915479863E-15, 1.000000000000000000, -0.000000000000000000 ) ) ;
#3755 = AXIS2_PLACEMENT_3D ( 'NONE', #389, #1836, #314 ) ;
#3756 = FACE_OUTER_BOUND ( 'NONE', #94, .T. ) ;
#3757 = FACE_OUTER_BOUND ( 'NONE', #3603, .T. ) ;
#3758 = CARTESIAN_POINT ( 'NONE',  ( 16.49994868274147208, -14.99999999999988098, 11.50007253955546638 ) ) ;
#3759 = CARTESIAN_POINT ( 'NONE',  ( -20.89527927334195567, 0.07692158604292656521, -15.56626088157119625 ) ) ;
#3760 = ORIENTED_EDGE ( 'NONE', *, *, #433, .T. ) ;
#3761 = ORIENTED_EDGE ( 'NONE', *, *, #3003, .T. ) ;
#3762 = ORIENTED_EDGE ( 'NONE', *, *, #2627, .T. ) ;
#3763 = CARTESIAN_POINT ( 'NONE',  ( 11.15702711863495544, -15.84926673249406548, -15.28783008969245394 ) ) ;
#3764 = ORIENTED_EDGE ( 'NONE', *, *, #1875, .T. ) ;
#3765 = CARTESIAN_POINT ( 'NONE',  ( -1.499999999986399324, 60.37338374275969954, 14.68935584605283573 ) ) ;
#3766 = EDGE_CURVE ( 'NONE', #2945, #3659, #3210, .T. ) ;
#3767 = CARTESIAN_POINT ( 'NONE',  ( 28.66158742336035203, -1.214103196129302731, 2.862129088466095261 ) ) ;
#3768 = CARTESIAN_POINT ( 'NONE',  ( -9.842503770075188285, 1.255262932524781272, 27.28413742157124133 ) ) ;
#3769 = DIRECTION ( 'NONE',  ( -4.462356454084752897E-06, 0.000000000000000000, 0.9999999999900436309 ) ) ;
#3770 = ORIENTED_EDGE ( 'NONE', *, *, #160, .T. ) ;
#3771 = CARTESIAN_POINT ( 'NONE',  ( -11.15689067855919703, -15.42461448603988750, -15.28792966289448785 ) ) ;
#3772 = EDGE_CURVE ( 'NONE', #3720, #2293, #402, .T. ) ;
#3773 = CARTESIAN_POINT ( 'NONE',  ( -1.499999999986400212, 60.51084092939105830, 14.30967993073701727 ) ) ;
#3774 = CARTESIAN_POINT ( 'NONE',  ( -10.19049381483241845, 0.1300319250605324606, -24.29608359005069573 ) ) ;
#3775 = CARTESIAN_POINT ( 'NONE',  ( -19.64433533183770564, 0.009868847671014169612, -16.14279180404532710 ) ) ;
#3776 = DIRECTION ( 'NONE',  ( -6.938893903915479074E-15, 1.000000000000000000, -0.000000000000000000 ) ) ;
#3777 = DIRECTION ( 'NONE',  ( -1.000000000000000000, -6.932871450209627084E-15, 0.000000000000000000 ) ) ;
#3778 = VERTEX_POINT ( 'NONE', #2957 ) ;
#3779 = EDGE_LOOP ( 'NONE', ( #2776, #546, #1333, #2946 ) ) ;
#3780 = VERTEX_POINT ( 'NONE', #1193 ) ;
#3781 = CARTESIAN_POINT ( 'NONE',  ( 16.43795240765463461, -19.31994313815272690, -10.01341221978122853 ) ) ;
#3782 = CARTESIAN_POINT ( 'NONE',  ( -28.92655604667330493, -0.9996608733443168582, -1.487721934691036862 ) ) ;
#3783 = CARTESIAN_POINT ( 'NONE',  ( 23.74175203379285293, 0.4282632503266073365, 13.71805332640624542 ) ) ;
#3784 = CARTESIAN_POINT ( 'NONE',  ( -8.822682862500652590, -0.3531922426321861819, 24.94904931994638986 ) ) ;
#3785 = EDGE_CURVE ( 'NONE', #1615, #996, #979, .T. ) ;
#3786 = CARTESIAN_POINT ( 'NONE',  ( 22.80668939478005797, 0.2770495065828697534, 14.43916735892101677 ) ) ;
#3787 = EDGE_LOOP ( 'NONE', ( #736, #2088, #1463, #2551 ) ) ;
#3788 = DIRECTION ( 'NONE',  ( 1.000000000000000000, 0.000000000000000000, 0.000000000000000000 ) ) ;
#3789 = CYLINDRICAL_SURFACE ( 'NONE', #3665, 11.49999999987816679 ) ;
#3790 = CARTESIAN_POINT ( 'NONE',  ( -11.15689067851203831, -5.000000000000198952, -15.28792966308349399 ) ) ;
#3791 = CARTESIAN_POINT ( 'NONE',  ( 1.500000000013600232, 60.44193893134503526, 14.49999685643533098 ) ) ;
#3792 = EDGE_CURVE ( 'NONE', #996, #1615, #1501, .T. ) ;
#3793 = CARTESIAN_POINT ( 'NONE',  ( -4.826198806059646351, 0.3319554431013079232, -26.69986629423371127 ) ) ;
#3794 = DIRECTION ( 'NONE',  ( 6.938893903915479074E-15, -1.000000000000000000, 0.000000000000000000 ) ) ;
#3795 = CARTESIAN_POINT ( 'NONE',  ( -18.42592216200435473, -5.000000000000239808, -11.46274327497291701 ) ) ;
#3796 = TOROIDAL_SURFACE ( 'NONE', #2422, 16.50000000000000355, 5.000000000000000000 ) ;
#3797 = EDGE_CURVE ( 'NONE', #3778, #1999, #3320, .T. ) ;
#3798 = AXIS2_PLACEMENT_3D ( 'NONE', #3051, #1837, #1235 ) ;
#3799 = VERTEX_POINT ( 'NONE', #1455 ) ;
#3800 = AXIS2_PLACEMENT_3D ( 'NONE', #509, #2031, #1439 ) ;
#3801 = ORIENTED_EDGE ( 'NONE', *, *, #3785, .F. ) ;
#3802 = CARTESIAN_POINT ( 'NONE',  ( 12.02596750775065537, -17.91655924302108005, -10.87570404099012222 ) ) ;
#3803 = CIRCLE ( 'NONE', #712, 4.999999999999999112 ) ;
#3804 = DIRECTION ( 'NONE',  ( 0.000000000000000000, -0.000000000000000000, -1.000000000000000000 ) ) ;
#3805 = CARTESIAN_POINT ( 'NONE',  ( -8.705516340105113215, 1.476236807380798988, 27.98176534405523341 ) ) ;
#3806 = MECHANICAL_DESIGN_GEOMETRIC_PRESENTATION_REPRESENTATION (  '', ( #1605 ), #3314 ) ;
#3807 = CARTESIAN_POINT ( 'NONE',  ( -5.139118297586985331E-14, 6.999999999999888090, 0.000000000000000000 ) ) ;
#3808 = ORIENTED_EDGE ( 'NONE', *, *, #2718, .T. ) ;
#3809 = CARTESIAN_POINT ( 'NONE',  ( -17.50002008036794621, -22.00000000000012079, 4.499920819505721425 ) ) ;
#3810 = CARTESIAN_POINT ( 'NONE',  ( -16.49999999983070964, -22.00000000000011369, -7.471797118769670659E-05 ) ) ;
#3811 = CIRCLE ( 'NONE', #910, 28.99999999999388933 ) ;
#3812 = CARTESIAN_POINT ( 'NONE',  ( -18.82849701515658580, -5.000000000000242473, -16.44651027269757648 ) ) ;
#3813 = CARTESIAN_POINT ( 'NONE',  ( 8.365699440173546719, 0.2073515161889810110, -25.34934423164895279 ) ) ;
#3814 = AXIS2_PLACEMENT_3D ( 'NONE', #1873, #913, #2774 ) ;
#3815 = CARTESIAN_POINT ( 'NONE',  ( -19.87487002808211756, -4.921051454511450984, -11.25810419706430920 ) ) ;
#3816 = CARTESIAN_POINT ( 'NONE',  ( -16.49994422037502062, -23.94427190981769016, -12.50007471792790525 ) ) ;
#3817 = CARTESIAN_POINT ( 'NONE',  ( -5.699196163400531923, 1.967003162440259301, 29.32019123982168907 ) ) ;
#3818 = ADVANCED_FACE ( 'NONE', ( #2368 ), #2506, .T. ) ;
#3819 = CARTESIAN_POINT ( 'NONE',  ( -4.997671806890328305, -4.540137102600950492, -22.87012724919102169 ) ) ;
#3820 = AXIS2_PLACEMENT_3D ( 'NONE', #2545, #492, #2874 ) ;
#3821 = VERTEX_POINT ( 'NONE', #1792 ) ;
#3822 = EDGE_CURVE ( 'NONE', #2017, #1999, #1115, .T. ) ;
#3823 = EDGE_LOOP ( 'NONE', ( #2613, #758, #1877, #1067, #2644, #36, #3869, #1954 ) ) ;
#3824 = CARTESIAN_POINT ( 'NONE',  ( 11.50004090482467056, -20.21749194739350841, -9.166616438562449787 ) ) ;
#3825 = CARTESIAN_POINT ( 'NONE',  ( 16.49992637095909842, 3.468936047874932416E-15, 16.50007253950568398 ) ) ;
#3826 = CARTESIAN_POINT ( 'NONE',  ( -11.17781029531129100, -4.876200167431381516, 20.22708821694765646 ) ) ;
#3827 = LINE ( 'NONE', #2864, #1229 ) ;
#3828 = ORIENTED_EDGE ( 'NONE', *, *, #1412, .F. ) ;
#3829 = DIRECTION ( 'NONE',  ( -1.000000000000000000, -6.938893903908690137E-15, 0.000000000000000000 ) ) ;
#3830 = DIRECTION ( 'NONE',  ( -6.938893903915479074E-15, 1.000000000000000000, -0.000000000000000000 ) ) ;
#3831 = CARTESIAN_POINT ( 'NONE',  ( -4.205906394542991755, -0.7670693397192989149, -23.20806865437134192 ) ) ;
#3832 = DIRECTION ( 'NONE',  ( -1.000000000000000000, -6.938893903908690137E-15, 0.000000000000000000 ) ) ;
#3833 = CARTESIAN_POINT ( 'NONE',  ( -0.5275636467115282224, -4.315722858680043572, -23.99080646730736177 ) ) ;
#3834 = EDGE_CURVE ( 'NONE', #1857, #779, #3124, .T. ) ;
#3835 = FACE_OUTER_BOUND ( 'NONE', #1300, .T. ) ;
#3836 = CARTESIAN_POINT ( 'NONE',  ( -8.763518701637249109, -3.466772963131472096, 24.97907874164796382 ) ) ;
#3837 = VERTEX_POINT ( 'NONE', #2331 ) ;
#3838 = VERTEX_POINT ( 'NONE', #2975 ) ;
#3839 = DIRECTION ( 'NONE',  ( 1.000000000000000000, 6.938893903915479074E-15, 0.000000000000000000 ) ) ;
#3840 = EDGE_CURVE ( 'NONE', #3857, #3720, #1131, .T. ) ;
#3841 = DIRECTION ( 'NONE',  ( -4.462356454316048796E-06, -3.096381799795151604E-20, 0.9999999999900436309 ) ) ;
#3842 = CARTESIAN_POINT ( 'NONE',  ( -16.30373953496660633, -2.253907514001830628E-13, 19.23710475893627603 ) ) ;
#3843 = DIRECTION ( 'NONE',  ( 4.462356453793781833E-06, 0.000000000000000000, -0.9999999999900437420 ) ) ;
#3844 = CYLINDRICAL_SURFACE ( 'NONE', #3543, 11.49999999987816501 ) ;
#3845 = CARTESIAN_POINT ( 'NONE',  ( -17.49994868266472992, -15.00000000000012079, -11.50007918009129781 ) ) ;
#3846 = DIRECTION ( 'NONE',  ( -1.000000000000000000, -6.938893903907229167E-15, 0.000000000000000000 ) ) ;
#3847 = CARTESIAN_POINT ( 'NONE',  ( -2.680560155421285451, -0.7768160594587648626, -23.69647665908877698 ) ) ;
#3848 = VERTEX_POINT ( 'NONE', #3537 ) ;
#3849 = DIRECTION ( 'NONE',  ( 0.9999999999900437420, 6.938893903846393791E-15, 4.462356454316048796E-06 ) ) ;
#3850 = PLANE ( 'NONE',  #2170 ) ;
#3851 = CARTESIAN_POINT ( 'NONE',  ( -10.11127663305373936, -5.000000000000185629, -17.97822679119099831 ) ) ;
#3852 = CARTESIAN_POINT ( 'NONE',  ( -28.44072735995708356, -1.385568883868450785, 3.560622044834548916 ) ) ;
#3853 = DIRECTION ( 'NONE',  ( -1.000000000000000000, -6.938893903907226800E-15, 0.000000000000000000 ) ) ;
#3854 = ORIENTED_EDGE ( 'NONE', *, *, #3721, .F. ) ;
#3855 = EDGE_LOOP ( 'NONE', ( #1388, #241, #861, #1118 ) ) ;
#3856 = CIRCLE ( 'NONE', #1593, 31.99999999999416644 ) ;
#3857 = VERTEX_POINT ( 'NONE', #3594 ) ;
#3858 = AXIS2_PLACEMENT_3D ( 'NONE', #593, #1583, #2721 ) ;
#3859 = ADVANCED_FACE ( 'NONE', ( #2914, #270 ), #886, .F. ) ;
#3860 = LINE ( 'NONE', #864, #2120 ) ;
#3861 = CARTESIAN_POINT ( 'NONE',  ( 28.08647704099310971, 1.508787521222290096, 8.551051849246729120 ) ) ;
#3862 = VECTOR ( 'NONE', #2045, 1000.000000000000000 ) ;
#3863 = EDGE_LOOP ( 'NONE', ( #3898, #1206, #3719, #825 ) ) ;
#3864 = LINE ( 'NONE', #1389, #2920 ) ;
#3865 = CARTESIAN_POINT ( 'NONE',  ( -16.00773696458712081, -2.220982909016834134E-13, -16.50007252136049019 ) ) ;
#3866 = AXIS2_PLACEMENT_3D ( 'NONE', #2215, #1541, #3413 ) ;
#3867 = DIRECTION ( 'NONE',  ( -0.000000000000000000, -1.000000000000000000, -0.000000000000000000 ) ) ;
#3868 = CARTESIAN_POINT ( 'NONE',  ( 14.50768982390435369, -1.040834085586084257E-14, -20.35993457683718688 ) ) ;
#3869 = ORIENTED_EDGE ( 'NONE', *, *, #1258, .T. ) ;
#3870 = DIRECTION ( 'NONE',  ( -6.938893903915479074E-15, 1.000000000000000000, -0.000000000000000000 ) ) ;
#3871 = B_SPLINE_CURVE_WITH_KNOTS ( 'NONE', 3,
 ( #3310, #855, #3275, #832, #1819, #2706, #552, #2090, #3013, #1116, #1793, #1773, #2997, #296, #2632, #3524, #2976, #2048, #3817, #3252, #272, #1756, #2958, #643, #2480, #3044, #1834, #3067, #3653, #1267, #66, #3694, #1251, #684, #3637, #2771, #2757, #348, #3382, #330, #3908, #1849, #1568, #1903, #3029, #3330 ),
 .UNSPECIFIED., .F., .F.,
 ( 4, 2, 2, 2, 2, 2, 2, 2, 2, 2, 2, 2, 2, 2, 2, 2, 2, 2, 2, 2, 2, 2, 4 ),
 ( 7.026172600020723540E-17, 0.001353061208701260070, 0.002706122417402449885, 0.005412244834804839921, 0.006765306043506034289, 0.008118367252207228657, 0.01082448966960962954, 0.01353061208701202695, 0.01488367329571323172, 0.01623673450441443303, 0.01894285692181684258, 0.02029591813051804736, 0.02164897933921925213, 0.02435510175662166168, 0.02570816296532286646, 0.02706122417402406777, 0.02976734659142647732, 0.03247346900882888687, 0.03382653021753009165, 0.03517959142623129642, 0.03788571384363371986, 0.04059183626103613635, 0.04329795867843855978 ),
 .UNSPECIFIED. ) ;
#3872 = CIRCLE ( 'NONE', #1357, 16.50000000000000711 ) ;
#3873 = DIRECTION ( 'NONE',  ( -6.938893903915479074E-15, 1.000000000000000000, -0.000000000000000000 ) ) ;
#3874 = CARTESIAN_POINT ( 'NONE',  ( 6.311748866469166330, -4.666514244128856070, -22.11660721913506933 ) ) ;
#3875 = CIRCLE ( 'NONE', #1742, 5.000000000000002665 ) ;
#3876 = DIRECTION ( 'NONE',  ( -1.000000000000000000, -6.938893903907229167E-15, 0.000000000000000000 ) ) ;
#3877 = ORIENTED_EDGE ( 'NONE', *, *, #1701, .F. ) ;
#3878 = CIRCLE ( 'NONE', #2188, 7.000000000000002665 ) ;
#3879 = ORIENTED_EDGE ( 'NONE', *, *, #2334, .T. ) ;
#3880 = LINE ( 'NONE', #2116, #73 ) ;
#3881 = AXIS2_PLACEMENT_3D ( 'NONE', #3508, #129, #2249 ) ;
#3882 = ORIENTED_EDGE ( 'NONE', *, *, #1870, .T. ) ;
#3883 = CARTESIAN_POINT ( 'NONE',  ( -11.95871106069480838, -18.59274874778764541, -10.52138905579161765 ) ) ;
#3884 = DIRECTION ( 'NONE',  ( -0.9999999999900437420, 0.000000000000000000, -4.462356454314198876E-06 ) ) ;
#3885 = ADVANCED_FACE ( 'NONE', ( #2030 ), #2445, .F. ) ;
#3886 = VERTEX_POINT ( 'NONE', #871 ) ;
#3887 = DIRECTION ( 'NONE',  ( -1.000000000000000000, -6.938893903915479074E-15, 0.000000000000000000 ) ) ;
#3888 = LINE ( 'NONE', #1188, #2685 ) ;
#3889 = CARTESIAN_POINT ( 'NONE',  ( 15.81179577584698670, 0.03850335782482831176, 20.43482586023404224 ) ) ;
#3890 = CARTESIAN_POINT ( 'NONE',  ( 9.895489608094129252, -0.1209919586464508756, -18.37672605008853921 ) ) ;
#3891 = EDGE_LOOP ( 'NONE', ( #1473, #3644, #1656, #819 ) ) ;
#3892 = EDGE_CURVE ( 'NONE', #539, #759, #2089, .T. ) ;
#3893 = DIRECTION ( 'NONE',  ( -1.000000000000000000, -6.938893903915479074E-15, 0.000000000000000000 ) ) ;
#3894 = DIRECTION ( 'NONE',  ( 1.000000000000000000, 6.938893903907226800E-15, 0.000000000000000000 ) ) ;
#3895 = CARTESIAN_POINT ( 'NONE',  ( -26.85906530304743711, -2.468607393628136748, 6.720373514296621664 ) ) ;
#3896 = CARTESIAN_POINT ( 'NONE',  ( 21.99999999976579446, -21.99999999999984723, 7.700214825490103721E-05 ) ) ;
#3897 = FILL_AREA_STYLE ('',( #237 ) ) ;
#3898 = ORIENTED_EDGE ( 'NONE', *, *, #3344, .F. ) ;
#3899 = ORIENTED_EDGE ( 'NONE', *, *, #2157, .T. ) ;
#3900 = CARTESIAN_POINT ( 'NONE',  ( -2.873135757089963327E-13, 40.99999999999990763, 0.000000000000000000 ) ) ;
#3901 = CARTESIAN_POINT ( 'NONE',  ( 22.68922268503989059, 0.2668423703832430993, -14.49848694648595782 ) ) ;
#3902 = EDGE_CURVE ( 'NONE', #3394, #2470, #2699, .T. ) ;
#3903 = CYLINDRICAL_SURFACE ( 'NONE', #1542, 3.000000000000000444 ) ;
#3904 = CARTESIAN_POINT ( 'NONE',  ( -21.95872972260261591, -4.533445244306649968, 10.60658172172650637 ) ) ;
#3905 = ORIENTED_EDGE ( 'NONE', *, *, #1912, .T. ) ;
#3906 = DIRECTION ( 'NONE',  ( 0.000000000000000000, 0.000000000000000000, 1.000000000000000000 ) ) ;
#3907 = DIRECTION ( 'NONE',  ( 6.938893903915479074E-15, -1.000000000000000000, -6.018531076270031416E-36 ) ) ;
#3908 = CARTESIAN_POINT ( 'NONE',  ( 13.34514511397072312, 0.5068756551694471035, 24.21680174066247915 ) ) ;
#3909 = EDGE_CURVE ( 'NONE', #136, #1316, #3259, .T. ) ;
#3910 = CARTESIAN_POINT ( 'NONE',  ( -24.08895938720766239, -0.4893136028814087379, 9.460818245984972563 ) ) ;
#3911 = DIRECTION ( 'NONE',  ( -1.000000000000000000, -6.906973953740270756E-15, 0.000000000000000000 ) ) ;
#3912 = CARTESIAN_POINT ( 'NONE',  ( -19.64700388812276444, -2.464972009135342084E-13, 16.16039276128172730 ) ) ;
#3913 = CARTESIAN_POINT ( 'NONE',  ( -26.83745686132192887, -2.476983398513638690, -6.721861053828493304 ) ) ;
#3914 = EDGE_LOOP ( 'NONE', ( #3089, #517 ) ) ;
#3915 = PRESENTATION_STYLE_ASSIGNMENT (( #2354 ) ) ;
#3916 = ORIENTED_EDGE ( 'NONE', *, *, #3797, .F. ) ;
#3917 = VERTEX_POINT ( 'NONE', #2650 ) ;
#3918 = AXIS2_PLACEMENT_3D ( 'NONE', #265, #2472, #1223 ) ;
#3919 = DIRECTION ( 'NONE',  ( -6.938893903915479074E-15, 1.000000000000000000, -0.000000000000000000 ) ) ;
#3920 = CARTESIAN_POINT ( 'NONE',  ( 29.54054431857366936, 2.057188549797722921, -4.999600570434522773 ) ) ;
#3921 = NEXT_ASSEMBLY_USAGE_OCCURRENCE ( 'NAUO1', ' ', ' ', #3164, #3406, $ ) ;
#3922 = NEXT_ASSEMBLY_USAGE_OCCURRENCE ( 'NAUO2', ' ', ' ', #3164, #2525, $ ) ;
ENDSEC;
END-ISO-10303-21;
